,id,title,latitude,longitude,address,address2,city,state,zip,country,phone,email,url,join_online_url,facebook_url,facebook_handle,instagram_url,instagram_handle
0,696,Albuquerque Atrisco,35.084341,-35.084341,4208A Central Ave SW,,Albuquerque,NM,87105,US,505.658.8160,manager@crunchabqatrisco.com,abq-atrisco,,https://www.facebook.com/CrunchAlbuquerqueAtrisco,@CrunchAlbuquerqueAtrisco,https://www.instagram.com/CrunchABQAtrisco,@CrunchABQAtrisco
1,129,Silverdale,47.65706,-122.67832,9577 Ridgetop Blvd NW,,Silverdale,WA,98383,US,360.698.6000,info@crunchsilverdale.com,silverdale,,http://www.Facebook.com/CrunchSilverdale,CrunchSilverdale,https://www.instagram.com/crunchsilverdale/,@CrunchSilverdale
2,526,Burlington,44.44276,-73.20987,937 Shelburne Road,,South Burlington,VT,05403,US,802.735.0064,manager@crunchburlington.com,burlington,,https://www.facebook.com/crunchburlington,@CrunchBurlington,https://www.instagram.com/crunchburlington,@CrunchBurlington
3,623,Tacoma,47.25704,-122.50898,5401 6th Avenue,Suite 401,Tacoma,WA,98406,US,253.534.8196,info@crunchtacoma.com,tacoma,,https://www.facebook.com/CrunchTacoma,@CrunchTacoma,https://www.instagram.com/CrunchTacoma,@CrunchTacoma
4,178,Lakewood WA,47.16547569999999,-122.51902519999999,6111 Lakewood Towne Center Blvd SW,,Lakewood,WA,98499,US,253.240.3240,info@crunchlakewoodwa.com,lakewood-wa,,https://www.facebook.com/CrunchLakewoodWA,CrunchLakewoodWA,,
5,530,Haverhill,42.7706,-71.07507,3 Ferry St,,Haverhill,MA,01835,US,978.241.6305,manager@crunchhaverhill.com,haverhill,,https://www.facebook.com/crunchhaverhill,@CrunchHaverhill,https://www.instagram.com/crunchhaverhill,@CrunchHaverhill
6,531,Danvers,42.584759,-70.964691,301 Newbury Street,,Danvers,MA,01923,US,978.624.4910,manager@crunchdanvers.com,danvers,,https://www.facebook.com/crunchdanvers,@CrunchDanvers,https://www.instagram.com/crunchdanvers,@CrunchDanvers
7,430,Lynn,42.46207,-70.95068,43 State Street,,Lynn,MA,01910,US,781.715.0202,manager@crunchlynn.com,lynn,,https://www.facebook.com/CrunchLynn,CrunchLynn,https://www.instagram.com/CrunchLynn,CrunchLynn
8,436,Malden,42.42524,-71.042168,56 Broadway,,Malden,MA,02148,US,781.874.9904,manager@crunchmalden.com,malden,,https://www.facebook.com/CrunchMalden,CrunchMalden,https://www.instagram.com/CrunchMalden,CrunchMalden
9,621,Allston,42.34852,-71.13265,15 Gorham St,,Allston,MA,02134,US,617.731.4177,manager@crunchallston.com,allston,,https://facebook.com/crunchallston,@CrunchAllston,https://www.instagram.com/crunchallston/,@CrunchAllston
10,247,Fitchburg,42.580081,-71.793183,130 Water Street,,Fitchburg,MA,01420,US,978.345.0000,manager@crunchfitchburg.com,fitchburg,,http://www.Facebook.com/CrunchFitchburg,CrunchFitchburg,https://www.instagram.com/crunchfitchburg/,CrunchFitchburg
11,622,Dorchester,42.28304,-71.05504,540 Gallivan Blvd,,Boston,MA,02124,US,617.265.1733,manager@crunchdorchester.com,dorchester,,https://facebook.com/crunchdorchester,@CrunchDorchester,https://www.instagram.com/crunchdorchester/,@CrunchDorchester
12,116,Roslindale,42.2757,-71.11441,950 American Legion Hwy,,Roslindale,MA,02131,US,617.327.1212,manager@crunchroslindale.com,roslindale,,http://www.Facebook.com/CrunchRoslindale,CrunchRoslindale,https://www.instagram.com/crunchroslindale/?hl=en,@CrunchRoslindale
13,324,Braintree,42.19124,-70.98731,294 Grove Street,,Braintree,MA,02184,US,781.818.4171,manager@crunchbraintree.com,braintree,,https://www.facebook.com/CrunchBraintree/,@CrunchBraintree,https://www.instagram.com/crunchbraintree,@CrunchBraintree
14,249,Hudson,42.380302,-71.568996,205 Washington Street,,Hudson,MA,01749,US,978.293.3633,manager@crunchhudson.com,hudson,,http://www.Facebook.com/CrunchHudsonMA,CrunchHudsonMA,https://www.instagram.com/crunchhudsonma,CrunchHudsonma
15,379,Brockton,42.07459,-71.0437,85 Torrey Street,,Brockton,MA,02301,US,508.203.1884,info@crunchbrockton.com,brockton,,https://www.facebook.com/CrunchBrockton,CrunchBrockton,https://www.instagram.com/crunchbrockton/,@crunchbrockton
16,245,Gold Star Blvd - Worcester,42.287952,-71.802717,40 Millbrook Street,,Worcester,MA,01606,US,508.757.3900,manager@crunchworcester.com,worcester,,http://www.Facebook.com/CrunchWorcester,CrunchWorcester,https://www.instagram.com/crunchworcester/,CrunchWorcester
17,368,Worcester East,42.24738,-71.76093,877 Grafton St,,Worcester,MA,01604,US,774.312.6228,manager@crunchworcestereast.com,worcestereast,,https://www.facebook.com/crunchworcestereast,crunchworcestereast,https://www.instagram.com/crunchworcestereast,crunchworcestereast
18,183,Vancouver Plaza,45.648807,-122.595595,7701 NE Vancouver Plaza,,Vancouver,WA,98662,US,503.227.8624,VancouverPlaza@CrunchOR-WA.com,vancouver-plaza,,https://www.facebook.com/CrunchVancouverPlaza,@CrunchVancouverPlaza,,
19,173,Aloha,45.48188,-122.86017,17810 SW Kinnaman Road,,Aloha,OR,97078,US,503.227.8624,info@crunchaloha.com,aloha,,http://www.Facebook.com/CrunchAloha,CrunchAloha,https://www.instagram.com/crunchaloha,@CrunchAloha
20,492,Swansea,41.75556,-71.21853,262 Swansea Mall Drive,,Swansea,MA,02777,US,774.955.5361,info@crunchswansea.com,swansea,,https://www.facebook.com/CrunchSwansea/,@CrunchSwansea,https://www.instagram.com/crunchswansea,@CrunchSwansea
21,310,Schenectady,42.785155,-73.94455,1400 Altamont Avenue,,Schenectady,NY,12303,US,518.250.9993,manager@crunchschenectady.com,schenectady,,https://www.facebook.com/CrunchSchenectady/,CrunchSchenectady,https://www.instagram.com/CrunchSchenectady,CrunchSchenectady
22,9,Beaverton,45.4565,-122.78626,8585 SW Cascade Ave,,Beaverton,OR,97008,US,503.227.8624,info@crunchbeaverton.com,beaverton,,http://www.Facebook.com/CrunchBeaverton,CrunchBeaverton,https://www.instagram.com/crunchbeaverton/,@CrunchBeaverton
23,36,Division,45.5041,-122.53863,12112 SE Division St,,Portland,OR,97236,US,503.227.8624,info@crunchdivision.com,division,,http://www.Facebook.com/CrunchDivision,CrunchDivision,https://www.instagram.com/crunchdivision/,@CrunchDivision
24,275,Fall River,41.671733,-71.161143,450 William S Canning Blvd,,Fall River,MA,02721,US,508.281.1264,manager@crunchfallriver.com,fall-river,,https://www.facebook.com/CrunchFallRiver,CrunchFallRiver,https://www.instagram.com/crunchfallriver/,@CrunchFallRiver
25,525,"Springfield, MA",42.08003,-72.52723,433 N. Main Street,,East Longmeadow,MA,01028,US,413.264.5447,manager@crunchspringfieldma.com,springfield-ma,,https://www.facebook.com/crunchspringfieldma,@Crunchspringfieldma,https://www.instagram.com/crunchspringfieldma,@CrunchEastspringfieldma
26,554,Cicero,43.14806,-76.116119,5863 East Circle Drive,,Cicero,NY,13039,US,315.458.7100,manager@crunchcicerony.com,cicero,,https://www.facebook.com/CrunchCicero/,CrunchCicero,https://www.instagram.com/crunchcicero,@crunchcicero
27,343,Dewitt,43.049598,-76.124815,3179 Erie Blvd East,,Syracuse,NY,13214,US,315.449.0626,manager@crunchdewitt.com,dewitt,,https://www.facebook.com/CrunchDewitt,CrunchDewitt,https://www.instagram.com/Crunch.Dewitt,Crunch.Dewitt
28,555,Fairmount,43.049795,-76.231641,3440 West Genesee St,,Syracuse,NY,13219,US,315.484.1000,manager@crunchfairmountny.com,fairmount,,https://www.facebook.com/CrunchFairmount/,CrunchFairmount,https://www.instagram.com/crunchfairmount/,@crunchfairmount
29,507,Fargo,46.8632,-96.86382,4603 13th Ave S,,Fargo,ND,58102,US,701.997.6299,info@crunchfargo.com,fargo,,https://www.facebook.com/CrunchFargo/,CrunchFargo,https://instagram.com/crunchfargo,@crunchfargo
30,109,Poughkeepsie,41.64372,-73.92484,2 Neptune Rd,,Poughkeepsie,NY,12601,US,845.462.2200,manager@crunchpoughkeepsie.com,poughkeepsie,,http://www.Facebook.com/CrunchPoughkeepsie,CrunchPoughkeepsie,https://www.instagram.com/crunchpoughkeepsie/,@CrunchPoughkeepsie
31,539,Ithaca,42.42932,-76.51309,131 Fairgrounds Memorial Pkwy,,Ithaca,NY,14850,US,607.645.4120,manager@crunchithaca.com,ithaca,,https://www.facebook.com/crunchIthaca,@CrunchIthaca,https://instagram.com/CrunchIthaca,@CrunchIthaca
32,201,Niagara Falls,43.102922,-78.97741,2429 Military Rd,,Niagara Falls,NY,14304,US,716.297.5107,manager@crunchniagara.com,niagara-falls,,https://www.facebook.com/CrunchNiagaraFalls/,CrunchNiagaraFalls,https://www.instagram.com/crunchniagarafalls,@CrunchNiagaraFalls
33,576,Eugene-Springfield,44.0739,-123.04529,3000 Gateway St,,Eugene-Springfield,OR,97477,US,458.275.0399,info@cruncheugene.com,eugene,,https://www.facebook.com/cruncheugene,@CrunchEugene,https://instagram.com/cruncheugene,@CrunchEugene
34,199,Tonawanda,42.999685,-78.858966,1000 Young Street,,Tonawanda,NY,14150,US,716.693.4141,manager@crunchtonawanda.com,tonawanda,,https://www.facebook.com/CrunchTonawanda,CrunchTonawanda,https://www.instagram.com/crunchtonawanda,@CrunchTonawanda
35,3,Amherst,42.98011,-78.80933,3366 Sheridan Dr,,Amherst,NY,14226,US,716.836.3200,manager@crunchamherst.com,amherst,,http://www.Facebook.com/CrunchAmherst,CrunchAmherst,https://www.instagram.com/crunchamherst/,@CrunchAmherst
36,203,Cheektowaga,42.916214,-78.737339,540 Dick Road,,Cheektowaga,NY,14043,US,716.681.7535,manager@crunchcheektowaga.com,cheektowaga,,https://www.facebook.com/CrunchCheektowaga/,CrunchCheektowaga,https://www.instagram.com/crunchcheektowaga,@CrunchCheektowaga
37,270,Middletown,41.451007,-74.382012,109 Dunning Road,,Middletown,NY,10940,US,845.243.6969,manager@crunchmiddletown.com,middletown,,http://www.Facebook.com/CrunchMiddletown,CrunchMiddletown,https://www.instagram.com/crunchmiddletown,@CrunchMiddletown
38,94,Norwalk,41.09362,-73.4524,770 Connecticut Ave,,Norwalk,CT,06854,US,203.939.1623,manager@crunchnorwalk.com,norwalk,,http://www.Facebook.com/CrunchNorwalk,CrunchNorwalk,https://www.instagram.com/crunchfitnessnorwalk/,@CrunchFitnessNorwalk
39,315,Lake Grove,40.861644,-73.124116,3174 Middle Country Road,,Lake Grove,NY,11755,US,631.246.4562,info@crunchlakegrove.com,lake-grove,,https://www.facebook.com/CrunchLakeGrove,CrunchLakeGrove,https://www.instagram.com/Crunch_LakeGrove,Crunch_LakeGrove
40,553,New City,41.15439,-73.9873,180 North Main Street,,New City,NY,10956,US,845.999.3312,manager@crunchnewcity.com,new-city,,https://www.facebook.com/CrunchNewCity/,CrunchNewCity,https://www.instagram.com/crunchnewcity,@crunchnewcity
41,200,Hamburg,42.752305,-78.858723,4950 Camp Rd,,Hamburg,NY,14075,US,716.646.4141,manager@crunchhamburg.com,hamburg,,https://www.facebook.com/CrunchHamburg,CrunchHamburg,https://www.instagram.com/crunchhamburg,@CrunchHamburg
42,384,Hauppauge,40.81636,-73.19357,1225 Veterans Memorial Highway,,Hauppauge,NY,11788,US,631.406.6159,Manager@crunchhauppauge.com,hauppauge,,https://www.facebook.com/CrunchHauppauge/,CrunchHauppauge,https://www.instagram.com/Crunch.Hauppauge/,Crunch.Hauppauge
43,604,St. Cloud,45.55508,-94.20967,4101 West Division Street,,St Cloud,MN,56301,US,320.433.3899,info@crunchstcloud.com,st-cloud,,https://www.facebook.com/crunchstcloud,@CrunchStCloud,https://instagram.com/crunchstcloud,@CrunchStCloud
44,157,West Babylon,40.70248,-73.34205,369 Little East Neck Rd,,West Babylon,NY,11704,US,631.620.3990,manager@crunchwestbabylon.com,west-babylon,,http://www.Facebook.com/CrunchWestBabylon,CrunchWestBabylon,https://www.instagram.com/crunch_westbabylon/,@Crunch_WestBabylon
45,102,Paramus,40.9619,-74.07132,600 Winters Ave,,Paramus,NJ,07652,US,201.634.0400,manager@crunchparamus.com,paramus,,https://www.Facebook.com/CrunchParamus,CrunchParamus,https://www.instagram.com/crunch_paramus/,@Crunch_Paramus
46,212,Midland Park,40.984447,-74.139272,85 Godwin Ave,,Midland Park,NJ,07432,US,201.444.4041,manager@crunchmidlandpark.com,midland-park,,https://www.facebook.com/CrunchMidlandPark,MidlandPark,,
47,95,Norwood,40.87281,-73.87463,3170 Webster Ave,,Bronx,NY,10467,US,718.515.0110,manager@crunchnorwood.com,norwood,,http://www.Facebook.com/CrunchNorwood,CrunchNorwood,https://www.instagram.com/crunchnorwood/,@CrunchNorwood
48,416,East Meadow,40.72517,-73.5427,2501 Hempstead Turnpike,,East Meadow,NY,11554,US,516.495.4430,info@cruncheastmeadow.com,east-meadow,,https://www.facebook.com/CrunchEastMeadow/,CrunchEastMeadow,https://www.instagram.com/CrunchEastMeadow,CrunchEastMeadow
49,694,Inwood,40.864021,-73.917311,401 W. 207th St,,New York,NY,10034,US,212.567.5890,info@crunchinwood.com,inwood,,http://www.Facebook.com/CrunchInwood,CrunchInwood,https://www.instagram.com/crunchinwood/,@CrunchInwood
50,339,Amityville,40.671481,-73.418509,104 Merrick Road,,Amityville,NY,11701,US,631.608.9015,manager@crunchamityville.com,amityville,,https://www.facebook.com/CrunchAmityville,CrunchAmityville,https://www.instagram.com/Crunch_Amityville,Crunch_Amityville
51,11,Bellmore,40.6685,-73.53101,2212 Centre Ave,,Bellmore,NY,11710,US,516.221.4000,manager@crunchbellmore.com,bellmore,,http://www.Facebook.com/CrunchBellmore,CrunchBellmore,https://www.instagram.com/crunch_bellmore/,@Crunch_Bellmore
52,294,Clifton,40.87152,-74.15497,895 Paulison Avenue,,Clifton,NJ,07011,US,973.553.9470,info@crunchclifton.com,clifton,,https://www.facebook.com/CrunchClifton/,CrunchClifton,https://www.instagram.com/CrunchClifton/,CrunchClifton
53,127,Scranton,41.40791,-75.66792,300 Lackawanna Ave,,Scranton,PA,18503,US,570.955.0881,manager@crunchscranton.com,scranton,,http://www.Facebook.com/CrunchScranton,CrunchScranton,https://www.instagram.com/crunchscranton/,@CrunchScranton
54,89,North Bergen,40.80427,-74.01208,2819 Kennedy Blvd,,North Bergen,NJ,07047,US,201.863.7000,manager@crunchnorthbergen.com,north-bergen,,http://www.Facebook.com/CrunchNorthBergen,CrunchNorthBergen,https://www.instagram.com/crunchnorthbergen/,@CrunchNorthBergen
55,152,W 83rd St,40.78535,-73.97575,162 W 83rd St,,New York,NY,10024,US,212.875.1902,83rdstreetmanager@crunch.com,w-83rd-st,,https://www.facebook.com/Crunch83rd,@Crunch83rdSt,https://www.instagram.com/crunch83rd,@Crunch83rd
56,40,E 81st St,40.77601,-73.95642,1438 3rd Ave,,New York,NY,10028,US,212.879.6013,81ststreetmanager@crunch.com,e-81st-st,,http://www.Facebook.com/Crunch81stSt/,@Crunch81stSt,https://www.instagram.com/crunch81st/,@Crunch81st
57,39,E 66th St,40.76612,-73.96502,1131 Third Ave,,New York,NY,10065,US,646.747.1810,66thstreetmanager@crunch.com,e-66th-st,,http://www.facebook.com/Crunch66thst/,@Crunch66thSt,https://www.instagram.com/crunch66th/,@Crunch66th
58,38,E 59th St,40.76037,-73.96474,1109 2nd Ave,,New York,NY,10022,US,212.758.3434,59thstreetmanager@crunch.com,e-59th-st,,https://www.facebook.com/Crunch59th/,@Crunch59thSt,https://www.instagram.com/crunch59th/,@Crunch59th
59,151,W 54th St,40.76446,-73.98349,250A W 54th St,,New York,NY,10019,US,212.307.7760,54thstreetmanager@crunch.com,w-54th-st,,https://www.facebook.com/Crunch54th,@Crunch54thSt,https://www.instagram.com/crunch54th,@Crunch54th
60,373,Midtown East,40.7551,-73.9732,511 Lexington Ave,,New York,NY,10017,US,212.448.7330,midtowneastmanagers@crunch.com,midtown-east,,https://www.facebook.com/CrunchMidtownEast/,@CrunchMidtownEast,https://www.instagram.com/crunchmidtowneast,@CrunchMidtownEast
61,342,Rochdale,40.6798,-73.77473,166-10 Baisley Boulevard,Floor 2,Jamaica,NY,11434,US,718.413.4785,manager@crunchrochdale.com,rochdale,,https://www.facebook.com/crunchrochdale,CrunchRochdale,https://www.instagram.com/crunchrochdale,CrunchRochdale
62,113,Richmond Hill,40.69871,-73.834,115-02 Jamaica Ave,,Queens,NY,11418,US,646.780.2050,manager@crunchrichmondhill.com,richmond-hill,,http://www.Facebook.com/CrunchRichmondHill,CrunchRichmondHill,https://www.instagram.com/crunchrichmondhill,@CrunchRichmondHill
63,150,W 38th St,40.75329,-73.98826,1385 Broadway,,New York,NY,10018,US,212.869.7788,38thstreetmanager@crunch.com,w-38th-st,,https://www.facebook.com/Crunch38th,@Crunch38thSt,https://www.instagram.com/crunch38th,@Crunch38th
64,37,E 34th St,40.74494,-73.977,222 E 34th St,,New York,NY,10016,US,212.545.9757,34thstreetmanager@crunch.com,e-34th-st,,https://www.facebook.com/Crunch34th,@Crunch34thSt,https://www.instagram.com/crunch34th/,@Crunch34th
65,628,Green Bay,44.52304,-88.0625,1535 W. Mason Street,,Green Bay,WI,54303,US,920.416.7922,manager@CrunchGreenBay.com,green-bay,,https://facebook.com/crunchgreenbay,@CrunchGreenBay,https://www.instagram.com/crunchgreenbay/,@CrunchGreenBay
66,399,Verona,40.83454,-74.2268,309 Pompton Ave,,Verona,NJ,07044,US,973.857.2500,manager@crunchverona.com,verona,,https://facebook.com/CrunchVerona/,CrunchVerona,https://instagram.com/CrunchVerona/,CrunchVerona
67,57,Greenpoint,40.72841,-73.9539,825 Manhattan Ave,,Brooklyn,NY,11222,US,718.732.8222,manager@crunchgreenpoint.com,greenpoint,,http://www.Facebook.com/CrunchGreenpoint,CrunchGreenpoint,https://www.instagram.com/crunchgreenpoint,@CrunchGreenpoint
68,148,Chelsea,40.742,-73.99835,220 W 19th St,,New York,NY,10011,US,212.370.0998,Chelseamanager@crunch.com,chelsea,,https://www.facebook.com/CrunchChelseaNYC,@CrunchChelseaNYC,https://www.instagram.com/crunchChelseaNYC,@CrunchChelseaNYC
69,144,Union Square,40.7328,-73.98983,113 4th Ave,,New York,NY,10003,US,212.533.0001,unionsquaremanager@crunch.com,union-square,,http://www.Facebook.com/CrunchUnionSquare/,@CrunchUnionSquare,https://www.instagram.com/crunchunionsquare,@CrunchUnionSquare
70,16,Bowery,40.72741,-73.9918,2 Cooper Sq,,New York,NY,10003,US,212.614.0120,bowerymanager@crunch.com,bowery,,http://www.Facebook.com/CrunchBowery/,@CrunchBowery,https://www.instagram.com/crunchbowery,@CrunchBowery
71,352,Parsippany,40.85829,-74.34791,790 US-46,,Parsippany,NJ,07054,US,973.794.3652,manager@crunchparsippany.com,parsippany,,,,,
72,64,Hoboken,40.73739,-74.02765,113 River Street,,Hoboken,NJ,07030,US,201.656.9989,hobokenmanager@crunch.com,hoboken,,http://www.Facebook.com/CrunchHoboken/,@CrunchHoboken,https://www.instagram.com/crunchhoboken/,@CrunchHoboken
73,142,Tribeca,40.71719,-74.00511,80 Leonard St,,New York,NY,10013,US,212.966.5432,tribecamanager@crunch.com,tribeca,,http://www.Facebook.com/CrunchTribeca/,@CrunchTribeca,https://www.instagram.com/crunchtribeca,@CrunchTribeca
74,243,FiDi,40.7086108,-74.010121321,140 Broadway,,New York,NY,10005,US,212.308.5824,fidimanager@crunch.com,fidi,,https://www.facebook.com/CrunchFiDi,@CrunchFiDi,https://www.instagram.com/crunchfidi/,@CrunchFidi
75,53,Ft Greene,40.68771,-73.97793,691 Fulton St,,Brooklyn,NY,11217,US,718.797.9464,ftgreenemanager@crunch.com,ft-greene,,http://www.Facebook.com/CrunchFtGreene/,@CrunchFtGreene,https://www.instagram.com/crunchftgreene/,@CrunchFtGreene
76,385,Blaine,45.196049,-93.231567,12420 Aberdeen St NE,,Blaine,MN,55449,US,763.373.3773,info@crunchblaine.com,blaine,,https://www.facebook.com/CrunchBlaine/,CrunchBlaine,https://www.instagram.com/crunchblaine/,@crunchblaine
77,32,Crown Heights,40.66324,-73.93297,842 Lefferts Ave,,Brooklyn,NY,11203,US,718.369.1007,manager@crunchcrownheights.com,crown-heights,,http://www.Facebook.com/CrunchCrownHeights,CrunchCrownHeights,https://www.instagram.com/crunchcrownheights/,@CrunchCrownHeights
78,104,Park Slope,40.6769,-73.97244,314 Flatbush Ave,,Brooklyn,NY,11238,US,718.783.5152,parkslopemanager@crunch.com,park-slope,,https://www.instagram.com/crunchgym/,https://www.facebook.com/CrunchParkSlope,https://www.instagram.com/crunchparkslope/,@CrunchParkSlope
79,214,South Slope,40.6655929,-73.98891559999998,555 5th Avenue,,Brooklyn,NY,11215,US,718.707.9400,southslopemanager@crunch.com,south-slope,,https://www.facebook.com/CrunchSouthSlope,@CrunchSouthSlope,https://www.instagram.com/crunchsouthslope,@CrunchSouthSlope
80,544,Livingston,40.79666,-74.35371,585 W Mt Pleasant Ave,,Livingston,NJ,07039,US,973.577.3152,manager@crunchlivingston.com,livingston,,https://www.facebook.com/CrunchLivingston,@CrunchLivingston,https://instagram.com/CrunchLivingston,@CrunchLivingston
81,49,Flatbush,40.64574,-73.95825,1038 Flatbush Ave,,Brooklyn,NY,11226,US,718.218.4618,manager@crunchflatbush.com,flatbush,,https://www.facebook.com/CrunchFlatbush,CrunchFlatbush,https://www.instagram.com/CrunchFlatbush,CrunchFlatbush
82,133,Stanhope,40.90915,-74.71197,110 State Route 183 South,,Stanhope,NJ,07874,US,973.691.6900,manager@crunchstanhope.com,stanhope,,http://www.Facebook.com/CrunchStanhope,CrunchStanhope,https://www.instagram.com/crunchstanhope/,@CrunchStanhope
83,361,Morristown,40.797699,-74.50119,118 Headquarters Plaza,,Morristown,NJ,07960,US,973.644.9590,info@crunchmorristown.com,morristown,,http://www.Facebook.com/CrunchMorristown,CrunchMorristown,,
84,134,Staten Island,40.63351,-74.07586,364 Bay St,,Staten Island,NY,10301,US,718.816.7800,manager@crunchstatenisland.com,staten-island,,http://www.Facebook.com/CrunchStatenIsland,CrunchStatenIsland,https://www.instagram.com/CrunchStatenIsland,@CrunchStatenIsland
85,438,Maple Grove,45.136231,-93.477508,15500 Grove Circle N,,Maple Grove,MN,55369,US,763.453.3976,info@crunchmaplegrove.com,maple-grove,,https://www.facebook.com/CrunchMapleGrove,@CrunchMapleGrove,https://www.instagram.com/crunchmaplegrove,@CrunchMapleGrove
86,495,Springfield,40.710315,-74.310955,215 Morris Avenue,,Springfield,NJ,07081,US,908.443.7039,info@crunchspringfield.com,springfield,,https://www.facebook.com/CrunchSpringfield/,CrunchSpringfield,https://www.instagram.com/CrunchSpringfield/,@CrunchSpringfield
87,401,Bensonhurst,40.593102,-73.997528,1736 Shore Parkway,,Brooklyn,NY,11214,US,929.459.2112,manager@crunchbensonhurst.com,bensonhurst,,https://www.facebook.com/CrunchBensonhurst,@CrunchBensonhurst,https://www.instagram.com/CrunchBensonhurst,@CrunchBensonhurst
88,505,Wilkes Barre,41.2467,-75.84814,101 Wyoming Valley Mall,#900,Wilkes Barre,PA,18702,US,570.931.8800,info@crunchwilkesbarre.com,wilkes-barre,,https://www.facebook.com/CrunchWilkesBarre,@CrunchWilkesBarre,https://www.instagram.com/CrunchWilkesBarre,@CrunchWilkesBarre
89,54,Garwood,40.65224,-74.32307,300 South Ave,,Garwood,NJ,07027,US,908.789.0900,manager@crunchgarwood.com,garwood,,http://www.Facebook.com/CrunchGarwood,CrunchGarwood,https://www.instagram.com/crunchgarwood/,@CrunchGarwood
90,552,Hackettstown,40.82743,-74.83287,2045 NJ-57,,Hackettstown,NJ,07840,US,908.852.4141,manager@crunchhackettstown.com,hackettstown,,,,https://www.instagram.com/crunchhackettstown/,@crunchhackettstown
91,396,Staten Island South,40.58633,-74.19388,300 West Service Road,,Staten Island,NY,10314,US,347.861.7333,manager@crunchsisouth.com,si-south,,https://www.facebook.com/CrunchStatenIslandSouth,CrunchStatenIslandSouth,https://www.facebook.com/CrunchSISouth,@CrunchSISouth
92,160,Woodbridge,40.56654,-74.28781,789 St Georges Ave,,Woodbridge,NJ,07095,US,732.510.1400,manager@crunchwoodbridge.com,woodbridge,,http://www.Facebook.com/CrunchWoodbridge,CrunchWoodbridge,,
93,276,Green Brook,40.588098,-74.507967,17 King George Rd,,Green Brook,NJ,08812,US,732.356.6900,info@crunchgreenbrook.com,greenbrook,,https://www.facebook.com/CrunchGreenBrook,CrunchGreenBrook,https://www.instagram.com/CrunchGreenBrook,CrunchGreenBrook
94,5,Appleton,44.23972,-88.3607,2500 South Kensington Dr,,Appleton,WI,54915,US,920.750.6199,manager@crunchappleton.com,appleton,,http://www.Facebook.com/CrunchAppleton,CrunchAppleton,,
95,131,Somerset,40.51328,-74.48639,960 Easton Ave,,Somerset,NJ,08873,US,732.325.0203,manager@crunchsomerset.com,somerset,,https://www.facebook.com/CrunchSomerset,CrunchSomerset,https://www.instagram.com/crunch.somerset/,@Crunch.Somerset
96,78,Marlboro,40.38348,-74.21349,34 Route 9,,Morganville,NJ,07751,US,732.970.1007,info@crunchmarlboro.com,marlboro,,https://www.facebook.com/CrunchMarlboro,CrunchMarlboro,,
97,646,Tinton Falls,40.312179,-74.067041,980 Shrewsbury Ave,,Tinton Falls,NJ,07724,US,732.389.8500,manager@crunchtintonfalls.com,tinton-falls,,https://facebook.com/crunchtintonfalls,@CrunchTintonFalls,https://www.instagram.com/crunchtintonfalls/,@CrunchTintonFalls
98,374,East Brunswick,40.431,-74.38838,645 Route 18,,East Brunswick,NJ,08816,US,973.671.1798,manager@cruncheastbrunswick.com,east-brunswick,,,,https://www.instagram.com/cruncheastbrunswick/,cruncheastbrunswick
99,90,North Brunswick,40.43762,-74.50863,2421 US 1,,North Brunswick,NJ,08902,US,732.839.0606,manager@crunchnorthbrunswick.com,north-brunswick,,http://www.Facebook.com/CrunchNorthBrunswick,CrunchNorthBrunswick,https://www.instagram.com/crunch_nb/,@Crunch_NB
100,645,Ocean Township,40.227242,-74.043358,"2345 State Route 66, Seaview Square Mall",,Ocean Township,NJ,07712,US,732.695.0663,manager@crunchoceantownship.com,ocean-township,,https://facebook.com/crunchoceantownship,@CrunchOceanTownship,https://www.instagram.com/crunchoceantownship/,@CrunchOceanTownship
101,648,South Marlboro,40.303674,-74.251083,79 S Main St,,Marlboro,NJ,07746,US,732.298.6300,manager@CrunchSouthMarlboro.com,south-marlboro,,https://facebook.com/crunchsouthmarlboro,@CrunchSouthMarlboro,https://www.instagram.com/crunchsouthmarlboro/,@CrunchSouthMarlboro
102,644,Wall Township,40.16534,-74.049316,1825 NJ-35,,Wall Township,NJ,07719,US,732.749.8400,manager@crunchwalltownship.com,wall-township,,,,,
103,647,Freehold,40.2467,-74.279877,3681 US-9,,Freehold,NJ,07728,US,732.683.1313,manager@CrunchFreehold.com,freehold,,https://facebook.com/crunchfreehold,@CrunchFreehold,https://www.instagram.com/crunchfreehold/,@CrunchFreehold
104,588,Erie,42.10117,-80.10457,1520 W 26th Street,,Erie,PA,16508,US,814.840.1300,info@cruncherie.com,erie,,https://www.facebook.com/crunchcerie,CrunchEriePA,https://instagram.com/crunch.erie,Crunch.Erie
105,377,East Windsor,40.25653,-74.55009,761 NJ-33,,East Windsor,NJ,08520,US,609.371.7111,manager@cruncheastwindsor.com,east-windsor,,https://www.facebook.com/cruncheastwindsor,@CrunchEastWindsor,https://instagram.com/crunch_eastwindsor,@Crunch_EastWindsor
106,141,Toms River,39.98138,-74.13995,1001 Fischer Blvd,,Toms River,NJ,08753,US,732.831.4617,manager@crunchtomsriver.com,toms-river,,http://www.Facebook.com/CrunchTomsRiver,CrunchTomsRiver,,
107,59,Hamilton,40.19222,-74.7201,2465 S Broad St,,Hamilton,NJ,08610,US,609.888.2400,manager@crunchhamilton.com,hamilton,,https://www.facebook.com/CrunchHamilton,CrunchHamiton,https://www.instagram.com/crunch.hamilton/,@Crunch.Hamilton
108,48,Fairless Hills,40.18759,-74.86726,110 Commerce Blvd,,Fairless Hills,PA,19030,US,215.809.1600,manager@crunchfairlesshills.com,fairless-hills,,http://www.Facebook.com/CrunchFairlessHills,CrunchFairlessHills,https://www.instagram.com/crunch_fairlesshills/,@Crunch_FairlessHills
109,354,Clinton Township,42.604977,-82.954797,41601 Garfield Road,,Clinton Township,MI,48038,US,586.701.2650,manager@crunchclintontownship.com,clinton-township,,https://www.facebook.com/CrunchClintonTownship/,CrunchClintonTownship,,
110,314,Waterford,42.69349,-83.3881,4998 Dixie Hwy,Suite 100,Waterford,MI,48329,US,248.742.7270,info@crunchwaterford.com,waterford,,https://www.facebook.com/CrunchWaterford/,CrunchWaterford,https://www.instagram.com/CrunchWaterford/,CrunchWaterford
111,355,Warren,42.580329,-82.987985,30750 Schoenherr Road,Suite B,Warren,MI,48088,US,586.636.6200,manager@crunchwarren.com,warren,,https://www.facebook.com/CrunchWarren/,CrunchWarren,,
112,326,Bensalem,40.0738,-74.96662,1336 Bristol Pike,,Bensalem,PA,19020,US,267.545.8259,manager@crunchbensalem.com,bensalem,,https://www.facebook.com/CrunchBensalem,CrunchBensalem,https://www.instagram.com/Crunch_Bensalem,Crunch_Bensalem
113,393,Roosevelt,40.07526,-75.03237,9173 Roosevelt Blvd,,Philadelphia,PA,19114,US,215.693.5671,manager@crunchroosevelt.com,roosevelt,,https://www.facebook.com/crunchroosevelt,crunchroosevelt,https://www.instagram.com/crunchroosevelt,crunchroosevelt
114,66,Huntingdon Valley,40.08783,-75.09256,755 Huntingdon Pike,,Huntingdon Valley,PA,19006,US,267.636.5441,manager@crunchhuntingdonvalley.com,huntingdon-valley,,https://www.facebook.com/CrunchHuntingdonValley,CrunchHuntingdonValley,https://www.instagram.com/crunch_huntingdonvalley/,@Crunch_HuntingdonValley
115,511,Pottstown,40.25472,-75.66485,223 Shoemaker Rd.,STE. 139,Pottstown,PA,19464,US,610.427.4531,manager@crunchpottstown.com,pottstown,,https://facebook.com/crunchpottstown,crunchpottstown,https://instagram.com/crunchpottstown,crunchpottstown
116,625,Norristown,40.146118,-75.39296,2739 Ridge Pike,,Norristown,PA,19403,US,484.868.9003,manager@crunchnorristown.com,norristown,,https://facebook.com/crunchNorristown,@CrunchNorristown,https://www.instagram.com/crunchnorristown/,@CrunchNorristown
117,615,Walker,43.01975,-85.68723,3130 Alpine Avenue,,Walker,MI,49544,US,616.221.5349,info@crunchwalker.com,walker,,https://www.facebook.com/CrunchWalkerMI,@CrunchWalkerMI,https://www.instagram.com/crunchwalker,@CrunchWalker
118,165,Caldwell,43.661721,-116.640669,4623 Enterprise Way,,Caldwell,ID,83605,US,208.459.0729,manager@crunchcaldwell.com,caldwell,,https://www.facebook.com/CrunchCaldwell,CrunchCaldwell,,
119,340,East Lansing,42.72403,-84.450633,2655 East Grand River Ave.,,East Lansing,MI,48823,US,517.741.0200,info@cruncheastlansing.com,east-lansing,,https://www.facebookcom/cruncheastlansing,CrunchEastLansing,,
120,285,Moorestown,39.94265,-74.959534,1349 Nixon Drive,,Moorestown,NJ,08057,US,856.581.0823,manager@crunchmoorestown.com,moorestown,,https://www.Facebook.com/CrunchMoorestown,@CrunchMoorestown,https://www.instagram.com/crunch.moorestown,@crunch.moorestown
121,166,Eagle,43.691114,-116.34297,875 E Plaza Dr,,Eagle,ID,83616,US,208.938.8410,manager@cruncheagle.com,eagle,,https://www.facebook.com/CrunchEagle,CrunchEagle,,
122,257,Farmington Hills,42.474216,-83.433832,24900 Haggerty Rd,,Farmington Hills,MI,48335,US,248.516.3177,Info@crunchfarmingtonhills.com,farmington-hills,,https://www.facebook.com/CrunchFarmingtonHills,CrunchFarmingtonHills,,
123,679,West Lansing,42.738958,-84.630848,5625 W Saginaw Highway,,Lansing,MI,48917,US,517.299.5699,manager@crunchwestlansing.com,west-lansing,,http://www.Facebook.com/CrunchWestLansing,@crunchwestlansing,https://www.instagram.com/crunchwestlansing,@crunchwestlansing
124,618,Kentwood,42.9139,-85.54681,4901 28th St SE,,Grand Rapids,MI,49512,US,616.280.4299,info@crunchkentwood.com,kentwood,,https://www.facebook.com/CrunchKentwood,@CrunchKentwood,https://www.instagram.com/CrunchKentwood,@CrunchKentwood
125,583,Medford,42.33872,-122.87181,860 Biddle Road,,Medford,OR,97504,US,541.665.8400,info@crunchmedford.com,medford,,https://www.facebook.com/crunchmedford,@CrunchMedford,https://www.instagram.com/crunchmedford.or/,@CrunchMedford.OR
126,169,Boise State Street,43.654098,-116.256793,2999 N Lakeharbor Ln,,Boise,ID,83703,US,208.853.4224,manager@crunchboisestatestreet.com,boise-state-street,,https://www.facebook.com/CrunchBoiseStateStreet,CrunchBoiseStateStreet,,
127,164,Meridian,43.619858,-116.37682,1450 E Fairview Ave,,Meridian,ID,83642,US,208.888.0060,manager@crunchmeridian.com,meridian,,https://www.facebook.com/CrunchMeridian,CrunchMeridian,,
128,167,Nampa,43.598094,-116.506343,5251 E Exchange Way,,Nampa,ID,83687,US,208.442.6378,manager@crunchnampa.com,nampa,,https://www.facebook.com/CrunchNampa,@CrunchNampa,,
129,254,Dearborn,42.330002,-83.205409,5601 Mercury Dr,,Dearborn,MI,48126,US,313.982.9711,manager@crunchdearborn.com,dearborn,,https://www.facebook.com/CrunchDearborn,CrunchDearborn,,
130,163,Boise Black Eagle,43.591468,-116.295235,1435 S Maple Grove Rd,,Boise,ID,83709,US,208.376.6558,manager@crunchboiseblackeagle.com,boise-black-eagle,,https://www.facebook.com/CrunchBoiseBlackEagle,CrunchBoiseBlackEagle,,
131,206,Westland,42.337598,-83.39553,35715 Warren Road,,Westland,MI,48185,US,734.589.8622,staff@crunchwestland.com,westland,,https://www.facebook.com/CrunchWestland/,CrunchWestland,,
132,590,State College,40.78181,-77.85279,510 Westerly Pkwy,,State College,PA,16801,US,814.954.1800,info@crunchstatecollege.com,state-college,,https://www.facebook.com/crunchstatecollege,@CrunchStateCollege,https://instagram.com/crunchstatecollege,@CrunchStateCollege
133,375,Deptford,39.82834,-75.09558,1784 Deptford Center Road,,Deptford,NJ,08096,US,856.377.0170,info@crunchdeptford.com,deptford,,https://www.facebook.com/CrunchDeptford,CrunchDeptford,https://www.instagram.com/crunchdeptford/,@crunchdeptford
134,296,Taylor,42.255546,-83.268143,21604 Ecorse Road,,Taylor,MI,48180,US,734.234.6670,info@crunchtaylor.com,taylor,,https://www.facebook.com/CrunchTaylor,@crunchtaylor,,
135,437,Southgate,42.19885,-83.19682,14265 Eureka Road,,Southgate,MI,48195,US,734.258.7366,info@crunchsouthgate.com,southgate,,https://www.facebook.com/CrunchSouthgate,CrunchSouthgate,https://www.instagram.com/CrunchSouth.gate,CrunchSouth.gate
136,330,Ypsilanti,42.241056,-83.613055,3020 Washtenaw Ave,,Ypsilanti,MI,48197,US,734.544.1317,manager@crunchypsilanti.com,ypsilanti,,https://www.facebook.com/CrunchYpsilanti/,CrunchYpsilanti,https://www.instagram.com/crunch_ypsilanti,Crunch_Ypsilanti
137,677,Brandywine,39.831825,-75.538659,5331 Brandywine Pkwy,,Wilmington,DE,19803,US,650.265.1193,manager@crunchbrandywine.com,brandywine,,https://facebook.com/crunchbrandywine,@CrunchBrandywine,https://www.instagram.com/crunchbrandywine/,@CrunchBrandywine
138,286,Harrisburg,40.279358,-76.824308,3880B Union Deposit Road,,Harrisburg,PA,17109,US,717.793.3656,manager@crunchharrisburg.com,harrisburg,,https://www.facebook.com/CrunchHarrisburg,CrunchHarrisburg,https://www.instagram.com/CrunchHarrisburg,CrunchHarrisburg
139,322,Ann Arbor,42.24722,-83.76915,2723 Oak Valley Drive,,Ann Arbor,MI,48103,US,734.214.6426,manager@crunchannarbor.com,ann-arbor,,https://www.facebook.com/CrunchAnnArbor/,@CrunchAnnArbor,https://www.instagram.com/crunch_ann_arbor/,@Crunch_Ann_Arbor
140,351,Lancaster PA,40.070469,-76.343872,870 Plaza Blvd,,Lancaster,PA,17601,US,717.824.4092,manager@crunchlancasterpa.com,lancaster-pa,,https://www.facebook.com/CrunchLancasterPA/,CrunchLancasterPA,,
141,602,Brookfield,43.08748,-88.06823,12575 W Capitol Dr,,Brookfield,WI,53005,US,262.351.0109,info@crunchbrookfield.com,brookfield,,https://www.facebook.com/CrunchBrookfield,@CrunchBrookfield,https://www.instagram.com/CrunchBrookfield,@CrunchBrookfield
142,429,Mechanicsburg,40.24126,-76.990102,5850 Carlisle Pike,,Mechanicsburg,PA,17050,US,717.620.4642,info@crunchmechanicsburg.com,mechanicsburg,,https://www.facebook.com/CrunchMechanicsburg,CrunchMechanicsburg,https://www.instagram.com/CrunchMechanicsburg,CrunchMechanicsburg
143,606,Waukesha,42.98929,-88.22522,120 E Sunset Drive,,Waukesha,WI,53189,US,262.270.1693,info@crunchwaukesha.com,waukesha,,https://www.facebook.com/CrunchWaukesha,@CrunchWaukesha,https://www.instagram.com/CrunchWaukesha,@CrunchWaukesha
144,601,Greenfield,42.9313,-87.95171,6251 S 27th Street,,Greenfield,WI,53221,US,414.786.5552,info@crunchgreenfield.com,greenfield,,https://www.facebook.com/CrunchGreenfield,@CrunchGreenfield,https://www.instagram.com/CrunchGreenfield,@CrunchGreenfield
145,631,Hales Corners,42.94794,-88.0494,5321 S 108th St,,Hales Corners,WI,53130,US,262.806.0453,info@crunchhalescorners.com,hales-corners,,https://www.facebook.com/CrunchHalesCorners,@CrunchHalesCorner,https://www.instagram.com/CrunchHalesCorners,@CrunchHalesCorners
146,563,Newark,39.683042,-75.736278,400 Grove Lane,,Newark,DE,19711,US,302.366.4061,manager@crunchnewark.com,newark,,https://www.facebook.com/crunchnewark,@CrunchNewark,https://instagram.com/Crunchnewark,@CrunchNewark
147,656,Monroe,41.951138,-83.401984,1525 Mall Road,,Monroe,MI,48162,US,734.230.2930,manager@crunchmonroe.com,monroe,,http://www.Facebook.com/CrunchMonroe,@CrunchMonroe,https://www.instagram.com/crunchmonroe,@CrunchMonroe
148,370,East York,39.97432,-76.67998,2435 E Market Street,,York,PA,17402,US,717.430.8094,manager@cruncheastyork.com,east-york,,https://www.facebook.com/CrunchEastYork,CrunchEastYork,https://www.instagram.com/CrunchEastYork,CrunchEastYork
149,162,York,39.9810346,-76.7540662,905 Loucks Rd,,York,PA,17404,US,717.850.9393,manager@crunchyork.com,york,,https://www.facebook.com/CrunchYork,CrunchYork,,
150,490,Madison,43.05992,-89.51022,7401 Mineral Point Rd,,Madison,WI,53717,US,608.535.4300,info@crunchmadison.com,madison,,https://www.facebook.com/crunchmadison/,CrunchMadison,https://www.instagram.com/crunchmadison,CrunchMadison
151,655,Middleburg Heights,41.378742,-81.786936,6849B Pearl Rd,,Middleburg Heights,OH,44130,US,216.306.1893,info@middleburgheights.com,middleburg-heights,,http://www.Facebook.com/CrunchMiddleburgHeights,@CrunchMiddleburgHeights,https://www.instagram.com/crunchmiddleburgheights,@CrunchMiddleburgHeights
152,378,Toledo,41.704182,-83.589569,4925 Jackman Rd,Suite 16,Toledo,OH,43613,US,419.262.0722,info@crunchtoledo.com,toledo,,https://www.facebook.com/CrunchToledo,CrunchToledo,https://www.instagram.com/Crunch_Toledo,Crunch_Toledo
153,673,Brunswick,41.238341,-81.80331,3289 Center Road,Suite 14C,Brunswick,OH,44212,US,234.391.0070,info@crunchbrunswick.com,brunswick,,https://facebook.com/crunchbrunswickoh,@BrunchBrunswickOH,https://www.instagram.com/crunchbrunswick,@crunchbrunswick
154,547,Sioux Falls,43.50891,-96.77283,4001 S Louise Ave,,Sioux Falls,SD,57106,US,605.221.8099,info@crunchsiouxfalls.com,sioux-falls,,https://www.facebook.com/crunchsiouxfalls,@CrunchSiouxFalls,https://instagram.com/CrunchSiouxFalls,@CrunchSiouxFalls
155,391,Timonium,39.424419,-76.618431,1920 York Road,,Lutherville-Timonium,MD,21093,US,410.914.1001,manager@crunchtimonium.com,timonium,,http://facebook.com/crunchtimonium,CrunchTimonium,http://instagram.com/crunchtimonium,CrunchTimonium
156,493,McKnight,40.498418,-80.012885,8050 Mcknight Rd,,Pittsburgh,PA,15237,US,412.939.7100,info@crunchmcknight.com,mcknight,,https://www.facebook.com/CrunchMcKnight/,CrunchMcKnight,https://www.instagram.com/crunchmckight,@crunchmcknight
157,540,Round Lake Beach,42.379372,-88.061089,817 E Rollins Rd,,Round Lake Beach,IL,60073,US,847.752.8185,classdata@crunchroundlake.com,round-lake,,https://www.facebook.com/CrunchRoundLakeBeach/,CrunchRoundLakeBeach,https://www.instagram.com/crunchroundlakebeach/,@crunchroundlakebeach
158,307,Canton,39.275948,-76.562053,3991 Boston Street,,Baltimore,MD,21224,US,443.505.7270,manager@crunchcanton.com,canton,,http://www.Facebook.com/CrunchCanton,CrunchCanton,https://www.instagram.com/crunchcanton,@CrunchCanton
159,582,Hagerstown,39.65382,-77.752953,17716 Garland Groh Blvd,,Hagerstown,MD,21740,US,240.347.4480,info@crunchhagerstown.com,hagerstown,,https://www.facebook.com/CrunchHagerstown,@CrunchHagerstown,https://www.instagram.com/CrunchHagerstown,@CrunchHagerstown
160,573,Pleasant Hills,40.33128,-79.94558,601 Clairton Blvd Ste 38,,Pleasant Hills,PA,15236,US,412.543.8580,info@crunchpleasanthills.com,pleasant-hills,,https://www.facebook.com/crunchpleasanthills,@CrunchPleasantHills,https://instagram.com/crunchpleasanthills,@CrunchPleasantHills
161,586,Frederick,39.41777,-77.44402,1005-1077 West Patrick Street,,Frederick,MD,21702,US,301.732.7374,info@crunchfrederick.com,frederick,,https://www.facebook.com/CrunchFrederick,CrunchFrederick,https://www.instagram.com/CrunchFrederick,@CrunchFrederick
162,652,Rockford,42.26713,-88.993813,6309 E State,,Rockford,IL,61108,US,815.219.4200,info@crunchrockford.com,rockford,,https://www.facebook.com/CrunchRockford,@CrunchRockford,https://www.instagram.com/CrunchRockford,@CrunchRockford
163,84,Mount Prospect,42.07848,-87.933,225 West Rand Rd,,Mount Prospect,IL,60056,US,847.637.5952,manager@crunchmountprospect.com,mount-prospect,,http://www.Facebook.com/CrunchMountProspect,CrunchMountProspect,https://www.instagram.com/crunchmtprospect/,@CrunchMtProspect
164,269,Palatine,42.087704,-88.059698,722 W. Euclid Avenue,,Palatine,IL,60067,US,847.686.2750,sales@crunchpalatine.com,palatine,,https://www.facebook.com/CrunchPalatine/,CrunchPalatine,https://www.instagram.com/crunchpalatine,@CrunchPalatine
165,125,Schaumburg,42.0516,-88.06433,616 E Golf Rd,,Schaumburg,IL,60173,US,847.233.1232,manager@crunchschaumburg.com,schaumburg,,https://www.facebook.com/CrunchSchaumburg,CrunchSchaumburg,https://www.instagram.com/crunchschaumburg/,@CrunchSchaumburg
166,494,College Park,38.97863,-76.93144,4320 Calvert Road,,College Park,MD,20740,US,301.615.9475,info@crunchcollegepark.com,college-park,,https://www.facebook.com/CrunchCollegeParkMD/,@CrunchCollegeParkMD,https://www.instagram.com/crunchcollegepark/,@crunchcollegepark
167,638,Leesburg,39.10792,-77.52713,536-A Fort Evans Road NE,,Leesburg,VA,20176,US,703.687.6178,info@crunchleesburg.com,leesburg,,https://www.facebook.com/CrunchLeesburg,CrunchLeesburg,https://www.instagram.com/CrunchLeesburg,@CrunchLeesburg
168,176,Chevy Chase,38.956251,-77.08461199999999,5100 Wisconsin Ave NW,,Washington,DC,20016,US,202.621.7622,ccmgr@crunchdmv.com,chevy-chase,,https://www.facebook.com/CrunchChevyChase,CrunchChevyChase,,
169,701,Burbank Station,41.752373,-87.741633,7750 S Cicero Ave,,Burbank,IL,60459,US,423.506.7396,info@crunchburbankstation.com,burbank-station,,,,,
170,8,Aurora,41.71091,-88.25345,2300 S Eola Rd,,Aurora,IL,60503,US,630.506.8131,manager@crunchaurora.com,aurora,,http://www.Facebook.com/CrunchAurora,CrunchAurora,,
171,609,Waldorf,38.62793,-76.91637,3035-3088 Waldorf Marketplace,,Waldorf,MD,20603,US,301.818.5560,info@crunchwaldorf.com,waldorf,,https://www.facebook.com/CrunchWaldorf,@CrunchWaldorf,https://www.instagram.com/CrunchWaldorf,@CrunchWaldorf
172,112,Reynoldsburg,39.95479,-82.81212,5929 E Main St,,Columbus,OH,43232,US,614.755.4400,manager@crunchreynoldsburg.com,reynoldsburg,,http://www.Facebook.com/CrunchReynoldsburg,CrunchReynoldsburg,https://www.instagram.com/crunchreynoldsburg,@CrunchReynoldsburg
173,62,Hilliard,40.0334,-83.15825,3644 Fishinger Blvd,,Hilliard,OH,43026,US,614.771.1600,manager@crunchhilliard.com,hilliard,,http://www.Facebook.com/CrunchHilliard,@CrunchHilliard,https://www.instagram.com/crunchhilliard,@crunchhilliard
174,658,Fredericksburg,38.296047,-77.513292,3101 Plank Road,,Fredericksburg,VA,22401,US,540.369.3080,info@crunchfredericksburg.com,fredericksburg,,https://facebook.com/crunchfredericksburg,@crunchfredericksburg,https://www.instagram.com/crunchfredericksburg,@crunchfredericksburg
175,562,Urbandale,41.616546,-93.744526,8501 Hickman Rd,,Urbandale,IA,50322,US,515.259.6688,info@crunchurbandale.com,urbandale,,https://www.facebook.com/CrunchUrbandale/,CrunchUrbandale,https://www.instagram.com/crunchurbandale/,@crunchurbandale
176,620,Des Moines South,41.52667,-93.60079,1200 E Army Post,,Des Moines,IA,50315,US,515.442.5300,info@crunchdesmoinessouth.com,des-moines-south,,https://www.facebook.com/crunchdesmoinessouth,@CrunchDesMoinesSouth,https://instagram.com/crunch.desmoinessouth,@Crunch.DesMoinesSouth
177,18,Brook Rd,37.60907,-77.4569,5750 Brook Rd,,Richmond,VA,23227,US,804.261.6700,manager@crunchbrookroad.com,brook-rd,,http://www.Facebook.com/CrunchBrookRoad,CrunchBrookRoad,https://www.instagram.com/crunchbrookroad,@CrunchBrookRoad
178,568,Noblesville,39.99839,-86.00279,14436 Mundy Drive,,Noblesville,IN,46060,US,317.314.1298,info1@crunchnoblesvillein.com,noblesville,,https://www.facebook.com/CrunchNoblesville,@CrunchNoblesville,https://www.instagram.com/CrunchNoblesville,@CrunchNoblesville
179,55,Glenside,37.60959,-77.5159,5420 Glenside Dr,,Henrico,VA,23228,US,804.756.5050,manager@crunchglenside.com,glenside,,https://www.facebook.com/CrunchGlenside,@CrunchGlenside,https://www.instagram.com/crunchglenside,@CrunchGlenside
180,158,West End,37.62106,-77.61227,10470 Ridgefield Pkwy,,Richmond,VA,23233,US,804.447.5129,manager@crunchwestend.com,west-end,,http://www.Facebook.com/CrunchWestEnd,CrunchWestEnd,https://www.instagram.com/crunchwestend,@CrunchWestEnd
181,126,Scott's Addition,37.56886,-77.47751,3600 W Broad St,,Richmond,VA,23230,US,804.303.3201,manager@crunchscottsaddition.com,scotts-addition,,http://www.Facebook.com/CrunchScottsAddition,CrunchScottsAddition,https://www.instagram.com/crunchscottsaddition,@CrunchScottsAddition
182,394,Normal,40.50714,-88.95534,301 S Veterans Parkway,,Normal,IL,61761,US,309.807.3388,info@crunchnormal.com,normal,,https://www.facebook.com/CrunchNormal/,CrunchNormal,https://www.instagram.com/crunch_normal/,Crunch_Normal
183,308,Midlothian,37.508885,-77.487069,11500 Midlothian Turnpike,,Richmond,VA,23235,US,804.245.8905,manager@crunchmidlothian.com,midlothian,,http://www.Facebook.com/CrunchMidlothian,CrunchMidlothian,https://www.instagram.com/crunchmidlothian,@CrunchMidlothian
184,532,Michigan Road,39.91326,-86.22518,8772 Michigan Road,,Indianapolis,IN,46268,US,463.252.0499,info@crunchmichiganroad.com,michigan-road,,https://facebook.com/crunchmichiganrd,@CrunchMighiganRd,https://instagram.com/crunchmichiganroad,@CrunchMighiganRd
185,548,Keystone,39.86725,-86.12288,6160 N Keystone Ave,,Indianapolis,IN,46220,US,463.274.5499,info@crunchkeystone.com,keystone,,https://www.facebook.com/crunchkeystone,@CrunchKeystone,https://instagram.com/CrunchKeystone,@CrunchKeystone
186,688,Hampton,37.036383,-76.401457,103 Marketplace Dr,,Hampton,VA,23666,US,757.755.7750,info@crunchHampton.com,hampton,,https://www.facebook.com/crunchhampton,@CrunchHampton,https://instagram.com/crunchhampton,@CrunchHampton
187,634,Maplewood,41.28343,-96.05426,2650 N 90th Street,,Omaha,NE,68134,US,402.915.0300,info@crunchmaplewood.com,maplewood,,https://www.facebook.com/crunchmaplewood,@CrunchMaplewood,https://instagram.com/crunchmaplewood,@CrunchMaplewood
188,682,Norfolk,36.860543,-76.204749,5900 E Virginia Beach Blvd 23502,,Norfolk,VA,23502,US,757.828.3900,info@crunchnorfolk.com,norfolk,,https://www.facebook.com/CrunchNorfolk,@CrunchNorfolk,https://instagram.com/CrunchNorfolk,@CrunchNorfolk
189,533,Chimney Hill,36.81371,-76.10003,799 Chimney Hill Pkwy,,Virginia Beach,VA,23452,US,757.347.0799,info@crunchchimneyhill.com,chimney-hill,,https://www.facebook.com/CrunchChimneyHill,CrunchChimneyHill,https://instagram.com/CrunchChimneyHill,CrunchChimneyHill
190,79,Mason,39.30787,-84.31603,5105 Deerfield Blvd,,Mason,OH,45040,US,513.770.3488,manager@crunchmason.com,mason,,http://www.Facebook.com/CrunchMason,CrunchMason,https://www.instagram.com/crunch.mason,@Crunch.Mason
191,633,Avon,39.765301,-86.32196,9030 Rockville Rd,,Indianapolis,IN,46234,US,463.200.7900,info@crunchavon.com,avon,,https://www.facebook.com/crunchavon,@CrunchAvon,https://instagram.com/crunchavon,@CrunchAvon
192,98,Omaha Deerfield,41.20501,-96.12601,5218 So 136th St,,Omaha,NE,68137,US,402.671.7811,manager@crunchomahadeerfield.com,omaha-deerfield,,http://www.Facebook.com/CrunchOmahaDeerfield,CrunchOmahaDeerfield,https://www.instagram.com/crunchomahadeerfield/,@CrunchOmahaDeerfield
193,349,Champaign,40.13579,-88.23969,40 E Anthony Drive,,Champaign,IL,61820,US,217.560.3170,info@crunchchampaign.com,champaign,,https://www.facebook.com/CrunchChampaign/,CrunchChampaign,https://www.instagram.com/crunchchampaign/,@crunchchampaign
194,654,Portsmouth,36.814606,-76.358523,2550 Airline Blvd,,Portsmouth,VA,23701,US,757.606.9600,info@crunchportsmouth.com,portsmouth,,https://www.facebook.com/CrunchPortsmouth,@CrunchPortsmouth,https://www.instagram.com/CrunchPortsmouth,@CrunchPortsmouth
195,610,Greenwood,39.63129,-86.12543,1230 US Highway 31N,,Greenwood,IN,46142,US,463.277.0499,info@crunchgreenwood.com,greenwood,,https://www.facebook.com/crunchgreenwood,@CrunchGreenwood,https://instagram.com/crunchgreenwood,@Crunch.Greenwood
196,70,Kenwood,39.20414,-84.374,5901 E Galbraith Rd,,Cincinnati,OH,45236,US,513.984.0348,manager@crunchkenwood.com,kenwood,,https://www.facebook.com/CrunchKenwood,CrunchKenwood,https://www.instagram.com/crunchkenwood,@crunchkenwood
197,291,Oakley,39.160493,-84.422166,3401 Ibsen Ave,,Cincinnati,OH,45209,US,513.351.0976,manager@crunchoakley.com,oakley,,https://www.facebook.com/CrunchOakley,CrunchOakley,https://www.instagram.com/crunchoakley,crunchoakley
198,419,Sparks,39.52955,-119.7196,1315 Scheels Drive,Suite #1,Sparks,NV,89434,US,775.420.4276,manager@crunchsparks.com,sparks,,https://www.facebook.com/CrunchSparks/,CrunchSparks,https://www.instagram.com/crunchfitnesssparks/,@crunchfitnesssparks
199,4,Anderson,39.0727,-84.32584,7520 Beechmont Ave,,Cincinnati,OH,45255,US,513.233.0348,manager@crunchanderson.com,anderson,,https://www.facebook.com/CrunchAnderson,CrunchAnderson,https://www.instagram.com/crunchanderson,@CrunchAnderson
200,329,Reno,39.476662,-119.78321,5353 Meadowood Mall Circle,,Reno,NV,89502,US,775.470.5421,manager@crunchreno.com,reno,,https://www.facebook.com/CrunchReno,CrunchReno,https://www.instagram.com/CrunchReno,@CrunchReno
201,295,Newport,39.08143,-84.48161,1751 Monmouth St,,Newport,KY,41071,US,859.360.5238,manager@crunchnewport.com,newport,,https://www.Facebook.com/CrunchNewport,@CrunchNewport,https://www.instagram.com/crunchnewport,@crunchnewport
202,50,Florence KY,39.00999,-84.64232,77 Spiral Dr,,Florence,KY,41042,US,859.371.2348,manager@crunchflorence.com,florence,,http://www.Facebook.com/CrunchFlorence,CrunchFlorence,https://www.instagram.com/crunchflorence,@CrunchFlorence
203,556,Lincoln,40.86266,-96.67836,5050 N 27th St,,Lincoln,NE,68521,US,402.783.1299,info@crunchlincoln.com,lincoln,,https://www.facebook.com/CrunchLincoln/,CrunchLincoln,https://instagram.com/crunchlincoln,@crunchlincoln
204,653,Lynchburg,37.373979,-79.182933,2110 Wards Road,,Lynchburg,VA,24502,US,434.266.0900,info@crunchlynchburg.com,lynchburg,,https://www.facebook.com/CrunchLynchburg,@CrunchLynchburg,https://www.instagram.com/CrunchLynchburg,@CrunchLynchburg
205,253,Santa Rosa,38.45552,-122.732031,1630 Range Ave,,Santa Rosa,CA,95401,US,707.271.7187,manager@crunchsantarosa.com,santa-rosa,,https://www.facebook.com/CrunchSantaRosa,CrunchSantaRosa,,
206,115,Rocklin,38.79816,-121.29255,6680 Lonetree Blvd,,Rocklin,CA,95765,US,916.259.1599,manager@crunchrocklin.com,rocklin,,http://www.Facebook.com/CrunchRocklin,CrunchRocklin,https://www.instagram.com/crunchrocklin/,@CrunchRocklin
207,56,Granite Bay,38.74258,-121.2236,4130 Douglas Blvd,,Granite Bay,CA,95746,US,916.677.6860,manager@crunchgranitebay.com,granite-bay,,http://www.Facebook.com/CrunchGraniteBay,CrunchGraniteBay,https://www.instagram.com/crunchgranitebay/,@CrunchGraniteBay
208,302,Folsom,38.67232,-121.15376,1010 East Bidwell Street,,Folsom,CA,95630,US,916.527.1190,manager@crunchfolsom.com,folsom,,http://www.Facebook.com/CrunchFolsom,@CrunchFolsom,http://www.instagram.com/crunchfolsom,@CrunchFolsom
209,536,Market Square,38.5987,-121.42491,1739 Arden Way,,Sacramento,CA,95815,US,916.913.2260,info@crunchmarketsquare.com,marketsquare,,https://www.facebook.com/CrunchMarketSquare,@CrunchMarketSquare,https://www.instagram.com/crunchmarketsquare/,@crunchmarketsquare
210,268,Roanoke,37.230996,-80.005864,3270 Electric Road,,Roanoke,VA,24018,US,540.527.4653,info@crunchroanoke.com,roanoke,,https://www.facebook.com/CrunchRoanoke/,@CrunchRoanoke,,
211,341,Fairfield,38.259864,-122.068777,1500 Oliver Road,,Fairfield,CA,94534,US,707.348.4488,manager@crunchfairfield.com,fairfield,,https://www.facebook.com/CrunchFairfield,CrunchFairfield,https://www.instagram.com/CrunchFairfield,@CrunchFairfield
212,45,Elk Grove,38.40735,-121.3853,9661 E Stockton Blvd,,Elk Grove,CA,95624,US,916.236.3474,manager@crunchelkgrove.com,elk-grove,,http://www.Facebook.com/CrunchElkGrove,CrunchElkGrove,https://www.instagram.com/crunchelkgrove/,@CrunchElkGrove
213,420,Fort Collins,40.557381,-105.078461,2211 S College Ave,,Fort Collins,CO,80525,US,970.795.0300,info@crunchfortcollins.com,fort-collins,,https://www.facebook.com/crunchfortcollins/,CrunchFortCollins,https://www.instagram.com/crunchfortcollins/,CrunchFortCollins
214,153,Walnut Creek,37.9264467,-122.0173392,2830 Ygnacio Valley Rd,,Walnut Creek,CA,94598,US,925.266.3200,walnutcreekmanager@crunch.com,walnut-creek,,https://www.facebook.com/CrunchWalnutCreek/,@CrunchWalnutCreek,https://www.instagram.com/crunchwalnutcreek/,@CrunchWalnutCreek
215,27,Chestnut,37.800406,-122.4443,2324 Chestnut St,,San Francisco,CA,94123,US,415.292.8470,chestnutmanager@crunch.com,chestnut,,http://www.Facebook.com/CrunchChestnut/,@CrunchChestnut,https://www.instagram.com/crunchchestnut/,@CrunchChestnut
216,145,Union Street,37.797857,-122.432632,1725 Union St,,San Francisco,CA,94123,US,415.430.3399,unionstreetmanager@crunch.com,union-street,,http://www.Facebook.com/CrunchUnionSt/,@CrunchUnionSt,https://www.instagram.com/crunchunionstreet/,@CrunchUnionStreet
217,107,Polk St,37.79827,-122.42213,2330 Polk St,,San Francisco,CA,94109,US,415.292.5444,polkstreetmanager@crunch.com,polk-st,,https://www.facebook.com/CrunchPolkSt/,@CrunchPolkSt,https://www.instagram.com/crunchpolkst/,@CrunchPolkSt
218,161,Yerba Buena,37.78318,-122.39908,350 Third St,,San Francisco,CA,94107,US,415.512.1010,yerbabuenamanager@crunch.com,yerba-buena,,http://www.Facebook.com/CrunchYerbaBuena/,@CrunchYerbaBuena,https://www.instagram.com/crunchyerbabuena/,@CrunchYerbaBuena
219,433,"Middletown, KY",38.24429,-85.52967,10480 Shelbyville Road,,Louisville,KY,40223,US,502.236.2600,info@crunchmiddletownky.com,middletown-ky,,https://www.facebook.com/CrunchMiddletownKY,CrunchMiddletownKY,https://www.instagram.com/CrunchMiddletownKY,CrunchMiddletownKY
220,135,Stockton,38.00341,-121.29312,1155 E March Ln,,Stockton,CA,95210,US,209.213.3333,manager@crunchstockton.com,stockton,,https://www.facebook.com/CrunchStockton,CrunchStockton,https://www.instagram.com/crunch_stockton,@crunch_stockton
221,454,Alameda,37.75762,-122.2509,2247 South Shore Center,Unit #310 & Unit #435,Alameda,CA,94501,US,510.800.4001,manager@crunchalameda.com,alameda,,https://www.facebook.com/crunchalameda,@CrunchAlameda,https://www.instagram.com/crunchalameda,@CrunchAlameda
222,33,Daly City,37.67224,-122.472244,60 Serramonte Center,,Daly City,CA,94015,US,650.684.1234,dalycitymanager@crunch.com,daly-city,,http://www.Facebook.com/CrunchDalyCity/,@CrunchDalyCity,https://www.instagram.com/crunchdalycity/,@CrunchDalyCity
223,517,Fern Creek,38.16627,-85.6043,5318 Bardstown rd.,,Louisville,KY,40291,US,502.251.3899,info@crunchferncreek.com,ferncreek,,https://www.facebook.com/CrunchFernCreek,CrunchFernCreek,https://instagram.com/CrunchFernCreek,CrunchFernCreek
224,456,Outer Loop,38.13969,-85.68182,4235 Outer Loop,,Louisville,KY,40219,US,502.205.1011,info@crunchouterloop.com,outerloop,,https://www.facebook.com/CrunchOuterLoop,CrunchOuterLoop,https://www.instagram.com/CrunchOuterLoop,CrunchOuterLoop
225,119,San Lorenzo,37.68617,-122.11962,177 Lewelling Blvd,,San Lorenzo,CA,94580,US,510.924.4200,manager@crunchsanlorenzo.com,san-lorenzo,,http://www.Facebook.com/CrunchSanLorenzo,CrunchSanLorenzo,https://www.instagram.com/crunchsanlorenzo/,@CrunchSanLorenzo
226,311,Dixie,38.15107,-85.83448,6801 Dixie Highway,,Louisville,KY,40258,US,502.890.1348,info@crunchdixie.com,dixie,,https://www.facebook.com/CrunchDixie,CrunchDixie,https://www.instagram.com/CrunchDixie,@crunchdixie
227,367,Boulder,40.01963,-105.25365,1850 30th Street,,Boulder,CO,80301,US,720.927.2400,info@crunchboulder.com,boulder,,,,,
228,121,San Mateo,37.5454,-122.29023,1150 Park Place,,San Mateo,CA,94403,US,650.212.4653,sanmateomanager@crunch.com,san-mateo,,http://www.Facebook.com/CrunchSanMateo/,@CrunchSanMateo,https://www.instagram.com/crunchsanmateo/,@CrunchSanMateo
229,637,Tracy,37.7408,-121.45216,1975 W 11th Street,,Tracy,CA,95376,US,209.929.0882,info@crunchtracy.com,tracy,,https://www.facebook.com/CrunchTracy,@CrunchTracy,https://www.instagram.com/CrunchTracy,@CrunchTracy
230,306,Creedmoor,35.871859,-78.679513,6300 Creedmoor Road,Suite 150,Raleigh,NC,27612,US,919.948.6541,manager@crunchcreedmoor.com,creedmoor,,http://www.Facebook.com/CrunchCreedmoor,CrunchCreedmoor,https://www.instagram.com/crunchcreedmoor/,@CrunchCreedmoor
231,614,Florissant,38.79011,-90.34403,8182 N Lindbergh Blvd,,Florissant,MO,63031,US,314.248.3866,manager@crunchflorissant.com,florissant,,https://www.facebook.com/crunchflorissant,@CrunchFlorissant,https://www.instagram.com/CrunchFlorissant,@CrunchFlorissant
232,632,St. Peters,38.78976,-90.62686,411 Mid Rivers Mall Dr,,Saint Peters,MO,63376,US,636.348.5400,manager@crunchstpeters.com,st-peters,,https://www.facebook.com/CrunchStPeters,@CrunchStPeters,https://www.instagram.com/CrunchStPeters,@CrunchStPeters
233,288,Village District,35.791224,-78.658242,1900 Cameron Street,,Raleigh,NC,27605,US,919.948.6445,manager@crunchvillagedistrict.com,villagedistrict,,http://www.Facebook.com/CrunchVillageDistrict,CrunchVillageDistrict,https://www.instagram.com/crunchvillagedistrict,@CrunchVillageDistrict
234,208,Sunnyvale,37.339295,-122.042637,1651 Hollenbeck Ave,,Sunnyvale,CA,94087,US,669.263.9343,manager@crunchsunnyvale.com,sunnyvale,,https://www.facebook.com/CrunchSunnyvale,CrunchSunnyvale,,
235,411,San Jose,37.37106,-121.84661,375A N. Capitol Ave,,San Jose,CA,95133,US,669.400.0411,manager@crunchsanjose.com,san-jose,,https://www.facebook.com/CrunchSanJose,CrunchSanJose,https://www.instagram.com/CrunchSanJose,CrunchSanJose
236,444,Columbia MO,38.95064,-92.33424,101 S Providence Rd,,Columbia,MO,65203,US,573.355.5899,info@crunchcolumbiamo.com,columbia-mo,,https://www.facebook.com/crunchcolumbiamo/,CrunchColumbiaMO,https://www.instagram.com/crunchcolumbiamo/,CrunchColumbiaMO
237,617,Winchester,37.30055,-121.95123,1333 South Winchester Blvd,,San Jose,CA,95128,US,408.478.2800,info@crunchwinchester.com,winchester,,https://www.facebook.com/crunchwinchester,@CrunchWinchester,https://www.instagram.com/crunchwinchester,@CrunchWinchester
238,697,Kansas City (KCMO),39.182607,-94.578445,4820 N Oak Trafficway,,Kansas City,MO,64118,US,913.800.2190,info@crunchKCMO.com,kc-mo,,https://www.facebook.com/CrunchKCMO,@CrunchKCMO,https://instagram.com/CrunchKCMO,@CrunchKCMO
239,627,Manchester,38.59411,-90.50663,151 Highlands Blvd Dr,,Manchester,MO,63011,US,636.254.1100,manager@crunchmanchestermo.com,manchester-mo,,https://www.facebook.com/crunchmanchester,@CrunchManchester,https://www.instagram.com/crunchmanchester,@crunchmanchester
240,524,Evansville,37.979938,-87.49543,306 N Green River Rd,,Evansville,IN,47715,US,812.626.4699,info@crunchevansville.com,evansville,,https://www.facebook.com/CrunchEvansville/,CrunchEvansville,https://www.instagram.com/crunchevansville/,CrunchEvansville
241,570,Shawnee,39.01012,-94.77914,11311 W Shawnee Mission Pkwy,,Shawnee,KS,66203,US,913.363.7900,info@crunchshawnee.com,shawnee,,https://www.facebook.com/CrunchShawnee/,CrunchShawnee,https://instagram.com/crunch_shawnee,@Crunch_Shawnee
242,348,Topeka,39.00017,-95.6876,2905 Southwest Topeka Blvd,,Topeka,KS,66611,US,785.289.9100,info@crunch-topeka.com,topeka,,https://www.facebook.com/CrunchTopeka/,CrunchTopeka,https://www.instagram.com/crunchtopeka/,@crunchtopeka
243,663,Merced,37.320132,-120.480239,665 Fairfield Drive,,Merced,CA,95348,US,209.887.5755,info@crunchmerced.com,merced,,https://www.facebook.com/CrunchMerced,@CrunchMerced,https://www.instagram.com/CrunchMerced,@CrunchMerced
244,300,Lawrence,38.9436,-95.25934,1900 W. 23rd Street,,Lawrence,KS,66046,US,785.371.4044,info@crunchlawrence.com,lawrence,,https://www.facebook.com/CrunchLawrence,CrunchLawrence,,
245,596,Olathe,38.88507,-94.77777,16630 W 135th Street,,Olathe,KS,66062,US,913.732.1099,info@cruncholathe.com,olathe,,https://www.facebook.com/crunchOlathe,@CrunchOlathe,https://instagram.com/cruncholathe,@CrunchOlathe
246,560,Jacksonville,34.786769,-77.427051,1650 Gum Branch Rd,,Jacksonville,NC,28540,US,910.781.8180,manager@crunchjacksonville.com,jacksonville,,https://www.facebook.com/CrunchJacksonville/,@CrunchJacksonville,https://www.instagram.com/crunchfitnessjacksonville,@CrunchJacksonville
247,204,North Colorado Springs,38.912185,-104.789647,5620 Academy Blvd North,,Colorado Springs,CO,80918,US,719.265.6565,manager@crunchnorthcoloradosprings.com,north-colorado-springs,,,,,
248,30,Colorado Springs,38.806343,-104.755259,1801 South Academy Blvd,,Colorado Springs,CO,80916,US,719.301.1760,manager@crunchcoloradosprings.com,colorado-springs,,https://www.facebook.com/CrunchColoradoSprings,CrunchColoradoSprings,,
249,702,North Fresno,36.84419,-119.790271,7370 North Blackstone Ave,,Fresno,CA,93650,US,559.628.0080,info@crunchnorthfresno.com,north-fresno,,https://www.facebook.com/CrunchNorthFresno,@CrunchNorthFresno,https://instagram.com/CrunchNorthFresno,@CrunchNorthFresno
250,327,Shaw,36.808405,-119.711216,284 W. Shaw Ave,,Clovis,CA,93612,US,559.322.0700,manager@crunchshaw.com,shaw,,https://www.facebook.com/CrunchShawCA,CrunchShawCA,https://www.instagram.com/CrunchShaw,@CrunchShaw
251,510,Charlotte University,35.2953,-80.74017,8514 University City Blvd,,Charlotte,NC,28213,US,704.440.9391,info@crunchcharlotteuniversity.com,charlotte-university,,https://facebook.com/crunchcharlotteuniversity,@CrunchCharlotteUniversity,https://www.instagram.com/crunch.charlotteuniversity/,@Crunch.CharlotteUniversity
252,559,Wilmington,34.235124,-77.881554,356 South College Road,,Wilmington,NC,28403,US,910.505.8321,manager@crunchwilmington.com,wilmington,,https://www.facebook.com/crunchwilmington,@CrunchWilmington,https://www.instagram.com/crunchfitnesswilmington,@CrunchWilmington
253,513,Matthews,35.12756,-80.70796,10404 E Independence Blvd,,Matthews,NC,28105,US,704.997.1401,info@crunchmatthews.com,matthews,,https://www.facebook.com/CrunchMatthews,@CrunchMatthews,https://www.instagram.com/crunch_matthews/,@Crunch_Matthews
254,575,Fountain City,36.02977,-83.93073,5003 N. Broadway St,,Knoxville,TN,37918,US,865.459.2001,info@crunchfountaincity.com,fountain-city,,https://www.facebook.com/CrunchFountainCity,CrunchFountainCity,https://www.instagram.com/Crunch.FountainCity,Crunch.FountainCity
255,537,Arboretum,35.09547,-80.786568,3413 Pineville-Matthews Road,,Charlotte,NC,28226,US,704.396.8320,info@cruncharboretum.com,arboretum,,https://www.facebook.com/cruncharboretum,@CrunchArboretum,https://instagram.com/Crunch.Arboretum,@Crunch.Arboretum
256,564,Steele Creek,35.117319,-80.961348,11108 South Tryon Street,,Charlotte,NC,28273,US,980.252.7170,info@crunchsteelecreek.com,steele-creek,,https://www.facebook.com/CrunchSteeleCreek,@CrunchSteeleCreek,https://www.instagram.com/Crunch.SteeleCreek,@Crunch.SteeleCreek
257,305,Ballantyne,35.064831,-80.845958,16045 Johnston Road,Suite A,Charlotte,NC,28277,US,704.385.7827,info@crunchballantyne.com,ballantyne,,http://www.Facebook.com/CrunchBallantyne,CrunchBallantyne,https://www.instagram.com/Crunchballantyne,@CrunchBallantyne
258,395,Clarksville,36.5734,-87.40816,1596 Fort Campbell Blvd,,Clarksville,TN,37042,US,931.444.6100,info@crunchclarksville.com,clarksville,,https://www.facebook.com/CrunchClarksville/,CrunchClarksville,https://www.instagram.com/crunchclarksville/,CrunchClarksville
259,388,Hendersonville,36.33201,-86.62559,1006 Andrews Run,,Hendersonville,TN,37075,US,615.265.9025,manager@crunchhendersonville.com,hendersonville,,https://www.facebook.com/CrunchHendersonville/,CrunchHendersonville,https://www.instagram.com/crunchhendersonville/,CrunchHendersonville
260,508,Spartanburg,34.96419,-81.89533,140 Fernwood Dr,,Spartanburg,SC,29307,US,864.256.4111,manager@crunchspartanburg.com,spartanburg,,https://facebook.com/crunchspartanburg,CrunchSpartanburg,https://www.instagram.com/crunchfitnessspartanburg/,crunchfitnessspartanburg
261,565,Bell Road,36.15009,-86.62553,3634 Bell Road,,Nashville,TN,37214,US,615.708.7685,info@crunchbellroad.com,bell-road,,https://www.facebook.com/CrunchBellRoad,@CrunchBellRoad,https://www.instagram.com/CrunchBellRoad,@CrunchBellRoad
262,523,Priest Lake,36.07178,-86.638008,2615 Murfreesboro Pike,,Nashville,TN,37217,US,615.686.2486,info@crunchpriestlake.com,priest-lake,,https://www.facebook.com/CrunchPriestLake/,CrunchPriestLake,https://www.instagram.com/crunchpriestlake/,@crunchpriestlake
263,557,Taylors,34.89069,-82.29492,5000 Old Spartanburg Rd,,Taylors,SC,29687,US,864.318.9330,Manager@crunchtaylors.com,taylors,,https://www.facebook.com/crunchgreenvillenorth,@CrunchGreenvilleNorth,https://www.instagram.com/crunchtaylor/,@crunchtaylor
264,572,Cherrydale,34.88935,-82.40204,3245 N Pleasantburg Dr,,Greenville,SC,29609,US,864.652.3245,manager@crunchcherrydale.com,cherrydale,,https://www.facebook.com/CrunchCherrydale/,CrunchCherrydale,https://www.instagram.com/crunchfitnesscherrydale/,CrunchFitnessCherrydale
265,624,Myrtle Beach,33.69979,-78.92471,2400 Coastal Grand Cir,,Myrtle Beach,SC,29577,US,854.854.9800,info@crunchmyrtlebeach.com,myrtlebeach,,https://facebook.com/crunchmyrtlebeach,@crunchmyrtlebeach,https://www.instagram.com/crunchmyrtlebeach,@crunchmyrtlebeach
266,432,Murfreesboro,35.86264,-86.40686,1266 NW Broad Street,,Murfreesboro,TN,37129,US,629.335.5100,info@crunchmurfreesboro.com,murfreesboro,,https://www.facebook.com/crunchmurfreesboro,@CrunchMufreesboro,https://www.instagram.com/crunchmurfreesboro,@CrunchMurfreesboro
267,519,Greenville,34.80085,-82.377602,1332 S Pleasantburg Dr,,Greenville,SC,29605,US,864.274.9398,manager@crunchgreenville.com,greenville,,https://facebook.com/crunchgreenville,CrunchGreenville,https://instagram.com/CrunchGreenville,@CrunchGreenville
268,636,Mauldin,34.775539,-82.313568,207 W Butler Rd,,Mauldin,SC,29662,US,864.326.4661,info@crunchmauldin.com,mauldin,,https://facebook.com/crunchmauldin,@crunchmauldin,https://www.instagram.com/crunchfitnessmauldin/,@crunchfitnessmauldin
269,521,Anderson SC,34.55469,-82.68291,3793 Clemson Blvd,,Anderson,SC,29621,US,864.274.9387,manager@crunchandersonsc.com,anderson-sc,,https://facebook.com/crunchandersonsc,CrunchAndersonSC,https://www.instagram.com/crunchfitness_andersonsc/,@crunchfitness_andersonsc
270,516,Hixson,35.12563,-85.23916,5230 HWY 153,SUITE 110,Hixson,TN,37343,US,423.904.5440,manager@CrunchHixson.com,hixson,,https://www.facebook.com/CrunchHixson/,CrunchHixson,https://instagram.com/CrunchHixson,@CrunchHixson
271,603,Hamilton Place,35.03339,-85.15932,2100 Hamilton Pl Blvd,Suite P-2,Chattanooga,TN,37421,US,423.260.5203,manager@crunchhamiltonplace.com,hamilton-place,,https://facebook.com/crunchhamiltonplace,@CrunchHamiltonPlace,https://www.instagram.com/crunchhamiltonplace/,@CrunchHamiltonPlace
272,289,Bakersfield,35.427763,-119.022674,2401 N Chester Ave,Suite A,Bakersfield,CA,93308,US,661.246.1611,manager@crunchbakersfield.com,bakersfield,,https://www.facebook.com/CrunchBakersfield,CrunchBakersfield,https://www.instagram.com/crunchbakersfield,@CrunchBakersfield
273,122,Santa Maria,34.952,-120.4341,286 Town Center East,,Santa Maria,CA,93454,US,805.621.7470,manager@crunchsantamaria.com,santa-maria,,http://www.Facebook.com/CrunchSantaMaria,CrunchSantaMaria,,
274,619,Gainesville GA,34.29562,-83.8397,250 John W Morrow Jr. pkwy,suite 100,Gainesville,GA,30501,US,470.768.7280,info@crunchgainesvillega.com,gainesville-ga,,https://facebook.com/crunchgainesvillega,@CrunchGainesvilleGA,https://www.instagram.com/crunchgainesville.ga/,@CrunchGainesville.GA
275,594,Park West,32.87678,-79.7805,3301 Stockdale Street,,Mt Pleasant,SC,29466,US,843.375.0770,manager@crunchparkwest.com,parkwest,,http://www.Facebook.com/CrunchParkWest,CrunchParkWest,https://www.instagram.com/crunchparkwest,@CrunchParkWest
276,91,North Charleston,32.946375,-80.037266,7800 Rivers Ave,Suite 1300,North Charleston,SC,29406,US,843.800.8350,manager@crunchnorthcharleston.com,north-charleston,,https://www.facebook.com/CrunchNorthCharleston,CrunchNorthCharleston,https://www.instagram.com/crunchnorthcharleston,@CrunchNorthCharleston
277,592,Trolley Road,32.96377,-80.16495,1645 Old Trolley Rd,,Summerville,SC,29485,US,843.510.7878,manager@crunchtrolleyroad.com,trolleyroad,,http://www.Facebook.com/CrunchTrolleyRoad,CrunchTrolleyRoad,https://www.instagram.com/crunchtrolleyroad,@CrunchTrolleyRoad
278,500,Fayetteville,36.128497,-94.149384,4201 N Shiloh Drive,,Fayetteville,AR,72703,US,479.309.0399,info@crunchfayetteville.com,fayetteville,,https://www.facebook.com/CrunchFayetteville/,CrunchFayetteville,https://www.instagram.com/CrunchFayetteville/,@CrunchFayetteville
279,264,Mount Pleasant,32.840784,-79.853808,672 Long Point Road,,Mount Pleasant,SC,29464,US,843.444.2260,manager@crunchmountpleasant.com,mount-pleasant,,http://www.Facebook.com/CrunchMountPleasant,CrunchMountPleasant,http://www.instagram.com/crunchmountpleasant,@CrunchMountPleasant
280,6,Athens,33.94433,-83.40924,196 Alps Rd,,Athens,GA,30606,US,706.850.9900,info@crunchathens.com,athens,,https://www.facebook.com/CrunchAthens,CrunchAthens,https://www.instagram.com/crunchathens/,@CrunchAthens
281,357,Buford,34.084887,-83.990115,3740 Buford Drive,,Buford,GA,30519,US,770.264.2109,info@crunchbuford.com,buford,,https://facebook.com/crunchbuford,CrunchBuford,,
282,593,West Ashley,32.81291,-79.99688,1401 Sam Rittenberg Blvd,,Charleston,SC,29407,US,843.571.5858,manager@crunchwestashley.com,westashley,,https://www.facebook.com/CrunchWestAshley1989/,CrunchWestAshley,https://www.instagram.com/crunchwestashley,@CrunchWestAshley
283,641,Augusta,33.49054,-82.07961,221 Robert C Daniel Jr Parkway,,Augusta,GA,30909,US,706.426.0199,info@crunchaugusta.com,augusta,,https://www.facebook.com/CrunchAugusta,@CrunchAugusta,https://instagram.com/Crunch.Augusta,@Crunch.Augusta
284,676,Duluth,34.023624,-84.11375,2220 Peachtree Industrial Blvd,,Duluth,GA,30097,US,770.202.3719,info@crunchduluth.com,duluth,,https://facebook.com/crunchduluth,@CrunchDuluth,https://www.instagram.com/Crunch.Duluth/,@Crunch.Duluth
285,69,Johns Creek,34.02915,-84.18906,6000 Medlock Bridge Pkwy,,Johns Creek,GA,30022,US,770.623.0304,manager@crunchjohnscreek.com,johns-creek,,http://www.Facebook.com/CrunchJohnsCreek,CrunchJohnsCreek,https://www.instagram.com/crunch.johnscreek/,@Crunch.JohnsCreek
286,674,Tulsa Midtown,36.133433,-95.919706,5103 East 21st Street,Suite A,Tulsa,OK,74114,US,539.314.0130,manager@crunchtulsamidtown.com,tulsa-midtown,,https://www.facbook.com/CrunchTulsaMidtown,@CrunchTulsaMidtown,https://www.instagram.com/CrunchTulsaMidtown,@CrunchTulsaMidtown
287,283,Roswell,34.034346,-84.343846,625 Holcomb Bridge Road,,Roswell,GA,30076,US,470.300.2400,info@crunchroswell.com,roswell,,https://facebook.com/crunchroswell,CrunchRoswell,,
288,386,Florence AL,34.82425,-87.65625,1832 Darby Drive,,Florence,AL,35630,US,256.284.2224,info@crunchflorenceal.com,florenceal,,https://www.facebook.com/crunchflorenceal,CrunchFlorenceAL,https://www.instagram.com/crunch_florenceal/,@crunch_florenceal
289,488,East Cobb,34.03851,-84.46288,3605 Sandy Plains Rd,Suite 300,Marietta,GA,30066,US,770.215.2280,info@cruncheastcobb.com,east-cobb,,https://facebook.com/cruncheastcobb,CrunchEastCobb,https://www.instagram.com/crunch.eastcobb/,@crunch.eastcobb
290,232,Snellville,33.904316,-84.004814,1175 Scenic Hwy South,,Lawrenceville,GA,30045,US,470.395.3029,info@crunchsnellville.com,snellville,,https://www.facebook.com/CrunchSnellville,CrunchSnellville,,
291,661,Austin Peay,35.21385,-89.915737,3260 Austin Peay Hwy,,Memphis,TN,38126,US,901.390.4800,info@crunchaustinpeay.com,austin-peay,,https://www.facebook.com/CrunchAustinPeay,@CrunchAustinPeay,https://instagram.com/Crunch.AustinPeay,@Crunch.AustinPeay
292,477,Acworth,34.03508,-84.68366,3335 Cobb Pkwy NW,,Acworth,GA,30101,US,770.376.4880,info@crunchacworth.com,acworth,,https://facebook.com/crunchacworth,CrunchAcworth,https://www.instagram.com/crunch.acworth/,@crunch.acworth
293,383,Kennesaw,33.99926,-84.58669,1200 Ernest W Barrett Parkway,Unit 220,Kennesaw,GA,30144,US,678.968.1260,info@crunchkennesaw.com,kennesaw,,https://www.facebook.com/CrunchKennesaw/,CrunchKennesaw,https://www.instagram.com/crunchkennesaw_/,crunchkennesaw_
294,504,Tulsa,36.03352,-95.8883,7827 E 91st St,,Tulsa,OK,74133,US,539.842.0966,manager@crunchtulsa.com,tulsa,,https://www.facebook.com/CrunchFitnessTulsa/,CrunchFitnessTulsa,https://www.instagram.com/crunchtulsa/,@crunchtulsa
295,527,Marietta,33.96979,-84.48895,2203 Roswell Road,,Marietta,GA,30062,US,770.264.1216,info@crunchmarietta.com,marietta,,https://www.facebook.com/crunchmarietta,@CrunchMarietta,https://www.instagram.com/crunch.marietta/,@Crunch.Marietta
296,512,Cordova,35.17018,-89.79512,1635 N. Germantown Pkwy,,Cordova,TN,38016,US,901.286.2899,info@crunchcordova.com,cordova,,https://www.facebook.com/CrunchCordova/,CrunchCordova,https://www.instagram.com/crunchcordova/,@crunchcordova
297,184,Perimeter,33.929157,-84.343062,4540 Olde Perimeter Way,,Atlanta,GA,30346,US,678.273.3610,manager@crunchperimeter.com,perimeter,,https://www.facebook.com/CrunchPerimeter/,CrunchPerimeter,,
298,541,Broken Arrow,36.01564,-95.79626,3701 S. Elm Place,,Broken Arrow,OK,74011,US,918.395.5070,manager@crunchbrokenarrow.com,brokenarrow,,https://www.facebook.com/CrunchBrokenArrow/,@CrunchBrokenArrow,https://www.instagram.com/CrunchBrokenArrow/,@CrunchBrokenArrow
299,678,Stone Mountain,33.838238,-84.071341,4051 Stone Mountain Highway,Unit D105,Lilburn,GA,30047,US,770.215.1560,info@crunchstonemountain.com,stone-mountain,,https://facebook.com/crunchstonemountain,@CrunchStoneMountain,https://www.instagram.com/CrunchStoneMountain/,@CrunchStoneMountain
300,207,Chamblee,33.898777,-84.30147,5508 Peachtree Blvd,Suite 19,Chamblee,GA,30341,US,470.359.4499,manager@crunchchamblee.com,chamblee,,https://www.facebook.com/CrunchChamblee,CrunchChamblee,,
301,449,Decatur,34.56323,-87.01189,1419 Glenn St SW,,Decatur,AL,35603,US,256.445.4625,info@crunchdecatur.com,decatur,,https://www.facebook.com/CrunchDecatur,@CrunchDecatur,https://www.instagram.com/crunchdecatur,@CrunchDecatur
302,528,Tucker,33.851971,-84.206291,4420 Hugh Howell Road,,Tucker,GA,30084,US,770.874.8020,info@crunchtucker.com,tucker,,https://facebook.com/CrunchTucker/,@CrunchTucker,https://www.instagram.com/Crunch.Tucker/,@Crunch.Tucker
303,435,West Cobb,33.953927,-84.653105,3805 Dallas Highway,,Marietta,GA,30064,US,770.746.4675,info@crunchwestcobb.com,west-cobb,,https://www.facebook.com/CrunchWestCobb,@CrunchWestCobb,https://www.instagram.com/crunch.stuart/,@Crunch.WestCobb
304,506,White Station,35.10828,-89.8901,827 S White Station Rd,,Memphis,TN,38117,US,901.300.7199,info@crunchwhitestation.com,white-station,,https://www.facebook.com/crunchwhitestation,CrunchWhiteStation,https://www.instagram.com/crunchwhitestation/,@crunchwhitestation
305,213,Lancaster,34.671635,-118.148425,1020 Commerce Center Drive,,Lancaster,CA,93534,US,661.522.9587,manager@crunchlancaster.com,lancaster,,https://www.facebook.com/CrunchLancaster,CrunchLancaster,,
306,442,Hiram,33.88925,-84.7533,4484 Jimmy Lee Smith Pkwy,,Hiram,GA,30141,US,470.672.7800,info@crunchhiram.com,hiram,,https://www.facebook.com/CrunchHiram/,CrunchHiram,https://www.instagram.com/crunch.hiram/,@crunch.hiram
307,287,Palmdale,34.579086,-118.088839,2210 E Palmdale Blvd,,Palmdale,CA,93550,US,661.266.3200,manager@crunchpalmdale.com,palmdale,,https://www.facebook.com/CrunchPalmdale/,CrunchPalmdale,https://instagram.com/crunch.palmdale,@Crunch.Palmdale
308,662,Southaven,34.991847,-90.012922,570 Main Street,,Southaven,MS,38671,US,662.210.6100,info@crunchsouthaven.com,southaven,,https://www.facebook.com/CrunchSouthaven,@CrunchSouthaven,https://www.instagram.com/CrunchSouthaven,@CrunchSouthaven
309,303,Santa Clarita,34.41592,-118.46016,18655 Soledad Canyon Rd,,Santa Clarita,CA,91351,US,661.675.4478,manager@crunchsantaclarita.com,santa-clarita,,https://www.Facebook.com/CrunchSantaClarita,@CrunchSantaClarita,https://www.instagram.com/CrunchSantaClarita,@CrunchSantaClarita
310,130,Simi Valley,34.28405,-118.76277,2655 Erringer Rd,,Simi Valley,CA,93065,US,805.522.5454,manager@crunchsimivalley.com,simi-valley,,https://www.facebook.com/CrunchSimiValley,CrunchSimiValley,,
311,93,Northridge,34.25532,-118.53612,10155 Reseda Blvd,,Northridge,CA,91324,US,818.435.7545,manager@crunchnorthridge.com,northridge,,http://www.Facebook.com/CrunchNorthridge,CrunchNorthridge,https://www.instagram.com/crunch_northridge,@crunch_northridge
312,26,Chatsworth,34.23498,-118.58927,20914 Nordhoff St,,Chatsworth,CA,91311,US,818.775.0300,manager@crunchchatsworth.com,chatsworth,,http://www.Facebook.com/CrunchChatsworth,CrunchChatsworth,https://www.instagram.com/crunch.chatsworth/,@crunch.chatsworth
313,700,Victorville,34.478049,-117.343016,12480 Amargosa Rd,,Victorville,CA,92392,US,442.242.0440,info@crunchvictorville.com,victorville,,https://www.facebook.com/CrunchVictorville,@CrunchVictorville,https://instagram.com/CrunchVictorville,@CrunchVictorville
314,650,West Hills,34.202133,-118.611447,22235 Sherman Way,,Canoga Park,CA,91303,US,818.884.5034,info@crunchwesthills.com,west-hills,,https://www.facebook.com/CrunchSelectWestHills,@CrunchSelectWestHills,https://www.instagram.com/CrunchWestHills,@CrunchWestHills
315,174,Van Nuys,34.1927744,-118.4491835,6723 Van Nuys Blvd,,Van Nuys,CA,91405,US,818.742.6044,manager@crunchvannuys.com,van-nuys,,https://www.facebook.com/CrunchVanNuys,CrunchVanNuys,https://www.instagram.com/crunch_sfv,@crunch_sfv
316,589,Edmond,35.66794,-97.51004,2121 W Danforth Rd,,Edmond,OK,73003,US,405.920.1940,manager@crunchedmond.com,edmond,,https://www.instagram.com/CrunchEdmond/,@CrunchEdmond,https://www.facebook.com/CrunchEdmond/,@CrunchEdmond
317,698,Hesperia,34.42138,-117.293159,16968 Main St,,Hesperia,CA,92345,US,442.229.4150,info@CrunchHesperia.com,hesperia,,https://www.facebook.com/CrunchHesperia,@CrunchHesperia,https://instagram.com/CrunchHesperia,@CrunchHesperia
318,19,Burbank,34.17344,-118.29879,761 N San Fernando Blvd,,Burbank,CA,91502,US,818.336.9300,burbankmanager@crunch.com,burbank,,http://www.Facebook.com/CrunchBurbank/,@CrunchBurbank,https://www.instagram.com/crunchburbank/,@CrunchBurbank
319,567,Oklahoma City Quail Springs,35.59716,-97.56585,12508 N May Ave,,Oklahoma City,OK,73120,US,405.497.8160,manager@crunchquailsprings.com,quail-springs,,https://www.facebook.com/CrunchOKCQuailSprings/,CrunchOKCQuailSprings,https://www.instagram.com/crunchokcquailsprings/,@crunchokcquailsprings
320,137,West Hollywood,34.09801,-118.36445,8000 Sunset Blvd,,Los Angeles,CA,90046,US,323.654.4550,sunsetmanager@crunch.com,west-hollywood,,https://www.facebook.com/CrunchWeHo/,@CrunchWeHo,https://www.instagram.com/crunchweho/,@CrunchWeHo
321,581,Oklahoma City Northwest,35.569092,-97.664108,8490 NW Expressway Street,,Oklahoma City,OK,73162,US,405.267.6282,manager@crunchokcnorthwest.com,okc-northwest,,https://www.facebook.com/crunchokcnorthwest,@CrunchOKCNorthwest,https://www.instagram.com/crunchokcnorthwest/,@crunchokcnorthwest
322,535,Monrovia,34.1381,-118.01281,650 W Huntington Drive,,Monrovia,CA,91016,US,626.803.1880,info@crunchmonrovia.com,monrovia,,https://www.facebook.com/CrunchMonrovia/,CrunchMonrovia,https://www.instagram.com/crunchmonrovia/,@crunchmonrovia
323,681,Oklahoma City Midwest City,35.450332,-97.390265,7515 SE 15th Street,,Midwest City,OK,73110,US,405.931.4080,manager@crunchokcmidwest.com,okc-midwest,,,,,
324,118,San Dimas,34.10729,-117.82058,192 Village Ct,,San Dimas,CA,91773,US,909.895.3180,manager@crunchsandimas.com,san-dimas,,http://www.Facebook.com/CrunchSanDimas,CrunchSanDimas,,
325,496,Yukon,35.465,-97.723129,11241 West Reno Avenue,,Yukon,OK,73099,US,405.265.9145,manager@crunchyukon.com,yukon,,https://www.facebook.com/CrunchYukon/,CrunchYukon,https://instagram.com/CrunchYukon,@crunchyukon
326,263,La Mirada,33.9153934,-118.03005189999999,12805 Valley View Ave,,La Mirada,CA,90638,US,562.315.7007,manager@crunchlamirada.com,la-mirada,,https://www.facebook.com/CrunchLaMirada,CrunchLaMirada,https://www.instagram.com/Crunch_lamirada,@Crunch_LaMirada
327,331,Norwalk CA,33.88767,-118.08688,11029 Alondra Blvd,,Norwalk,CA,90650,US,562.741.5331,manager@crunchnorwalkca.com,norwalkca,,https://www.facebook.com/CrunchNorwalkCA,CrunchNorwalkCA,https://www.instagram.com/CrunchNorwalkCA,@CrunchNorwalk
328,74,Lakewood CA,33.86063,-118.12513,5815 Bellflower Blvd,,Lakewood,CA,90713,US,562.262.0404,manager@crunchlakewood.com,lakewood,,http://www.Facebook.com/CrunchLakewood,CrunchLakewood,https://www.instagram.com/crunch_lakewood/,@Crunch_Lakewood
329,475,Savannah,32.001945,-81.116935,7804 Abercorn Street,,Savannah,GA,31406,US,912.421.5899,info@crunchsavannah.com,savannah,,https://www.facebook.com/CrunchSavannah/,CrunchSavannah,https://www.instagram.com/Crunch_Savannah/,@Crunch_Savannah
330,106,Placentia,33.89575,-117.87087,1882 N Placentia Ave,,Placentia,CA,92870,US,714.996.8000,manager@crunchplacentia.com,placentia,,http://www.Facebook.com/CrunchPlacentia,CrunchPlacentia,https://www.instagram.com/crunchplacentia/,@CrunchPlacentia
331,25,Cerritos,33.84678,-118.08039,11881 Del Amo Blvd,,Cerritos,CA,90703,US,562.741.5321,manager@crunchcerritos.com,cerritos,,http://www.Facebook.com/CrunchCerritos,CrunchCerritos,,
332,92,North Riverside,33.97718,-117.45744,7960 Limonite Ave,,Riverside,CA,92509,US,951.934.7007,manager@crunchnorthriverside.com,north-riverside,,http://www.Facebook.com/CrunchNorthRiverside,CrunchNorthRiverside,https://www.instagram.com/crunchnorthriverside/,@CrunchNorthRiverside
333,630,Anaheim,33.83772,-117.94142,504 N Euclid St,,Anaheim,CA,92801,US,714.804.5659,manager@crunchanaheim.com,anaheim,,https://www.facebook.com/CrunchAnaheim,@CrunchAnaheim,https://www.instagram.com/CrunchAnaheim,@CrunchAnaheim
334,299,Norman,35.21724,-97.47604,2300 W. Main Street,,Norman,OK,73069,US,405.322.5859,info@crunchnorman.com,norman,,https://www.facebook.com/CrunchNorman,CrunchNorman,,
335,77,Long Beach,33.77005,-118.19374,4280 Long Beach Blvd,,Long Beach,CA,90807,US,562.472.1780,manager@crunchlongbeach.com,long-beach,,http://www.Facebook.com/CrunchLongBeach,CrunchLongBeach,https://www.instagram.com/crunch_longbeach/,@Crunch_LongBeach
336,252,Downtown Long Beach,33.766815,-118.198934,100 Oceangate,,Long Beach,CA,90802,US,562.453.1030,manager@crunchdowntownlongbeach.com,downtown-long-beach,,,,,
337,211,Garden Grove,33.80234,-117.961591,9822 Katella Ave,,Garden Grove,CA,92804,US,714.462.3611,manager@crunchgardengrove.com,garden-grove,,https://www.facebook.com/CrunchGardenGrove,CrunchGardenGrove,https://www.instagram.com/crunchgardengrove/,CrunchGardenGrove
338,82,Moreno Valley,33.93789,-117.27131,22500 Town Circle,,Moreno Valley,CA,92553,US,951.616.1002,manager@crunchmorenovalley.com,moreno-valley,,http://www.Facebook.com/CrunchMorenoValley,CrunchMorenoValley,https://www.instagram.com/crunch_morenovalley/,@Crunch_MorenoValley
339,274,Corona,33.869061,-117.594573,1292 Border Ave,,Corona,CA,92882,US,951.420.0570,manager@crunchcorona.com,corona,,https://www.facebook.com/CrunchCorona,CrunchCorona,https://www.instagram.com/crunch_inlandempire/,@Crunch_InlandEmpire
340,67,Huntington Beach,33.72993,-118.02514,5894 Edinger Ave,,Huntington Beach,CA,92649,US,714.316.0110,manager@crunchhuntingtonbeach.com,huntington-beach,,http://www.Facebook.com/CrunchHuntingtonBeach,CrunchHuntingtonBeach,,
341,143,Tustin,33.74567,-117.81845,502 E 1st St,,Tustin,CA,92780,US,714.734.2350,manager@crunchtustin.com,tustin,,http://www.Facebook.com/CrunchTustin,CrunchTustin,https://www.instagram.com/crunchtustin/,@CrunchTustin
342,491,Warner Robins,32.61952,-83.6885,2930 Watson Blvd,,Centerville,GA,31028,US,478.273.0320,info@crunchwarnerrobins.com,warner-robins,,https://www.facebook.com/CrunchWarnerRobins/,CrunchWarnerRobins,https://www.instagram.com/crunchwarnerrobins,@CrunchWarnerRobins
343,52,Fountain Valley,33.69981,-117.97255,18081 Magnolia St,,Fountain Valley,CA,92708,US,714.963.2050,manager@crunchfountainvalley.com,fountain-valley,,http://www.Facebook.com/CrunchFountainValley,CrunchFountainValley,https://www.instagram.com/crunchfountainvalley/,@CrunchFountainValley
344,381,Hoover,33.387852,-86.807808,1694 Montgomery Hwy,,Hoover,AL,35216,US,205.922.0020,info@crunchhoover.com,hoover,,https://www.facebook.com/CrunchHoover/,@CrunchHoover,https://www.instagram.com/crunchfitnesshoover/,@crunchfitnesshoover
345,205,Amarillo,35.191988,-101.867283,2020 S. Georgia Street,,Amarillo,TX,79109,US,806.358.0706,info@crunchamarillo.com,amarillo,,https://www.facebook.com/CrunchAmarillo,CrunchAmarillo,,
346,649,Albuquerque San Mateo,35.106543,-106.588664,2451 San Mateo Blvd NE,,Albuquerque,NM,87110,US,505.600.6360,manager@crunchabqsanmateo.com,abq-san-mateo,,,,,
347,387,Alabaster,33.23818,-86.81731,509 1st St SW,,Alabaster,AL,35007,US,205.685.2020,info@crunchalabasteral.com,alabaster,,https://www.facebook.com/CrunchAlabaster/,CrunchAlabaster,https://www.instagram.com/crunchalabaster/,CrunchAlabaster
348,117,San Clemente,33.45826,-117.65205,638 Camino De Los Mares,,San Clemente,CA,92673,US,949.661.6060,manager@crunchsanclemente.com,san-clemente,,http://www.Facebook.com/CrunchSanClemente,CrunchSanClemente,https://www.instagram.com/crunchsanclemente/,@CrunchSanClemente
349,277,Tuscaloosa,33.178259,-87.523357,3325 McFarland Blvd E,,Tuscaloosa,AL,35405,US,205.737.0738,info@crunchtuscaloosa.com,tuscaloosa,,https://www.facebook.com/CrunchTuscaloosa,CrunchTuscaloosa,,
350,546,Columbus,32.50626,-84.94784,2925 Manchester Expressway,,Columbus,GA,31909,US,706.940.3899,info@crunchcolumbus.com,columbus,,https://www.facebook.com/crunchcolumbus,@CrunchColumbus,https://instagram.com/crunchcolumbus,@CrunchColumbus
351,421,Auburn,32.62457,-85.444313,1716 Opelika Rd,Suite 30,Auburn,AL,36830,US,334.787.9400,info@crunchauburn.com,auburn,,https://www.facebook.com/crunchauburn/,@CrunchAuburn,https://www.instagram.com/crunchauburn/,@CrunchAuburn
352,97,Oceanside,33.1903661,-117.361504,1767 Oceanside Blvd,,Oceanside,CA,92054,US,760.309.3638,manager@crunchoceanside.com,oceanside,,https://www.facebook.com/CrunchOceanside,CrunchOceanside,https://www.instagram.com/Crunch_oceanside,@Crunch_Oceanside
353,147,Vista,33.19757,-117.2459,225 Vista Village Dr,Suite 310-B,Vista,CA,92083,US,760.477.4000,manager@crunchvista.com,vista,,http://www.Facebook.com/CrunchVista,CrunchVista,https://www.instagram.com/crunchvista/,@CrunchVista
354,376,Montgomery,32.35691,-86.21726,1580 Eastern Blvd,,Montgomery,AL,36117,US,334.676.2195,manager@crunchmontgomery.com,montgomery,,https://www.facebook.com/CrunchMontgomery,CrunchMontgomery,https://www.instagram.com/crunchfitnessmontgomery/,@crunchfitnessmontgomery
355,22,Carmel Valley,32.92837,-117.19872,6025 Village Way,,San Diego,CA,92130,US,858.261.5431,manager@crunchcarmelvalley.com,carmel-valley,,http://www.Facebook.com/CrunchCarmelValley,CrunchCarmelValley,https://www.instagram.com/crunchcarmelvalley/,@Crunch_CarmelValley
356,128,Serra Mesa,32.80242,-117.13942,3270 Greyling Dr,,Serra Mesa,CA,92123,US,858.267.4201,crunchserramesa@gmail.com,serra-mesa,,http://www.Facebook.com/CrunchSerraMesa,CrunchSerraMesa,https://www.instagram.com/CrunchFitness_SerraMesa/,@CrunchFitness_SerraMesa
357,43,El Cajon Jamacha,32.78954,-116.93109,522 Jamacha Rd,,El Cajon,CA,92019,US,619.383.0101,manager@crunchelcajonjamacha.com,el-cajon-jamacha,,http://www.Facebook.com/CrunchElCajonJamacha,CrunchElCajonJamacha,https://www.instagram.com/crunchjamacha/,@Crunch_elcajonjamacha
358,262,University Square,32.751566,-117.067372,5881 University Ave,,San Diego,CA,92115,US,619.391.1781,info@crunchuniversitysquare.com,university-square,,http://www.Facebook.com/CrunchUniversitySquare,CrunchUniversitySquare,http://www.instagram.com/Crunch_UniversitySquare,@Crunch_universitysquare
359,312,Eastlake,32.654401,-116.95522,851 Showroom Pl,#104,Chula Vista,CA,91914,US,619.754.6812,manager@cruncheastlake.com,eastlake,,https://www.facebook.com/CrunchEastlake,CrunchEastlake,https://www.instagram.com/Crunch_Eastlake,@Crunch_Eastlake
360,392,Wichita Falls,33.88374,-98.52656,3007 Garnett Ave,,Wichita Falls,TX,76308,US,940.276.1400,info@crunchwichitafalls.com,wichita-falls,,https://www.facebook.com/CrunchWichitaFalls/,CrunchWitchitaFalls,https://www.instagram.com/CrunchWichitaFalls/,crunchwichitafalls
361,431,Harbour Village,30.32196,-81.452728,13475 Atlantic Blvd,,Jacksonville,FL,32225,US,904.328.3439,info@crunchharbourvillage.com,harbour-village,,https://www.facebook.com/Crunchharbourvillage,Crunchharbourvillage,https://www.instagram.com/Crunchharbourvillage,Crunchharbourvillage
362,515,Regency Park,30.31759,-81.55373,9400 Atlantic Blvd,,Jacksonville,FL,32225,US,904.456.1300,info@crunchregencypark.com,regency-park,,https://www.facebook.com/CrunchRegencyPark/,CrunchRegencyPark,https://instagram.com/crunchregency,crunchregency
363,398,Valdosta,30.84574,-83.31982,1710 Norman Drive,Suite A-1,Valdosta,GA,31602,US,229.437.0521,manager@crunchvaldosta.com,valdosta,,https://www.facebook.com/CrunchValdosta/,CrunchValdosta,https://www.instagram.com/crunchfitnessvaldosta/,CrunchFitnessValdosta
364,585,Yuma,32.672909,-114.626404,3020 S. 4th Avenue,,Yuma,AZ,85364,US,928.224.9950,info@crunchyuma.com,yuma,,https://www.facebook.com/crunchyuma,@CrunchYuma,https://instagram.com/crunch.yuma,@Crunch.Yuma
365,239,Ridgeland,32.399491,-90.118773,2000 E. County Line Rd,,Ridgeland,MS,39157,US,601.360.8080,info@crunchridgeland.com,ridgeland,,https://www.facebook.com/CrunchRidgeland,CrunchRidgeland,,
366,380,Orange Park,30.188574,-81.736465,1919 Wells Road,,Orange Park,FL,32073,US,904.274.0288,info@crunchorangepark.com,orangepark,,https://www.facebook.com/CrunchOrangePark,CrunchOrangePark,https://www.instagram.com/crunchorangepark/,@crunchorangepark
367,238,Lubbock,33.537483,-101.92097,6205 Slide Road,,Lubbock,TX,79414,US,806.686.0075,info@crunchlubbock.com,lubbock,,https://www.facebook.com/CrunchLubbock,CrunchLubbock,,
368,335,Dothan,31.233946,-85.45032,3850 W Main St,,Dothan,AL,36305,US,334.446.3800,manager@crunchdothan.com,dothan,,https://www.facebook.com/CrunchDothan/,CrunchDothan,https://www.instagram.com/crunchfitnessdothan/,@crunchfitnessdothan
369,669,McKinney,33.175001,-96.728331,8551 Eldorado Parkway,,McKinney,TX,75070,US,469.638.3338,info@crunchmckinney.com,mckinney,,https://facebook.com/crunchmckinney,@CrunchMcKinney,https://www.instagram.com/Crunch.Mckinney/,@Crunch.McKinney
370,549,Allen,33.10393,-96.68316,510 North Watters Road,,Allen,TX,75013,US,469.824.3022,info@crunchallen.com,allen,,https://www.facebook.com/CrunchAllenTX/,CrunchAllenTX,https://www.instagram.com/crunch.allen/,crunch.allen
371,418,Frisco,33.10952,-96.805832,3865 Preston Rd,,Frisco,TX,75034,US,469.342.0456,info@crunchfrisco.com,frisco,,https://www.facebook.com/CrunchFrisco,CrunchFrisco,https://instagram.com/CrunchFrisco,CrunchFrisco
372,591,East Plano,33.020229,-96.71479,801D W 15th St,,Plano,TX,75075,US,469.797.1105,info@CrunchEastPlano.com,east-plano,,https://facebook.com/cruncheastplano,@CrunchEastPlano,https://www.instagram.com/crunch.eastplano/,@crunch.EastPlano
373,529,Plano,33.024448,-96.798561,1701 Preston Rd,,Plano,TX,75093,US,214.910.1660,info@crunchplano.com,plano,,https://www.facebook.com/CrunchPlano/,@CrunchPlano,https://www.instagram.com/crunchplano/,@CrunchPlano
374,689,Rowlett,32.908472,-96.566628,3601 Lakeview Pkwy,,Rowlett,TX,75088,US,972.723.4986,info@crunchrowlett.com,rowlett,,https://facebook.com/crunchrowlett,@CrunchRowlett,https://www.instagram.com/Crunch.Rowlett,@Crunch.Rowlett
375,640,Central Forest,32.90755,-96.76941,11615 North Central Expressway,,Dallas,TX,75243,US,214.385.2998,info@CrunchCentralForest.com,central-forest,,https://facebook.com/crunchcentralforest,@CrunchCentralForest,https://www.instagram.com/Crunch.CentralForest/,@Crunch.CentralForest
376,612,Colleyville,32.87817,-97.15728,4701 Colleyville Blvd,Suite 200,Colleyville,TX,76034,US,817.748.8410,info@crunchcolleyville.com,colleyville,,https://facebook.com/crunchcolleyville,@CrunchColleyville,https://www.instagram.com/CrunchColleyville/,@CrunchColleyville
377,667,Saginaw,32.867418,-97.3406,1653 Creststone Trl,,Fort Worth,TX,76131,US,817.264.3001,info@CrunchSaginaw.com,saginaw,,https://facebook.com/crunchsaginaw,@CrunchSaginaw,https://www.instagram.com/Crunch.saginaw/,@Crunch.Saginaw
378,439,Tallahassee,30.463447,-84.309835,1525 W. Tharpe Street,,Tallahassee,FL,32303,US,850.328.2700,info@crunchtallahassee.com,tallahassee,,https://www.facebook.com/crunchtallahassee/,@CrunchTallahassee,https://www.instagram.com/crunchtallahassee/,@CrunchTallahassee
379,551,North Richland Hills,32.84177,-97.24125,6601 NE Loop 820,,North Richland Hills,TX,76180,US,682.610.3051,info@crunchnorthrichlandhills.com,north-richland-hills,,https://www.facebook.com/CrunchNorthRichlandHills/,CrunchNorthRichlandHills,https://www.instagram.com/crunch.northrichlandhills/,crunch.northrichlandhills
380,666,Forney,32.748557,-96.451873,172 Trailhouse Ln,,Forney,TX,75126,US,972.213.1331,info@crunchforney.com,forney,,https://facebook.com/crunchforney,@CrunchForney,https://www.instagram.com/Crunch.Forney/,@Crunch.Forney
381,358,Longview,32.51648,-94.73978,2505-B Judson Road,,Longview,TX,75606,US,430.201.3636,longviewgm@undefeatedtribe.com,longview,,https://www.facebook.com/CrunchLongview,@CrunchLongview,https://www.instagram.com/CrunchLongview,@CrunchLongview
382,629,Grand Prairie,32.69665,-97.02576,3124 State Highway 161,,Grand Prairie,TX,75052,US,817.396.5301,info@crunchgrandprairie.com,grand-prairie,,https://facebook.com/crunchgrandprairie,@CrunchGrandPrairie,https://www.instagram.com/crunchgrandprairie/,@CrunchGrandPrairie
383,643,Duncanville,32.655251,-96.890167,4350 Gannon Lane,,Dallas,TX,75237,US,469.895.4040,manager@crunchduncanville.com,duncanville,,https://www.facebook.com/CrunchSouthDallas,@CrunchSouthDallas,https://www.instagram.com/CrunchSouthDallas,@CrunchSouthDallas
384,426,Arlington,32.65065,-97.137169,5906 South Cooper Street,,Arlington,TX,76017,US,430.227.8624,manager@cruncharlington.com,arlington,,https://www.facebook.com/CrunchArlington,@CrunchArlington,https://www.instagram.com/cruncharlington,@CrunchArlington
385,452,Daytona Beach,29.206035,-81.042921,290 N. Nova Rd,,Daytona Beach,FL,32114,US,386.293.0310,info@crunchdaytonabeach.com,daytona-beach,,https://www.facebook.com/CrunchDaytonaBeach,CrunchDaytonaBeach,https://www.instagram.com/CrunchDaytonaBeach,CrunchDaytonaBeach
386,356,Gainesville,29.633599,-82.373787,2002 SW 34th Street,,Gainesville,FL,32608,US,352.415.3900,info@crunchgainesville.com,gainesville,,https://www.facebook.com/CrunchGainesville/,CrunchGainesville,https://www.instagram.com/crunchgainesville/,@crunchgainesville
387,595,Cedar Hill,32.591862,-96.946007,213 N Hwy 67,,Cedar Hill,TX,75104,US,469.727.0300,manager@crunchcedarhill.com,cedar-hill,,https://www.facebook.com/CrunchCedarHill,@CrunchCedarHill,https://www.instagram.com/CrunchCedarHill,@CrunchCedarHill
388,664,Summer Creek,32.62952,-97.408652,5317 Sycamore Lake Rd,,Fort Worth,TX,76123,US,817.745.9098,info@crunchsummercreek.com,summer-creek,,https://facebook.com/crunchsummercreek,@CrunchSummerCreek,https://www.instagram.com/crunchsummercreek,@CrunchSummerCreek
389,279,Petal,31.350084,-89.226433,922 Highway 42,,Petal,MS,39465,US,601.475.1803,info@crunchpetal.com,petal,,https://www.facebook.com/CrunchPetal,CrunchPetal,,
390,347,Tyler,32.30823,-95.27652,1909 East Southeast Loop 323,,Tyler,TX,75701,US,903.251.9194,tylergm@undefeatedtribe.com,tyler,,https://www.facebook.com/CrunchTyler,@CrunchTyler,https://www.instagram.com/CrunchTyler,@CrunchTyler
391,278,Hattiesburg,31.327724,-89.357816,4501 Hardy Street,Suite 50,Hattiesburg,MS,39402,US,601.336.5322,info@crunchhattiesburg.com,hattiesburg,,https://www.facebook.com/CrunchHattiesburg,CrunchHattiesburg,,
392,34,Deltona,28.896451,-81.272008,1200 Deltona Blvd,,Deltona,FL,32725,US,386.259.5551,info@crunchdeltona.com,deltona,,https://www.facebook.com/CrunchDeltona,CrunchDeltona,https://www.instagram.com/crunch_deltona/,@Crunch_Deltona
393,293,Abilene,32.428492,-99.783303,4709 S 14th Street,,Abilene,TX,79605,US,325.899.4242,info@crunchabilene.com,abilene,,https://www.facebook.com/CrunchAbilene,CrunchAbilene,https://instagram.com/CrunchAbilene,CrunchAbilene
394,241,Las Cruces,32.30099,-106.772469,320 East Wyatt Dr,,Las Cruces,NM,88001,US,575.232.9030,manager@crunchlascruces.com,las-cruces,,,,,
395,680,Lake Mary,28.755404,-81.336112,236 Wheelhouse Ln,,Lake Mary,FL,32746,US,321.233.8669,info@crunchlakemary.com,lake-mary,,https://facebook.com/crunchlakemary,@CrunchLakeMary,https://www.instagram.com/Crunch.LakeMary/,@Crunch.LakeMary
396,626,Spanish Fort,30.66031,-87.90603,22500 Town Center Avenue,,Spanish Fort,AL,36527,US,918.289.6414,info@crunchspanishfort.com,spanishfort,,https://www.facebook.com/crunchspanishfort,@crunchspanishfort,https://www.instagram.com/crunchspanishfort,@crunchspanishfort
397,670,Pensacola,30.488689,-87.224998,"6235 N Davis Hwy, Suite 119",,Pensacola,FL,32504,US,850.361.2400,info@crunchpensacola.com,pensacola,,https://www.facebook.com/CrunchPensacola,@CrunchPensacola,https://instagram.com/CrunchPensacola,@CrunchPensacola
398,404,Winter Springs,28.69648,-81.26295,1185 East SR 434,,Winter Springs,FL,32708,US,407.214.3105,info@crunchwintersprings.com,winter-springs,,https://www.facebook.com/CrunchWinterSprings/,@CrunchWinterSprings,https://www.instagram.com/crunch.wintersprings/,@crunch.wintersprings
399,427,Mobile,30.67647,-88.12205,3250 Airport Blvd,Suite A,Mobile,AL,36606,US,251.298.7435,manager@crunchmobileal.com,mobile,,https://www.facebook.com/crunchmobile,@CrunchMobile,https://www.instagram.com/crunchmobile,@CrunchMobile
400,497,Altamonte Springs,28.68369,-81.41869,951 N State Rd 434,,Altamonte Springs,FL,32714,US,407.449.7500,info@crunchaltamontesprings.com,altamonte-springs,,https://www.facebook.com/CrunchAltamonteSprings/,CrunchAltamonteSprings,https://www.instagram.com/CrunchAltamonteSprings/,CrunchAltamonteSprings
401,284,Casselberry,28.645032,-81.320969,1040 S.R. 436,,Casselberry,FL,32707,US,407.707.9700,info@crunchcasselberry.com,casselberry,,https://facebook.com/crunchcasselberry,CrunchCasselberry,,
402,690,Winter Park,28.613034,-81.281234,4270 Aloma Ave,,Winter Park,FL,32792,US,407.618.0129,info@crunchwinterpark.com,winter-park,,https://facebook.com/crunchwinterpark,@CrunchWinterPark,https://www.instagram.com/crunch.winterpark,@Crunch.WinterPark
403,692,Apopka,28.67105,-81.466217,2360 E. Semoran Blvd,,Apopka,FL,32703,US,407.358.7233,info@crunchapopka.com,apopka,,https://facebook.com/crunchapopka,@CrunchApopka,https://www.instagram.com/crunch.apopka,@Crunch.Apopka
404,686,Orlando Park,28.568302,-81.199472,12187 E Colonial Dr.,,Orlando,FL,32826,US,321.332.9704,info@crunchorlandopark.com,orlando-park,,https://facebook.com/crunchOrlandoPark,@CrunchOrlandoPark,https://www.instagram.com/CrunchOrlandoPark,@crunch.OrlandoPark
405,337,East Colonial,28.552,-81.34236,3222 E Colonial Drive,,Orlando,FL,32803,US,407.813.2411,info@cruncheastcolonial.com,east-colonial,,https://www.facebook.com/CrunchEastColonial/,CrunchEastColonial,https://www.instagram.com/crunch.eastcolonial/,Crunch.EastColonial
406,561,Ocoee,28.57531,-81.51875,1560 East Silver Star Road,,Ocoee,FL,34761,US,321.329.1010,info@crunchocoee.com,ocoee,,https://www.facebook.com/CrunchOcoee/,CrunchOcoee,https://www.instagram.com/Crunch.Ocoee/,Crunch.Ocoee
407,691,Kirkman,28.527336,-81.461925,1101 Resource Ave,,Orlando,FL,32835,US,321.445.0296,info@crunchkirkman.com,kirkman,,https://facebook.com/crunchkirkman,@CrunchKirkman,https://www.instagram.com/crunch.kirkman,@Crunch.kirkman
408,235,Belle Isle,28.479522,-81.33204,4400 Hoffner Ave,,Orlando,FL,32812,US,407.278.7044,info@crunchbelleisle.com,belle-isle,,https://facebook.com/crunchbelleisle,CrunchBelleIsle,,
409,242,Lake Nona™,28.446101,-81.262908,11926 Narcoossee Road,Suite 100,Orlando,FL,32832,US,407.313.2239,info@crunchlakenona.com,lake-nona,,https://www.facebook.com/CrunchLakeNona,@CrunchLakeNona,,
410,498,Winter Garden,28.5495,-81.59439,14150 West Colonial Drive,,Winter Garden,FL,34787,US,407.214.3107,info@crunchwintergarden.com,winter-garden,,https://www.facebook.com/CrunchWinterGarden/,@CrunchWinterGarden,https://www.instagram.com/crunchwintergarden_/,@crunchwintergarden_
411,403,Wickham,28.18941,-80.67219,4880 N Wickham Road,,Melbourne,FL,32940,US,321.499.2243,info@crunchwickham.com,wickham,,https://www.facebook.com/CrunchMelbourne/,@CrunchMelbourne,https://www.instagram.com/crunch.wickham/,@crunch.wickham
412,660,Dr. Phillips,28.454646,-81.490566,7506 Dr. Phillips Blvd,,Orlando,FL,32819,US,407.813.1303,info@crunchdrphillips.com,dr-phillips,,https://facebook.com/crunchdrphillips,@CrunchDrPhillips,https://www.instagram.com/Crunch.DrPhillips/,@Crunch.DrPhillips
413,316,Midland,32.011552,-102.157635,3200 N Loop 250 W,#B,Midland,TX,79707,US,432.242.6599,info@crunchmidland.com,midland,,https://www.facebook.com/CrunchMidland/,CrunchMidland,,
414,363,West Melbourne,28.078677,-80.642389,1257 W. New Haven Avenue,,Melbourne,FL,32904,US,321.326.8977,info@crunchmelbourne.com,west-melbourne,,https://www.facebook.com/CrunchMelbourne/,CrunchMelbourne,https://www.instagram.com/Crunch.Melbourne/,Crunch.Melbourne
415,397,Kissimmee,28.33891,-81.41095,850 W. Osceola Pkwy,,Kissimmee,FL,34741,US,407.214.6607,info@crunchkissimmee.com,kissimmee,,https://www.facebook.com/CrunchKissimmee/,CrunchKissimmee,https://www.instagram/Crunch.Kissimmee/,Crunch.Kissimmee
416,478,El Paso Dyer,31.87266,-106.42738,9155 Dyer St,,El Paso,TX,79924,US,915.455.0044,manager@crunchelpasodyer.com,el-paso-dyer,,https://www.facebook.com/crunchelpasodyer,@CrunchElPasoDyer,https://www.instagram.com/crunchelpasodyer,@CrunchElPasoDyer
417,260,D'Iberville,30.441564,-88.898194,10598 D'Iberville Blvd,Suite J,D'Iberville,MS,39540,US,228.232.0800,info@crunchdiberville.com,d-iberville,,https://www.facebook.com/CrunchDiberville,CrunchDiberville,,
418,402,Odessa,31.88792,-102.35359,2008 E 42nd Street,,Odessa,TX,79762,US,432.305.4600,info@crunchodessa.com,odessa,,https://www.facebook.com/crunchodessa/,crunchodessa,https://www.instagram.com/crunchodessa/,@CrunchOdessa
419,598,El Paso Zaragoza,31.76455,-106.25803,2060 Zaragoza Road,,El Paso,TX,79938,US,915.336.0250,manager@crunchelpasozaragoza.com,el-paso-zaragoza,,https://www.facebook.com/CrunchElPasoZaragoza,@CrunchElPasoZaragoza,https://www.instagram.com/CrunchElPasoZaragoza,@CrunchElPasoZaragoza
420,259,Long Beach MS,30.35065,-89.154742,200 W. Railroad St.,Suite 103,Long Beach,MS,39560,US,228.207.6420,info@crunchlongbeachms.com,long-beach-ms,,https://www.facebook.com/CrunchLongBeachMS,CrunchLongBeachMS,https://www.instagram.com/CrunchLongBeachMS,CrunchLongBeachMS
421,292,Waco,31.529914,-97.172799,575 North Valley Mills Drive,,Waco,TX,76710,US,254.265.8265,wacogm@undefeatedtribe.com,waco,,https://www.facebook.com/CrunchWaco/,CrunchWaco,https://www.instagram.com/CrunchWaco,@CrunchWaco
422,520,Poinciana,28.08671,-81.47299,4690 Marigold Ave,,Kissimmee,FL,34758,US,863.201.5375,info@crunchpoinciana.com,poinciana,,https://www.facebook.com/CrunchPoinciana/,CrunchPoinciana,https://www.instagram.com/crunch.poinciana,@crunch.poinciana
423,599,Mandeville,30.37515,-90.09173,623 N. Causeway Blvd,,Mandeville,LA,70448,US,985.263.9440,info@crunchmandeville.com,mandeville,,https://www.facebook.com/CrunchMandeville,@CrunchMandeville,https://www.instagram.com/CrunchMandeville,@CrunchMandeville
424,542,Wesley Chapel,28.23598,-82.35228,5351 Village Market Drive,,Wesley Chapel,FL,33544,US,813.295.2723,info@crunchwesleychapel.com,wesley-chapel,,https://www.facebook.com/CrunchWesleyChapel,@CrunchWesleyChapel,https://www.instagram.com/crunchwesleychapel/,@CrunchWesleyChapel
425,450,Baton Rouge,30.43373,-91.0843,9618 Airline Hwy,,Baton Rouge,LA,70815,US,225.453.0100,info@crunchbatonrouge.com,baton-rouge,,https://www.facebook.com/crunchbatonrouge/,CrunchBatonRouge,https://www.instagram.com/crunchbatonrouge,CrunchBatonRouge
426,345,Land O'Lakes,28.186886,-82.437849,2126 Collier Parkway,,Land O' Lakes,FL,34639,US,813.491.7003,info@crunchlandolakes.com,landolakes,,https://www.facebook.com/CrunchLandOLakes,CrunchLandOLakes,https://www.instagram.com/crunch.landolakes/,Crunch.LandOLakes
427,423,San Angelo,31.43834,-100.49161,4349 Sherwood Way,,San Angelo,TX,76901,US,325.716.4069,manager@crunchsanangelo.com,san-angelo,,https://www.facebook.com/CrunchSanAngelo,CrunchSanAngelo,https://instagram.com/CrunchSanAngelo,CrunchSanAngelo
428,364,Trinity,28.218179,-82.691598,7423 State Road 54,,New Port Richey,FL,34653,US,727.758.7544,info@crunchtrinity.com,trinity,,https://www.facebook.com/CrunchTrinity/,CrunchTrinity,https://www.instagram.com/Crunch.Trinity/,Crunch.Trinity
429,344,Lakeland,27.971024,-81.962777,5218 S Florida Ave,,Lakeland,FL,33813,US,863.677.9200,info@crunchlakeland.com,lakeland,,https://www.facebook.com/CrunchLakeland,CrunchLakeland,https://www.instagram.com/Crunch.Lakeland,Crunch.Lakeland
430,138,Tampa Palms,28.08873,-82.40514,15313 Amberly Dr,,Tampa,FL,33647,US,813.609.4710,manager@crunchtampapalms.com,tampa-palms,,http://www.Facebook.com/CrunchTampaPalms,CrunchTampaPalms,https://www.instagram.com/crunch_tampa_palms/,@Crunch_Tampa_Palms
431,24,Carrollwood,28.0965,-82.50237,15798 N Dale Mabry Hwy,,Tampa,FL,33618,US,813.304.2491,manager@crunchcarrollwood.com,carrollwood,,http://www.Facebook.com/CrunchCarrollwood,CrunchCarrollwood,https://www.instagram.com/crunchcarrollwood/,@CrunchCarrollwood
432,574,Port St. Lucie,27.27645,-80.28861,10330 S US Highway 1,,Port St. Lucie,FL,34952,US,772.275.3901,info@crunchportstlucie.com,port-st-lucie,,https://www.facebook.com/CrunchPortStLucie,CrunchPortStLucie,https://www.instagram.com/Crunch.PortStLucie,Crunch.PortStLucie
433,453,Temple,31.08549,-97.39782,4501 S General Bruce Drive,,Temple,TX,76502,US,254.677.8700,templegm@undefeatedtribe.com,temple,,https://www.facebook.com/CrunchTemple,@CrunchTemple,https://www.instagram.com/CrunchTemple,@CrunchTemple
434,272,Killeen,31.11201,-97.749309,1101 S Fort Hood St #100,,Killeen,TX,76541,US,254.265.7474,killeengm@undefeatedtribe.com,killeen,,https://www.facebook.com/CrunchKilleen,CrunchKilleen,https://www.instagram.com/CrunchKilleen,@crunchkilleen
435,642,Palm Harbor,28.091459,-82.740082,35104 US Highway 19 North,,Palm Harbor,FL,34684,US,727.473.1932,info@crunchpalmharbor.com,palm-harbor,,https://facebook.com/crunchpalmharbor,@CrunchPalmHarbor,https://www.instagram.com/crunch.palmharbor/,@Crunch.PalmHarbor
436,350,Brandon,27.93781,-82.31159,1570 W Brandon Blvd,,Brandon,FL,33511,US,813.681.4962,info@crunchbrandon.com,brandon,,https://facebook.com/crunchbrandon,CrunchBrandon,https://www.instagram.com/crunch.brandon/,Crunch.Brandon
437,63,Hillsborough,27.9950098,-82.5176571,4340 West Hillsborough Ave,,Tampa,FL,33614,US,813.605.2500,manager@crunchhillsborough.com,hillsborough,,https://www.facebook.com/CrunchHillsborough,CrunchHillsborough,,
438,425,Stuart,27.17326,-80.23361,2508 SE Federal Highway,,Stuart,FL,34994,US,772.874.2001,info@crunchstuart.com,stuart,,https://www.facebook.com/CrunchStuart,@CrunchStuart,https://www.instagram.com/crunch.stuart/,@Crunch.Stuart
439,13,Bloomingdale,27.89507,-82.24667,3236 Lithia Pinecrest Rd,,Valrico,FL,33594,US,813.381.4106,manager@crunchbloomingdale.com,bloomingdale,,https://www.facebook.com/CrunchBloomingdale/,CrunchBloomingdale,,
440,209,Channelside,27.950686,-82.447781,1120 E Kennedy Blvd,Suite 129,Tampa,FL,33602,US,813.443.9102,info@crunchchannelside.com,channelside,,https://www.facebook.com/CrunchChannelside,CrunchChannelside,,
441,271,Countryside,28.018879,-82.730247,2591 State Road 580,,Clearwater,FL,33761,US,727.509.3033,info@crunchcountryside.com,countryside,,https://facebook.com/crunchcountryside,CrunchCountryside,,
442,651,Algiers,29.925668,-90.01971,3600 MacArthur Blvd,,New Orleans,LA,70114,US,504.291.4100,info@crunchalgiers.com,algiers,,https://www.facebook.com/CrunchAlgiers,@CrunchAlgiers,https://www.instagram.com/CrunchAlgiers,@CrunchAlgiers
443,132,South Tampa,27.905395,-82.507324,4055 S Dale Mabry Hwy,,Tampa,FL,33611,US,813.284.7777,manager@crunchsouthtampa.com,south-tampa,,http://www.Facebook.com/CrunchSouthTampa,CrunchSouthTampa,,
444,230,Riverview,27.792006,-82.329898,10615 Big Bend Road,,Riverview,FL,33579,US,813.488.1118,info@crunchriverview.com,riverview,,https://facebook.com/crunchriverview,CrunchRiverview,,
445,695,Marrero,29.873855,-90.099106,5005 Lapalco Blvd,,Marrero,LA,70072,US,504.313.4520,info@crunchmarrero.com,marrero,,https://www.facebook.com/CrunchMarrero,@CrunchMarrero,https://instagram.com/CrunchMarrero,@CrunchMarrero
446,571,Apollo Beach,27.76888,-82.38703,6215 Seawind Ct.,,Apollo Beach,FL,33572,US,813.954.6901,info@crunchapollobeach.com,apollo-beach,,https://facebook.com/crunchapollobeach,@CrunchApolloBeach,https://www.instagram.com/crunch.apollobeach/,@Crunch.ApolloBeach
447,422,St. Pete Northeast,27.80569,-82.635727,218 37th Avenue N.,,St Petersburg,FL,33704,US,727.380.4800,info@crunchstpete.com,stpete-northeast,,https://www.facebook.com/CrunchStPeteNortheast/,@CrunchStPeteNortheast,https://www.instagram.com/crunch.stpete/,@crunch.stpete
448,234,Seminole,27.840785,-82.788396,10781 Park Blvd,,Seminole,FL,33772,US,727.289.6174,info@crunchseminole.com,seminole,,https://www.facebook.com/CrunchSeminole,CrunchSeminole,,
449,428,Tyrone,27.78237,-82.713448,900 58th Street North,,St. Petersburg,FL,33710,US,727.425.6710,info@crunchtyrone.com,tyrone,,https://www.facebook.com/CrunchTyrone,@CrunchTyrone,https://www.instagram.com/crunch.tyrone,@Crunch.Tyrone
450,407,Palm Beach Gardens,26.80779,-80.10194,4242 Northlake Blvd,,Palm Beach Gardens,FL,33410,US,561.462.2907,info@crunchpalmbeachgardens.com,palm-beach-gardens,,https://www.facebook.com/CrunchPalmBeachGardens/,CrunchPalmBeachGardens,https://www.instagram.com/crunch.palmbeachgardens/,@crunch.palmbeachgardens
451,558,College Station,30.633282,-96.330838,615 University Drive E,,College Station,TX,77840,US,979.314.9333,info@crunchcollegestationTX.com,college-station,,https://www.facebook.com/crunchcollegestation,CrunchCollegeStation,https://instagram.com/collegestation,CrunchCollegeStation
452,434,Parrish,27.5463,-82.475227,8840 US 301,,Parrish,FL,34219,US,941.258.9310,info@crunchparrish.com,parrish,,https://www.facebook.com/CrunchParrish,@CrunchParrish,https://www.instagram.com/crunch.parrish/,@Crunch.Parrish
453,281,Lakewood Ranch,27.48845,-82.45513,8475 Heritage Green Way,,Bradenton,FL,34212,US,941.714.4810,info@crunchlakewoodranch.com,lakewood-ranch,,https://facebook.com/crunchlakewoodranch,CrunchLakewoodRanch,,
454,406,Greenacres,26.6495,-80.15017,6846 Forest Hill Blvd,,Greenacres,FL,33413,US,561.369.6001,info@crunchgreenacres.com,greenacres,,https://www.facebook.com/CrunchGreenacres,CrunchGreenacres,https://www.instagram.com/crunch.greenacres/,@crunch.greenacres
455,441,Wellington,26.67269,-80.24778,12800 Forest Hill Blvd,,Wellington,FL,33414,US,561.461.8477,info@crunchwellington.com,wellington,,https://www.facebook.com/CrunchWellington/,CrunchWellington,https://www.instagram.com/crunch.wellington/,@crunch.wellington
456,499,Lake Worth,26.57215,-80.11607,4681 Hypoluxo Rd,,Lake Worth,FL,33463,US,561.896.9080,info@crunchlakeworth.com,lake-worth,,https://www.facebook.com/CrunchLakeWorth/,CrunchLakeWorth,https://www.instagram.com/crunch.lakeworth/,crunch.lakeworth
457,17,Bradenton,27.45477,-82.57678,4836 14th Street W,,Bradenton,FL,34207,US,941.216.3854,manager@crunchbradenton.com,bradenton,,http://www.Facebook.com/CrunchBradenton,CrunchBradenton,https://www.instagram.com/crunch.bradenton/,@Crunch.Bradenton
458,597,North Round Rock,30.55647,-97.688,201 University Oak Blvd,,Round Rock,TX,78665,US,512.254.4111,manager@crunchnorthroundrock.com,north-round-rock,,https://www.facebook.com/CrunchNorthRoundRock,@CrunchNorthRoundRock,https://www.instagram.com/CrunchNorthRoundRock,@CrunchNorthRoundRock
459,124,Sarasota University,27.39046,-82.5057,8440 Lockwood Ridge Rd,,Sarasota,FL,34243,US,941.355.1908,manager@crunchsarasota.com,sarasota-university,,http://www.Facebook.com/CrunchSarasota,CrunchSarasota,,
460,569,Cedar Park,30.52643,-97.81416,1335 E Whitestone Blvd.,Suite AB,Cedar Park,TX,78613,US,512.737.9470,manager@crunchcedarpark.com,cedar-park,,https://www.facebook.com/CrunchCedarPark,@CrunchCedarPark,https://www.instagram.com/crunchcedarpark/,@CrunchCedarPark
461,501,Beaumont,30.12551,-94.15636,4191 N Dowlen Road,,Beaumont,TX,77706,US,409.240.9868,manager@crunchbeaumont.com,beaumont,,https://www.facebook.com/CrunchBeaumont/,CrunchBeaumont,https://www.instagram.com/crunchbeaumont/,@crunchbeaumont
462,409,East Sarasota,27.33863,-82.43307,7111 Fruitville Road,,Sarasota,FL,34240,US,941.254.3046,info@cruncheastsarasota.com,east-sarasota,,https://www.facebook.com/CrunchEastSarasota,CrunchEastSarasota,https://www.instagram.com/crunch.eastsarasota/,@crunch.eastsarasota
463,236,Round Rock,30.477324,-97.668705,2800 South Interstate 35,Suite 220,Round Rock,TX,78681,US,512.945.9455,roundrockgm@cf-Austin.com,round-rock,,https://www.facebook.com/CrunchRoundRock,CrunchRoundRock,https://www.instagram.com/crunchroundrock/,@CrunchRoundRock
464,123,Sarasota Bee Ridge,27.29857,-82.4944,3762 Bee Ridge Rd,,Sarasota,FL,34233,US,941.923.4653,manager@crunchbeeridge.com,sarasota-bee-ridge,,http://www.Facebook.com/CrunchBeeRidge,CrunchBeeRidge,https://www.instagram.com/crunch.beeridge/,@CrunchBeeRidge
465,616,Port Arthur,29.947271,-93.988655,3100 FM 365,,Port Arthur,TX,77642,US,409.250.4800,manager@crunchportarthur.com,port-arthur,,https://facebook.com/CrunchPortArthur,@CrunchPortArthur,https://www.instagram.com/CrunchPortArthur,@CrunchPortArthur
466,611,Humble,30.01404,-95.26086,20514 US 59,,Humble,TX,77338,US,346.662.8080,info@crunchhumble.com,humble,,https://www.facebook.com/crunchhumble,@CrunchHumble,https://www.instagram.com/crunchhumble,@CrunchHumble
467,566,Coral Ridge,26.29784,-80.27704,5631 Coral Ridge Drive,,Coral Springs,FL,33076,US,954.620.8701,Info@CrunchCoralRidge.com,coral-ridge,,https://www.facebook.com/CrunchCoralRidge,@CrunchCoralRidge,https://www.instagram.com/CrunchCoralRidge,@CrunchCoralRidge
468,414,Atascocita,29.997709,-95.170837,7068 FM 1960 E,,Humble,TX,77346,US,281.973.4400,manager@crunchatascocita.com,atascocita,,https://www.facebook.com/CrunchAtascocita,CrunchAtascocita,https://instagram.com/CrunchAtascocita,CrunchAtascocita
469,23,Carolina,18.38942,-65.99498,Parque Escorial Boulevard de la Media Luna,,Carolina,PR,00985,US,787.762.3023,info@crunchcarolina.com,carolina,,http://www.Facebook.com/CrunchCarolina,CrunchCarolina,,
470,675,Pompano Beach,26.212541,-80.107278,1401 S Federal Hwy,,Pompano Beach,FL,33062,US,954.251.7364,info@crunchpompanobeach.com,pompano-beach,,https://www.facebook.com/CrunchPompanoBeach,@CrunchPompanoBeach,https://www.instagram.com/crunch.pompanobeach/,@crunch.pompanobeach
471,509,Coral Springs,26.24294,-80.25387,910 N University Dr,,Coral Springs,FL,33071,US,954.859.2030,info@crunchcoralsprings.com,coral-springs,,https://facebook.com/crunchcoralsprings,@CrunchCoralSprings,https://www.instagram.com/crunch.coralsprings/,crunch.coralsprings
472,550,South Austin,30.22306,-97.84347,4625 W William Cannon Drive,,Austin,TX,78749,US,512.500.0828,manager@crunchsouthaustin.com,south-austin,,https://www.facebook.com/CrunchSouthAustin,@CrunchSouthAustin,https://www.instagram.com/crunchsouthatx/,@CrunchSouthATX
473,96,Oakland Park,26.17058,-80.14654,3500 N Andrews Ave,,Oakland Park,FL,33309,US,954.652.1221,manager@crunchoaklandpark.com,oakland-park,,https://www.facebook.com/Crunch-Oakland-Park-210401129153805/,CrunchOaklandPark,https://www.instagram.com/crunchoaklandpark/,@CrunchOaklandPark
474,413,Tamarac,26.18811,-80.20581,4017 W Commercial Blvd,,Tamarac,FL,33319,US,754.336.1001,info@crunchtamarac.com,tamarac,,https://www.facebook.com/CrunchTamarac,CrunchTamarac,https://www.instagram.com/crunch.tamarac/,@crunch.tamarac
475,503,Cypress,29.967371,-95.688799,25632 U.S. 290 Frontage Rd.,,Cypress,TX,77429,US,281.715.0330,info@crunchcypresstx.com,cypress,,https://www.facebook.com/CrunchCypress,@CrunchCypress,https://www.instagram.com/CrunchCypress,@CrunchCypress
476,665,Austin Southpark Meadows,30.15399,-97.792328,9900 S I-35 Frontage Rd,,Austin,TX,78748,US,512.800.6140,manager@crunchsouthparkmeadows.com,south-park-meadows,,https://www.facebook.com/CrunchSouthParkMeadows,@CrunchSouthParkMeadows,https://www.instagram.com/CrunchSouthParkMeadows,@CrunchSouthParkMeadows
477,538,Sunrise,26.17037,-80.28281,9919 West Oakland Park Blvd,,Sunrise,FL,33351,US,754.273.9430,info@crunchsunrise.com,sunrise,,https://www.facebook.com/crunchsunrise,@CrunchSunrise,https://www.instagram.com/Crunch.Sunrise/,@Crunch.Sunrise
478,366,Caguas,18.247341,-66.028623,Metro Plaza Parque Industrial Villa Blanca Ave,"José Garrido, BO Pueblo",Caguas,PR,00725,US,787.963.0160,info@crunchcaguas.com,caguas,,https://www.facebook.com/CrunchCaguas,CrunchCaguas,,
479,685,Plantation,26.111597,-80.259285,700 South Pine Island Rd,,Plantation,FL,33324,US,954.472.9998,info@crunchplantation.com,plantation,,https://facebook.com/crunchplantation,@CrunchPlantation,https://www.instagram.com/Crunch.Plantation/,@Crunch.Plantation
480,613,Copperfield,29.87268,-95.6454,6575 Hwy 6 N,,Houston,TX,77084,US,346.580.0204,info@crunchcopperfield.com,copperfield,,https://www.facebook.com/crunchcopperwood,@CrunchCopperwood,https://www.instagram.com/crunchcopperwood,@CrunchCopperwood
481,600,Kyle,30.0299,-97.84814,19167 IH 35,,Kyle,TX,78640,US,737.315.8145,manager@crunchkyle.com,kyle,,https://www.facebook.com/crunchkyle,@CrunchKyle,https://www.instagram.com/crunchkyle,@CrunchKyle
482,607,Six Mile,26.60613,-81.80868,9375 6 Mile Cypress Pkwy,Suite 210,Fort Myers,FL,33966,US,239.768.9055,info@crunchsixmile.com,six-mile,,,,,
483,389,Cape Coral,26.64526,-81.98701,244 Nicholas Pkwy W Cape Coral,,Cape Coral,FL,33991,US,239.242.2348,info@crunchcapecoral.com,cape-coral,,https://www.facebook.com/CrunchCapeCoral/,CrunchCapeCoral,https://www.instagram.com/crunch.capecoral/,@crunch.capecoral
484,231,Pembroke Pines,26.009672,-80.281709,10121 Pines Boulevard,,Pembroke Pines,FL,33026,US,954.374.8604,manager@crunchpembrokepines.com,pembroke-pines,,https://www.facebook.com/CrunchPembrokePines,CrunchPembrokePines,https://www.instagram.com/crunchpembrokepines,crunchpembrokepines
485,587,Hallandale,25.93465,-80.12203,1761 E Hallandale Beach Blvd,,Hallandale Beach,FL,33009,US,305.845.0804,info@CrunchHallandale.com,hallandale,,https://facebook.com/crunchhallandale,@CrunchHallandale,https://www.instagram.com/crunch.hallandale/,@Crunch.Hallandale
486,608,Boy Scout,26.58304,-81.87825,1755 Boy Scout Dr,,Fort Myers,FL,33907,US,239.931.6664,info@crunchboyscout.com,boy-scout,,,,,
487,412,West Pembroke,26.00584,-80.36007,16024 Pines Blvd,,Pembroke Pines,FL,33027,US,754.663.0110,info@crunchwestpembroke.com,west-pembroke,,https://www.facebook.com/CrunchWestPembroke/,@CrunchWestPembroke,https://www.instagram.com/Crunch.westpembroke/,@crunch.westpembroke
488,683,Miami Gardens,25.950684,-80.243408,19371 NW 27th Ave,,Miami Gardens,FL,33056,US,305.907.5960,info@crunchmiamigardens.com,miami-gardens,,https://facebook.com/crunchmiamigardens,@CrunchMiamiGardens,https://www.instagram.com/crunch.miamigardens,@Crunch.MiamiGardens
489,424,Katy,29.75913,-95.75251,1550 Mason Rd.,,Katy,TX,77450,US,281.886.8383,manager@crunchkaty.com,katy,,https://www.facebook.com/CrunchKaty,CrunchKaty,https://instagram.com/CrunchKaty,Crunch_Katy
490,605,Kirkwood,29.73669,-95.59078,11940 Westheimer Road,,Houston,TX,77077,US,346.601.1020,info@crunchkirkwood.com,kirkwood,,https://www.facebook.com/crunchkirkwood,@CrunchKirkwood,https://www.instagram.com/crunchkirkwood_/,@CrunchKirkwood
491,51,Fort Myers,26.5056,-81.91014,16230 Summerlin Rd,,Fort Myers,FL,33908,US,239.208.4253,manager@crunchftmyers.com,fort-myers,,http://www.Facebook.com/CrunchFortMyers,CrunchFortMyers,https://www.instagram.com/crunchfortmyers/,@CrunchFortMyers
492,154,South Beach,25.78421,-80.13208,1259 Washington Ave,,Miami Beach,FL,33139,US,305.674.8222,southbeachmanager@crunch.com,south-beach,,https://www.facebook.com/CrunchSouthBeach/,@CrunchSouthBeach,https://www.instagram.com/crunchsouthbeach,@CrunchSouthBeach
493,534,San Marcos TX,29.84864,-97.96589,450 Barnes Drive,,San Marcos,TX,78666,US,512.690.8828,manager@crunchsanmarcostx.com,sanmarcostx,,https://www.facebook.com/CrunchSanMarcosTX/,CrunchSanMarcosTX,https://www.instagram.com/crunchsanmarcostx/,@crunchsanmarcostx
494,415,Sugar Land,29.59831,-95.62191,15385 Southwest Freeway,,Sugar Land,TX,77478,US,281.315.9585,info@crunchsugarland.com,sugarland,,https://www.facebook.com/crunchsugarland,CrunchSugarLand,https://www.instagram.com/crunchsugarland,@CrunchSugarLand
495,699,Pearland,29.55472,-95.263546,2800 E Broadway St,,Pearland,TX,77581,US,832.234.2250,manager@crunchpearland.com,pearland,,https://www.facebook.com/crunchpearland,@CrunchPearland,https://www.instagram.com/crunchpearland,@CrunchPearland
496,15,Bonita Springs,26.33073,-81.80719,3306 Bonita Beach Rd,,Bonita Springs,FL,34134,US,239.908.9768,manager@crunchbonitasprings.com,bonita-springs,,http://www.Facebook.com/CrunchBonitaSprings,CrunchBonitaSprings,https://www.instagram.com/crunchbonitasprings/,@CrunchBonitaSprings
497,684,Doral,25.792516,-80.386618,1970 NW 117 PL,,Miami,FL,33182,US,305.397.0627,info@crunchdoral.com,doral,,https://facebook.com/crunchdoral,@crunchdoral,https://www.instagram.com/Crunch.Doral/,@Crunch.Doral
498,346,League City,29.469313,-95.094527,200 South Gulf Freeway,,League City,TX,77573,US,346.278.5030,leaguegm@undefeatedtribe.com,league-city,,https://www.facebook.com/CrunchLeagueCity,@CrunchLeagueCity,https://www.instagram.com/CrunchLeagueCity,@CrunchLeagueCity
499,86,Naples,26.21298,-81.72956,6013 Pine Ridge Rd,,Naples,FL,34119,US,239.455.1008,manager@crunchnaples.com,naples,,http://www.Facebook.com/CrunchNaples,CrunchNaples,https://www.instagram.com/crunchnaples/,@CrunchNaples
500,182,Ponce,17.989034,-66.609882,Plaza del Caribe,,Ponce,PR,00716,US,787.987.7230,info@crunchponce.com,ponce,,https://www.facebook.com/CrunchPonce,CrunchPonce,,
501,405,Cutler Bay,25.57562,-80.36788,20851 South Dixie Highway,,Cutler Bay,FL,33189,US,305.517.4900,info@crunchcutlerbay.com,cutler-bay,,https://facebook.com/crunchcutlerbay,CrunchCutlerBay,https://instagram.com/crunch.cutlerbay,Crunch.CutlerBay
502,639,San Antonio Colonnade,29.53481,-98.56089,10103 Wurzbach Road,,San Antonio,TX,78230,US,210.594.1170,manager@crunchsacolonnade.com,sa-colonnade,,https://www.facebook.com/CrunchSAColonnade/,@CrunchSAColonnade,https://www.instagram.com/CrunchSAColonnade,@CrunchSAColonnade
503,543,San Antonio San Pedro,29.51292,-98.49756,7142 San Pedro Ave,,San Antonio,TX,78216,US,210.265.8357,manager@crunchsanpedro.com,sanpedro,,https://www.facebook.com/CrunchSanPedro/,@CrunchSanPedro,https://www.instagram.com/CrunchSanPedro/,@CrunchSanPedro
504,657,San Antonio Windcrest,29.505127,-98.396721,7730 N Interstate 35,,Windcrest,TX,78218,US,210.759.3255,manager@sawindcrest.com,sa-windcrest,,,,,
505,451,Bandera,29.52125,-98.6383,8425 Bandera Rd,Ste. 132,San Antonio,TX,78250,US,210.455.1888,manager@crunchbandera.com,bandera,,https://www.facebook.com/crunchbandera,@CrunchBandera,https://www.instagram.com/crunchbandera/,@CrunchBandera
506,687,Homestead,25.476076,-80.427462,3314 NE 7th Street,,Homestead,FL,33033,US,305.230.7092,info@crunchhomestead.com,homestead,,https://facebook.com/crunchsummercreek,@CrunchHomestead,https://www.instagram.com/crunch.homestead,@Crunch.Homestead
507,514,San Antonio Woodlake,29.4834,-98.34829,7034 FM 78,,San Antonio,TX,78244,US,210.905.9205,manager@crunchsawoodlake.com,sawoodlake,,https://www.facebook.com/CrunchSAWoodlake/,@CrunchSAWoodlake,https://www.instagram.com/CrunchSAWoodlake,@CrunchSAWoodlake
508,382,Marbach,29.4179,-98.65742,8715 Marbach Road,,San Antonio,TX,78227,US,210.900.3888,manager@crunchmarbach.com,marbach,,https://www.facebook.com/CrunchMarbach,CrunchMarbach,https://instagram.com/CrunchMarbach,CrunchMarbach
509,338,Corpus Christi North,27.72639,-97.37891,4108 South Staples Street,,Corpus Christi,TX,78411,US,361.271.3099,corpusgm@undefeatedtribe.com,corpus-christi,,https://www.facebook.com/CrunchCorpusChristi,@CrunchCorpusChristi,https://www.instagram.com/CrunchCorpusChristi,@CrunchCorpusChristi
510,545,Corpus Christi South,27.68032,-97.38852,6643 S Staples,,Corpus Christi,TX,78413,US,361.202.2150,manager@crunchcorpuschristisouth.com,corpuschristisouth,,https://www.facebook.com/crunchcorpuschristisouth,@CrunchCorpusChristiSouth,https://instagram.com/crunchcorpuschristisouth,@CrunchCorpusChristiSouth
511,489,Laredo,27.54072,-99.50132,4601 San Dario Ave,,Laredo,TX,78041,US,956.937.2800,info@crunchlaredo.com,laredo,,https://www.facebook.com/crunchlaredo/,CrunchLaredo,https://www.instagram.com/crunchlaredo,CrunchLaredo
512,313,Edinburg,26.29461,-98.196085,1201 S McColl Road,,Edinburg,TX,78539,US,956.609.9007,info@crunchedinburg.com,edinburg,,https://www.facebook.com/CrunchEdinburg,CrunchEdinburg,https://www.instagram.com/CrunchEdinburg,@CrunchEdinburg
513,237,Pharr,26.202578,-98.20165,"500 N. Jackson Rd, #H",,Pharr,TX,78577,US,956.884.7119,GM@STXFITNESS.COM,pharr,,https://www.facebook.com/CrunchPharr,CrunchPharr,https://www.instagram.com/crunchpharr/,@CrunchPharr
514,369,North Brownsville,25.924894,-97.470316,3260 Galeno Crossing,Suite 1,Brownsville,TX,78526,US,956.621.4040,info@crunchnorthbrownsville.com,north-brownsville,,,,,
515,181,Brownsville,25.922579,-97.474757,3025 Boca Chica Blvd,,Brownsville,TX,78521,US,956.518.7416,info@crunchbrownsville.com,brownsville,,http://www.Facebook.com/CrunchBrownsville,CrunchBrownsville,https://www.instagram.com/CrunchBrownsville,@crunchbrownsville
516,440,Zapote,9.942993,-84.150274,Frente a Multiplaza contiguo al Registro Civil,,Curridabat,San José,11801,CR,6004.1600,infozapote@crcfit.com,zapote,,https://www.facebook.com/CrunchCostaRica,@CrunchCostaRica,https://www.instagram.com/CrunchCostaRica/,@CrunchCostaRica
517,400,Curridabat,9.36895,-83.7057,Centro Comercial Ciudad del Este. Di,,Curridabat,San José,11801,CR,6004.1600,infocurridabat@crcfit.com,curridabat,,https://www.facebook.com/CrunchCostaRica,CrunchCostaRica,https://www.instagram.com/CrunchCostaRica/,CrunchCostaRica
