,latitude,longitude,address,address2,city,state,country,zip,id,contact_number,email_id,gym_name
0,39.51946,-105.3073,10853 US Hwy 285,,Conifer,Colorado,US,80433,1097,(303) 838-1130,ConiferCO@anytimefitness.com,Conifer
1,34.37465,132.44051,中区舟入南4-20-16 3F,,広島市,広島県,JP,〒730-0847,JP-1729,082-942-0980,af_funairi717_info@anytimefitness.jp,広島市 (舟入店)
2,43.01791,-89.42313,2980 Cahill Main,,Fitchburg,Wisconsin,US,53711,3025,(608) 298-9898,FitchburgWI2@anytimefitness.com,Fitchburg (Cahill Main)
3,-6.16973,106.75114,"RT.8/RW.14, Duri Kepa, Kebonjeruk, West Jakarta City,  Jakarta 11510, Indonesia",,West Jakarta City,Jakarta,ID,,ID-0025,,Greenville@anytimefitness.id,Greenville
4,18.02243,-92.93276,Periférico #204,,Villahermosa,Tabasco,MX,86690,MX-1059,(99) 3316-0059,tabasco2000@anytimefitness.com.mx,Villahermosa (Plaza Mallorca)
5,1.27321,103.84072,"1557 Keppel Rd, #01-03",,Singapore,Central Singapore,SG,089066,SG-0091,+65 8709 7218,Keppel@anytimefitness.sg,Keppel
6,34.98192,135.81648,山科区東野片下り町22-1 ときわぎビル 2F,,京都市,京都府,JP,〒607-8156,JP-1460,075-606-1110,af_yamashina444_info@anytimefitness.jp,京都市 (山科店)
7,,,,,Madrid,Madrid,ES,2800,SP-0102,,,Madrid
8,29.77269,-95.81706,1251 Pin Oak Rd,,Katy,Texas,US,77494,2929,(832) 437-1513,KatyTX@anytimefitness.com,Katy
9,36.081651,-119.038145,910 W Henderson Ave,,Porterville,California,US,93257,5508,(559) 560-5110,PortervilleCA@anytimefitness.com,Porterville
10,-33.4365,151.38534,3/184-186 The Entrance Road,,Erina,New South Wales,AU,2250,AU-1031,02 43677922,erina@anytimefitness.com.au,Erina
11,36.13195,140.07903,筑穂2-3-2,,つくば市,茨城県,JP,〒300-3257,JP-2986,029-828-5107,af_tsukubatsukuho1197_info@anytimefitness.jp,つくば市 (つくば筑穂店)
12,,,,,Sitges,Catalonia,ES,08870,SP-0111,,,Sitges
13,41.87451,12.44841,Via Giuseppe Ghislieri 12,,Roma,Roma,IT,00152,IT-0055,3758469852,romapamphili@anytimefitness.it,Roma (Pamphili)
14,28.586,77.07152,F -601-603,,Delhi,Delhi,IN,110075,IN-1064,+918920341360,dwarka7.delhi@anytimefitness.in,"New Delhi, Dwarka , Sec-7"
15,43.46736,-3.80414,José Rioja 1,,Santander,Cantabria,ES,39001,SP-0080,690824486,santander@anytimefitness.es,Santander
16,34.70128,135.70848,小明町1341 1F,,生駒市,奈良県,JP,〒630-0201,JP-1489,0743-85-4323,af_naraikoma478_info@anytimefitness.jp,生駒市 (奈良生駒店)
17,30.23199,-92.66208,1210 Elton Rd,,Jennings,Louisiana,US,70546,1807,(337) 821-1002,JenningsLA@anytimefitness.com,Jennings
18,41.56723,2.09317,"Boí, 15",,Sabadell Nord Barcelona,Catalonia,ES,08207,SP-0071,638405066,sabadellnord@anytimefitness.es,Sabadell Nord (Barcelona)
19,36.32683,139.82463,城北3-20‐13,,小山市,栃木県,JP,〒323-0029,JP-3026,0285-32-7751,af_oyamakita1236_info@anytimefitness.jp,小山市 (小山北店)
20,32.37434,-111.12515,7475 W Twin Peaks Rd,,Tucson,Arizona,US,85743,440,(520) 579-6615,TucsonAZ2@anytimefitness.com,Tucson (W. Twin Peaks Rd)
21,19.3944,-99.28128,"Blvd. Palmas Hills 1-1, Hacienda de las Palmas,",,Estado de México,Mexico,MX,52763,MX-1173,5563536002,interlomas@anytimefitness.com.mx,Estado de México (Interlomas)
22,-31.77902,115.96775,7 Locke Lane,,Ellenbrook,Western Australia,AU,6069,AU-1479,08 6296 3045,ellenbrook@anytimefitness.com.au,Ellenbrook
23,34.9777,135.73162,南区吉祥院中島町40 1F,,京都市,京都府,JP,〒601-8313,JP-1490,075-632-8720,af_nishioji479_info@anytimefitness.jp,京都市 (西大路店)
24,35.73265,139.46499,小川東町1-6-24 1F,,小平市,東京都,JP,〒187-0031,JP-1645,042-313-5477,af_kodairaogawa634_info@anytimefitness.jp,小平市 (小平小川町店)
25,38.58803,-77.30296,16705 River Rdg Blvd,,Woodbridge,Virginia,US,22191,1121,(703) 441-1800,WoodbridgeVA@anytimefitness.com,Woodbridge
26,32.20312,-95.85354,201 S Palestine,,Athens,Texas,US,75751,715,(903) 264-2007,AthensTX@anytimefitness.com,Athens
27,32.09236,-96.47026,200 N 15th St,,Corsicana,Texas,US,75110,1130,(903) 874-2800,CorsicanaTX@anytimefitness.com,Corsicana
28,50.14223,-96.87548,344 Main St.,,Selkirk,Manitoba,CA,R1A 1T4,3382,(204) 485-8338,afselkirkmanager@anytimefitness.ca,Selkirk
29,35.84567,139.9533,南柏1-9-1 ル・ミディ 1F,,柏市,千葉県,JP,〒277-0855,JP-1494,04-7157-0828,af_minamikashiwa485_info@anytimefitness.jp,柏市 (南柏店)
30,49.91014,-97.02697,1750 Plessis Rd,,Winnipeg,Manitoba,CA,R3W 0B3,4875,(431) 999-1555,Transcona@anytimefitness.ca,Winnipeg
31,49.18632,-2.107,Pirouet House,,St Helier (Jersey),South East,GB,JE2 3RF,UK-0428,01534 733080,sthelier@anytimefitness.co.uk,St Helier (Jersey)
32,35.78469,139.78395,栗原4-7-13 1-2F,,足立区,東京都,JP,〒123-0842,JP-2897,03-6803-1872,af_kurihara1108_info@anytimefitness.jp,足立区 (栗原店)
33,43.08424,-89.50154,1011 N Gammon Rd,,Middleton,Wisconsin,US,53562,595,(608) 836-3131,MiddletonWI@anytimefitness.com,Middleton
34,44.9382,-93.6651,2238 Commerce Blvd,,Mound,Minnesota,US,55364,113,(952) 491-5200,Mound@anytimefitness.com,Mound
35,,,,,Tijuana,Baja California,MX,TBD,MX-1180,,playastijuana.bc@anytimefitness.com.mx,Baja California (Playas Tijuana)
36,20.69119,-100.44511,Plaza Ubika #502,,Juriquilla,Querétaro,MX,76100,MX-1038,(442) 455 2033 / Cel (442) 2679403,juriquilla@anytimefitness.com.mx,Querétaro (Juriquilla)
37,35.73165,139.76579,西日暮里3-6-14 マンション道灌山 1F-B1,,荒川区,東京都,JP,〒116-0013,JP-1302,03-5834-8236,af_wnippori310_info@anytimefitness.jp,荒川区 (西日暮里店)
38,34.72424,135.3597,甲子園高潮町 3-39 1-2F,,西宮市,兵庫県,JP,〒663-8166,JP-1523,0798-31-7061,af_hanshinkoshien511_info@anytimefitness.jp,西宮市 (阪神甲子園店)
39,35.61362,139.53941,多摩区栗谷3-5-5 1F,,川崎市,神奈川県,JP,〒214-0039,JP-2790,044-328-9517,af_ikuta1022_info@anytimefitness.jp,川崎市 (生田店)
40,28.82048,-81.78042,10700 US Hwy 441,,Leesburg,Florida,US,34788,974,(352) 742-2008,LeesburgFL@anytimefitness.com,Leesburg (US Hwy 441)
41,37.7831,-122.27172,951 Marina Village Pkwy,,Alameda,California,US,94501,4301,(510) 263 9574,AlamedaCA2@anytimefitness.com,Alameda
42,44.31214,-94.45854,512 1st  St S,,New Ulm,Minnesota,US,56073,1176,(507) 354-0700,NewUlmMN@anytimefitness.com,New Ulm
43,39.30562,-85.2157,10 Bedel Blvd,,Batesville,Indiana,US,47006,2019,(812) 932-3055,BatesvilleIN@anytimefitness.com,Batesville
44,34.40182,135.2994,羽倉崎1-3-30 1F,,泉佐野市,大阪府,JP,〒598-0046,JP-1557,072-468-6150,af_izumisano547_info@anytimefitness.jp,泉佐野市 (泉佐野店)
45,41.23671,-81.81981,3714 Center Rd,,Brunswick,Ohio,US,44212,1173,(330) 220-4446,BrunswickOH@anytimefitness.com,Brunswick
46,43.3179849,-90.3631583,100 Richland Square,,Richland Center,Wisconsin,US,53581,3720,(608) 383-1707,RichlandCenterWI@anytimefitness.com,Richland Center
47,35.24117,136.84648,中之郷天神8-1 2F,,北名古屋市,愛知県,JP,〒481-0045,JP-2585,0568-48-0688,af_nishiharu821_info@anytimefitness.jp,北名古屋市 (西春店)
48,34.73947,135.41831,名神町2-3-18 1F,,尼崎市,兵庫県,JP,〒661-0021,JP-1369,06-6439-7804,af_ameishin360_info@anytimefitness.jp,尼崎市 (尼崎名神店)
49,34.50245,135.59263,寿町3-4-11 1F,,富田林市,大阪府,JP,〒584-0031,JP-1559,0721-55-3844,af_tondabayashi549_info@anytimefitness.jp,富田林市 (富田林店)
50,53.47754,-2.23358,Unit 4A Piccadilly Place,,Manchester Central (Piccadilly),North West,GB,M1 3BN,UK-0477,0161 526 4877,manchestercentral@anytimefitness.co.uk,Manchester Central (Piccadilly)
51,5.39614,100.29062,"6G-3-3,4,5,6&7, All Seasons Place, Lebuh Thean Teik, Air Itam",,George Town,Penang,MY,11500,MY-0102,,AllSeasonsPlace@anytimefitness.my,All Seasons Place
52,44.87733,-98.51837,519 1/2 N Main St,,Redfield,South Dakota,US,57469,1189,(605) 302-0130,RedfieldSD@anytimefitness.com,Redfield
53,-33.75836,150.99294,21-23 Old Northern Road,,Baulkham Hills,New South Wales,AU,2153,AU-1114,0478 041 020,baulkhamhills@anytimefitness.com.au,Baulkham Hills
54,35.50598,139.66125,鶴見区東寺尾6-18-39 1F,,横浜市,神奈川県,JP,〒230-0077,JP-1670,045-716-8651,af_higashiterao659_info@anytimefitness.jp,横浜市 (東寺尾店)
55,34.76297,137.36588,花田町字越水29-1 1F,,豊橋市,愛知県,JP,〒441-8019,JP-2576,0532-21-7878,af_toyohashi812_info@anytimefitness.jp,豊橋市 (豊橋店)
56,-33.79514,151.28481,3-5 Pittwater Rd,,Manly,New South Wales,AU,2095,AU-1095,02 9976 3607,manly@anytimefitness.com.au,Manly
57,34.49721,135.73607,曽大根1-16 1F,,大和高田市,奈良県,JP,〒635-0055,JP-1621,0745-49-0640,af_naratakada612_info@anytimefitness.jp,奈良市 (奈良高田店)
58,-33.75246,150.91492,Unit 1/152 Sunnyholt Road,,Kings Park,New South Wales,AU,2148,AU-1237,0475 045 485,kingspark@anytimefitness.com.au,Kings Park
59,35.41561,139.56051,港南区下永谷6-2-11 1F,,横浜市,神奈川県,JP,〒233-0016,JP-1249,045-410-6237,af_shimonagaya248_info@anytimefitness.jp,横浜市 (下永谷店)
60,34.5525,135.7975,阪手661-1 1F,,磯城郡田原本町,奈良県,JP,〒636-0247,JP-1622,0744-48-0231,af_tawaramoto610_info@anytimefitness.jp,田原本町 (奈良田原本店)
61,30.68406,-97.72191,105 Wildwood Dr.,,Georgetown,Texas,US,78633,1044,(512) 863-9990,GeorgetownTX@anytimefitness.com,Georgetown
62,-35.45784,149.09324,12 Sidney Nolan Street,,Lanyon,Australian Capital Territory,AU,2906,AU-1285,0404 528 844,lanyon@anytimefitness.com.au,Lanyon
63,-34.99449,138.82102,"2A, 37 Onkaparinga Valley Road",,Balhannah,South Australia,AU,5254,AU-1511,08 8423 6160,balhannah@anytimefitness.com.au,Balhannah
64,52.54347,-0.30185,Unit 30-33 Ortongate,,Peterborough,East Midlands,GB,PE2 5TD,UK-0299,01733530678,peterborough@anytimefitness.co.uk,Peterborough
65,45.3916,-73.5878,520 Voie De La Desserte,,Saint-Constant,Quebec,CA,J5A 2S6,9900024,450 633 1000,stconstant@anytimefitness.quebec,Saint-Constant
66,34.60094,135.83521,川原城町303-2 1F,,天理市,奈良県,JP,〒632-0016,JP-1623,0743-86-4013,af_tenri611_info@anytimefitness.jp,天理市 (奈良天理店)
67,33.07165,-112.04656,21116 N John Wayne Pkwy B3,,Maricopa,Arizona,US,85139,117,(520) 568-5226,MaricopaAZ@anytimefitness.com,Maricopa
68,39.92132,-83.74973,151 Tuttle Rd,,Springfield,Ohio,US,45505,1013,(937) 717-0103,SpringfieldOH@anytimefitness.com,Springfield (Tuttle Rd)
69,-37.68946,144.6028,"Unit 5b, 72-84 High St",,Melton,Victoria,AU,3337,AU-1072,0484770032,melton@anytimefitness.com.au,Melton
70,33.99798,-81.00315,2808 Devine St,,Columbia,South Carolina,US,29205,876,(803)  546- 8578,Devine@anytimefitness.com,Columbia (Devine St)
71,38.5669,140.94063,古川穂波7-2-15 アクロスプラザ古川南敷地内 1-2F,,大崎市,宮城県,JP,〒989-6136,JP-2670,0229-25-6303,af_furukawa906_info@anytimefitness.jp,大崎市 (アクロスプラザ古川南店)
72,16.04606,120.32863,"2nd Floor, Rotonda Square, Judge Jose De Venecia ext. Dagupan Pangasinan 2400",,Dagupan,Pangasinan,PH,,PH-0193,0961 648 1904,Dagupan@anytimefitness.ph,Dagupan
73,34.46579,135.57559,市町730-1 1F,,河内長野市,大阪府,JP,〒586-0002,JP-1624,0721-55-4088,af_kawachinagano613_info@anytimefitness.jp,河内長野市 (河内長野店)
74,-33.78,150.81309,7/11 John Hines Ave,,Minchinbury,New South Wales,AU,2770,AU-1601,0474634997,minchinbury@anytimefitness.com.au,Minchinbury
75,-33.68532,150.95249,Woolworths Kellyville North,,North Kellyville,New South Wales,AU,2155,AU-1506,0434 415 459,northkellyville@anytimefitness.com.au,North Kellyville
76,1.32368,103.92218,750 Chai Chee Road,,"Bedok, District 16",South East,SG,469000,SG-0125,89522513,ChaiChee@anytimefitness.sg,Chai Chee
77,33.2861,130.51834,本山1-10-10 2F,,久留米市,福岡県,JP,〒830-0056,JP-1378,0942-64-9812,af_kkamitsu367_info@anytimefitness.jp,久留米市 (久留米上津店)
78,51.827,4.6835,Markt 167A,,Papendrecht,Zuid-Holland,NL,3351 PA,NL-1190,+31 6 20 78 92 86,papendrecht@anytimefitness.nl,Papendrecht
79,28.57979,77.36578,Plot No C3,,Noida,Uttar Pradesh,IN,201201,IN-1196,+91 9773501123 +91 9773501124,51.noida@anytimefitness.in,"Noida, Sector 51"
80,41.70463,-93.62666,2505 SW White Birch Dr,,Ankeny,Iowa,US,50023,2828,515-965-4246,AnkenyIA2@anytimefitness.com,Ankeny (SW White Birch Dr)
81,36.2511,-93.12287,115 Industrial Park Rd,,Harrison,Arkansas,US,72601,4117,(870) 416-3606,HarrisonAR@anytimefitness.com,Harrison
82,41.24786,-96.19567,1121 S 180th St,,Omaha,Nebraska,US,68130,122,(402) 934-5488,OmahaNE@anytimefitness.com,Omaha (S 180th St)
83,-32.9885,151.69133,5 Pacific Highway,,Gateshead,New South Wales,AU,2290,AU-1349,0480 120 938,gateshead@anytimefitness.com.au,Gateshead
84,-33.76858,151.02853,328-336 North Rocks Road,,North Rocks,New South Wales,AU,2151,AU-1487,0402 226 436,northrocks@anytimefitness.com.au,North Rocks
85,26.20703,127.76349,東浜68-1-2 2F,,島尻郡与那原町,沖縄県,JP,〒901-1304,JP-2902,098-943-7085,af_agarihama1113_info@anytimefitness.jp,与那原町 (マリンプラザあがり浜店)
86,34.50833,135.76437,曲川町6-11-1 1F,,橿原市,奈良県,JP,〒634-0837,JP-1679,0744-48-0730,af_narakashihara667_info@anytimefitness.jp,橿原市 (奈良橿原店)
87,35.56134,139.71346,西蒲田8-4-16 ウィステリアビル1　2-3F,,大田区,東京都,JP,〒144-0051,JP-1291,03-6715-7092,af_wkamata284_info@anytimefitness.jp,大田区 (西蒲田店)
88,34.00943,-83.85102,1654 Atlanta Hwy,,Auburn,Georgia,US,30011,1234,(770) 339-0134,AuburnGA@anytimefitness.com,Auburn
89,43.1861,-89.2544,2352 Montana Ave.,,Sun Prairie,Wisconsin,US,53590,593,(608) 834-1222,SunPrairieWI@anytimefitness.com,Sun Prairie
90,28.55941,77.37966,"KO-08, 09, 2nd Floor, Sector 49",,Noida,Uttar Pradesh,IN,201301,IN-1143,"+919355194800, +91 9355194900",49.noida@anytimefitness.in,"Noida, Sector- 49"
91,46.60143,-120.5851,5611 Summitview Ave,,Yakima,Washington,US,98908,1057,(509) 965-0900,YakimaWA@anytimefitness.com,Yakima (Summitview Ave)
92,-6.24884,106.95707,"Commercial Area Grand Kota Bintang, level 2. Jl. KH. Noer Ali No.1G, RT.004/RW.002,",,Jakasampurna,Bekasi,ID,17145,ID-0067,,GrandKotaBintang@anytimefitness.id,Grand Kota Bintang
93,-6.197,106.70295,"One District at Puri, Jl. Metland, RT.001/RW.005, Parung Jaya, Kec.  Karang Tengah,",,Banten,Tangerang,ID,15159,ID-0054,,OneDistrictPuri@anytimefitness.id,One District at Puri
94,27.58918,-80.41492,755 27th Ave SW,,Vero Beach,Florida,US,32968,1267,(772) 562-5090,VeroBeachFL@anytimefitness.com,Vero Beach
95,35.92787,-89.87683,101 North Service Rd,,Blytheville,Arkansas,US,72315,4375,(870) 824-5490,BlythevilleAR@anytimefitness.com,Blytheville
96,41.84269,12.48263,Via Nicola Spedalieri 57-59,,Roma,Roma,IT,00142,IT-0071,3936044180,romamontagnola@anytimefitness.it,Roma (Montagnola)
97,-37.89799,144.72868,"Tenancy 2, 225-229 Sneydes Road",,Point Cook,Victoria,AU,3030,AU-1372,03 7379 7537,pointcook@anytimefitness.com.au,Point Cook
98,41.84213125,-79.1443766,74 Market St,,Warren,Pennsylvania,US,16365,4881,(814) 406-5710,WarrenPA@anytimefitness.com,Warren
99,34.10641,-83.70303,6055 Hwy 124 W,,Hoschton,Georgia,US,30680,1233,(706) 654-2909,HoschtonGA@anytimefitness.com,Hoschton
100,35.222721,-81.035614,901 South Point Rd,,Belmont,North Carolina,US,28012,4915,9802774364,BelmontNC@anytimefitness.com,Belmont
101,43.10261,-73.51369,1169 NY-29,,Greenwich,New York,US,12834,4546,(802) 379-5725 ,GreenwichNY@anytimefitness.com,Greenwich
102,41.13521,14.77283,Piazza Leonida Bissolati 14,,Benevento,Benevento,IT,82100,IT-0075,3773381919,benevento@anytimefitness.it,Benevento
103,34.76001,135.34265,上ヶ原九番町2-102 1F,,西宮市,兵庫県,JP,〒662-0883,JP-1689,0798-39-7145,af_uegahara677_info@anytimefitness.jp,西宮市 (西宮上ヶ原店)
104,35.66607,139.63945,下高井戸1-7-7 スタープラザ 1F,,杉並区,東京都,JP,〒168-0073,JP-1284,03-6379-1852,af_shimotakaido272_info@anytimefitness.jp,杉並区 (下高井戸店)
105,35.6378,139.30537,椚田町560-2 1F,,八王子市,東京都,JP,〒193-0942,JP-1727,042-673-6540,af_mejirodai715_info@anytimefitness.jp,Hachioji Shi (八王子めじろ台店)
106,-33.95834,151.14636,383 West Botany Street,,Rockdale,New South Wales,AU,2216,AU-1200,0400 419 377,rockdale@anytimefitness.com.au,Rockdale
107,33.97795,130.94355,椋野町3-11-6,,下関市,山口県,JP,〒751-0816,JP-2678,083-250-6747,af_mukuno914_info@anytimefitness.jp,下関市 (下関椋野店)
108,35.42585,139.52718,泉区岡津町148-1 2F,,横浜市,神奈川県,JP,〒245-0003,JP-2746,045-827-3961,af_okazucho981_info@anytimefitness.jp,横浜市 (岡津町店)
109,42.7170481,-88.9908766,2600 Humes Rd,,Janesville,Wisconsin,US,53545,2000,(608) 756-0007,janesvillewi@anytimefitness.com,Janesville
110,44.019965,-79.803934,55 Queen St S,,Tottenham,Ontario,CA,L0G 1W0,4806,905 251 0756,TottenhamON@anytimefitness.ca,Tottenham
111,-42.87975,147.32656,71 Bathurst Street,,Hobart,Tasmania,AU,7000,AU-1555,0466 411 417,hobart@anytimefitness.com.au,Hobart
112,28.70446,77.19527,"B-4/8, 1st Floor, Model Town",,New Delhi,Delhi,IN,110009,IN-1001,+918527517171,modeltown.delhi@anytimefitness.in,"New Delhi, Model Town- 1"
113,44.31479,-79.88408,3 Massey St,,Angus,Ontario,CA,L0M 1B0,3638,(705) 516-0605,AngusON@anytimefitness.ca,Angus
114,30.50447,-90.58093,19115 Florida Blvd,,Albany,Louisiana,US,70711               ,1314,(225) 567-2626,AlbanyLA@anytimefitness.com,Albany
115,35.00435,135.7484,中京区四条通大宮西入錦大宮町130 メゾンドール四条大宮 B1,,京都市,京都府,JP,〒604-8365,JP-2759,075-366-0245,af_shijoomiya994_info@anytimefitness.jp,京都市 (四条大宮店)
116,19.31956,-98.209,"Carr. Ocotlán - Santa Ana 8, Colonia Industrial, Chiautempan, Tlaxcala",,Tlaxcala,Tlaxcala,MX,90800,MX-1115,,plazaocotlan.tlax@anytimefitness.com.mx,Tlaxcala (Plaza Ocotlán)
117,34.63365,135.5597,平野区加美北7-10-36 1F,,大阪市,大阪府,JP,〒547-0001,JP-1678,06-6796-7748,af_kamikita666_info@anytimefitness.jp,大阪市 (平野加美北店)
118,22.28143,114.22094,"Hong Kong, Sai Wan Ho, Shing On St, 33號柏匯10號舖地下及一樓",,Sai Wan Ho,HONG KONG ISLAND,HK,,HK-0028,+852 6828 5868,SaiWanHo@anytimefitness.hk,Sai Wan Ho
119,-34.05761,150.81257,"Unit 1, 20 Bagdally Road",,Campbelltown West,New South Wales,AU,2560,AU-1627,02 4604 5400,campbelltownwest@anytimefitness.com.au,Campbelltown West
120,32.36374,-90.14944,4924 I-55 N,,Jackson,Mississippi,US,39211,1349,(601) 321-9465,JacksonMS@anytimefitness.com,Jackson
121,34.58517,133.74076,中島254 1F,,倉敷市,岡山県,JP,〒710-0803,JP-1711,086-441-6194,af_kuranakashima696_info@anytimefitness.jp,Kurashiki Shi (倉敷中島店)
122,41.13642,-73.79198,60 Washington Ave,,Pleasantville,New York,US,10570,3333,(914)606-1368,PleasantvilleNY@anytimefitness.com,Pleasantville
123,29.57427,-98.43931,3030 Thousand Oaks,,San Antonio,Texas,US,78247,5036,210-444-9336,Sanantoniotx18@anytimefitness.com,San Antonio (Thousand Oaks)
124,41.05495,-73.81938,1 E Main St,,Elmsford,New York,US,10523,4619,914-719-5466,ElmsfordNY@anytimefitness.com,Elmsford
125,28.09966,-82.69157,4942 Ridgemoor Blvd,,Palm Harbor,Florida,US,34685,1366,(727) 330-7545,PalmHarborFL@anytimefitness.com,Palm Harbor (Eastlake)
126,45.63339162,-89.393625,1301 Lincoln Street,,Rhinelander,Wisconsin,US,54501,572,(715) 350-6964,Rhinelander@anytimefitness.com,Rhinelander
127,-37.57606,144.72786,2 Horne Street,,Sunbury,Victoria,AU,3429,AU-1133,03 8746 9166,sunbury@anytimefitness.com.au,Sunbury
128,40.57281,-84.19742,205 Defiance St,,Wapakoneta,Ohio,US,45895,3751,(567) 876-1384,WapakonetaOH@anytimefitness.com,Wapakoneta
129,39.12574,-119.77165,4530 S Carson St,,Carson City,Nevada,US,89701,2535,(775) 885-7771,CarsonCityNV@anytimefitness.com,Carson City
130,41.32968,1.67841,C/Font del Cuscó,,Vilafranca del Penedés,Catalonia,ES,08720,SP-0107,,,Vilafranca del Penedés
131,39.78613,-104.88161,9165 E Northfield Blvd,,Denver,Colorado,US,80238,4147,(720) 242-9948,NorthfieldCO@anytimefitness.com,Denver (Northfield)
132,35.60844,140.11802,中央区富士見2-22-2 千葉中央駅前ビル 1F,,千葉市,千葉県,JP,〒260-0015,JP-2546,043-306-6813,af_chibafujimi781_info@anytimefitness.jp,千葉市 (千葉富士見店)
133,39.80546,-75.50575,1812 Marsh Rd,,Wilmington,Delaware,US,19810,1383,(302) 475-2400,WilmingtonDE@anytimefitness.com,Wilmington (Marsh Road)
134,45.319645,-75.594273,4744 Bank St,,Ottawa,Ontario,CA,K1T 0K8,4917,343 546 7999,findlaycreekottawa@anytimefitness.ca,Ottawa (Findlay Creek)
135,-34.23188,150.58631,2 Stratford Rd,,Tahmoor,New South Wales,AU,2560,AU-1535,02 4683 2297,tahmoor@anytimefitness.com.au,Tahmoor
136,36.040337,-90.511475,1700 Linwood Dr,,Paragould,Arkansas,US,72450,1392,(870) 236-1551,ParagouldAR@anytimefitness.com,Paragould
137,41.4250285,-87.335034,10645 Broadway,,Crown Point,Indiana,US,46307,216,(219) 662-2818,CrownpointIN@anytimefitness.com,Crown Point
138,44.96028,-92.96182,7077 10th St N,,Oakdale,Minnesota,US,55128,253,(651) 702-6500,Oakdale@anytimefitness.com,Oakdale
139,35.87821,140.00624,つくし野4-1-2 2F,,我孫子市,千葉県,JP,〒270-1164,JP-2751,04-7136-7906,af_abiko986_info@anytimefitness.jp,我孫子市 (フォルテ我孫子店)
140,-17.0193,145.7284,7-11 Walker Road,,Edmonton,Queensland,AU,4869,AU-1373,0742421610,edmonton@anytimefitness.com.au,Edmonton
141,1.33303,103.9022,"1 Kaki Bukit Rd 1, Singapore 415934",,Singapore,South East,SG,,SG-0183,,KakiBukit@anytimefitness.sg,Kaki Bukit
142,51.46401,-0.17005,276 – 288 Lavender Hill,,London (Clapham Junction),Greater London,GB,SW11 1LJ,UK-0484,0203 780 9559,claphamjunction@anytimefitness.co.uk,London (Clapham Junction)
143,29.96102,-90.03818,3817 Chartres St,,New Orleans,Louisiana,US,70117,1393,(504) 309-0011,NewOrleansLA8@anytimefitness.com,New Orleans (3817 Chartres Street)
144,32.954063,-96.856768,2741 East Belt Line Rd,,Carrollton,Texas,US,75006,5064,972-947-8998,CarrolltonTX3@anytimefitness.com,Carrollton
145,34.04422,134.56947,新浜本町2-2-5 1F,,徳島市,徳島県,JP,〒770-8007,JP-1720,088-678-4456,af_tokushinhama708_info@anytimefitness.jp,徳島市 (徳島新浜店)
146,36.16389,139.54513,南6-21-8 1F,,羽生市,埼玉県,JP,〒348-0053,JP-1660,048-577-8183,af_hanyu649_info@anytimefitness.jp,羽生市 (羽生店)
147,49.82758,-119.62884,2475 Dobbin Rd,,West Kelowna,British Columbia,CA,V4T 2E9,3746,+1 (778) 392-3723,WestKelownaBC@anytimefitness.ca,West Kelowna
148,-32.92417,151.62366,14/14 Superior Ave,,Edgeworth,New South Wales,AU,2285,AU-1058,02 4953 0209,edgeworth@anytimefitness.com.au,Edgeworth
149,-37.76611,144.95872,2 Percy Street,,Brunswick,Victoria,AU,3056,AU-1363,0432 217 125,brunswick@anytimefitness.com.au,Brunswick
150,33.87925,130.72635,八幡西区本城2-1-47 2F,,北九州市,福岡県,JP,〒807-0801,JP-1285,093-482-5023,af_honjo271_info@anytimefitness.jp,北九州市 (本城店)
151,-32.7625,151.59366,Unit 2 / 11 Molly Morgan Dr,,Green Hills,New South Wales,AU,2323,AU-1065,02 49331000,greenhills@anytimefitness.com.au,Green Hills
152,-38.07659,145.48375,50 - 54 John Street,,Pakenham,Victoria,AU,3810,AU-1234,03 5941 9648,pakenham@anytimefitness.com.au,Pakenham
153,32.449014,-93.654018,5390 Barksdale Blvd,,Bossier City,Louisiana,US,71112,427,(318) 746-1886,SoBossierCityLA@anytimefitness.com,Bossier City (Barksdale)
154,51.9778,-0.22745,36 Gernon Road,,Letchworth,East of England,GB,SG6 3DU,UK-0096,01462 601247,letchworth@anytimefitness.co.uk,Letchworth
155,43.58701,-89.81433,69 Commerce St,,Wisconsin Dells,Wisconsin,US,53965,3248,(608) 253-1333,WisconsinDellsWI@anytimefitness.com,Wisconsin Dells
156,37.89696,139.00631,西区青山2-4-1 1F,,新潟市,新潟県,JP,〒950-2002,JP-1493,025-378-4911,af_niigataaoyama483_info@anytimefitness.jp,新潟市 (新潟青山店)
157,29.90644,-90.05375,1729 Lafayette St,,Gretna,Louisiana,US,70053,1411,(504) 218-5104,GretnaLA@anytimefitness.com,Gretna
158,32.53473,-94.7893,100 Kate St,,Longview,Texas,US,75604,1063,(903) 291-9500,LongviewTX3@anytimefitness.com,Longview (100 Kate Street)
159,1.32432,103.93606,"Bedok community center, 850 , #02-22, New Upper Changi Road",,Bedok District,South West,SG,467352,SG-0073,+65-88092291,BedokSouth@anytimefitness.sg,Bedok South Bedok CC
160,50.83971,-1.78199,Piquet House,,Ringwood,South West,GB,BH24 3FH,UK-0406,01425 600 247,ringwood@anytimefitness.co.uk,Ringwood
161,38.93613,-119.74061,1352 Hwy 395,,Gardnerville,Nevada,US,89410,2667,(775) 783-5130,GardnervilleNV@anytimefitness.com,Gardnerville
162,-33.9718,150.85921,"52 Soldiers Parade, Shop A1MM04, Edmonson Square",,Edmonson Park,New South Wales,AU,2174,AU-1596,02 8103 5420,edsquare@anytimefitness.com.au,Ed Square
163,1.39648,103.89125,"Sengkang Community Hospital, 1 Anchorvale Street #01-29",,Sengkang,North East,SG,544835,SG-0061,+65 9773 0829,Skh.ba@anytimefitness.sg,SKH Campus
164,44.9022,-91.93015,1700 Stout St,,Menomonie,Wisconsin,US,54751,255,(715) 309-4441,Menomonie@anytimefitness.com,Menomonie
165,36.46432,140.561,舟石川駅西1-11-16 1F,,那珂郡東海村,茨城県,JP,〒319-1116,JP-2542,029-212-7040,af_tokai777_info@anytimefitness.jp,東海村 (東海店)
166,34.70253,135.7329,三松 4-880-3 1F,,奈良市,奈良県,JP,〒631-0074,JP-1466,0742-93-6647,af_ntomio452_info@anytimefitness.jp,奈良市 (奈良富雄店)
167,14.62755,121.06447,"968 Aurora Boulevard, Anonas, Project 3",,Anonas Aurora Blvd,Metro Manila,PH,,PH-0175,0906 270 6812,Anonas@anytimefitness.ph,Anonas
168,43.56538,-89.47136,2800 New Pinery Rd,,Portage,Wisconsin,US,53901,2312,(608) 745-0250,PortageWI@anytimefitness.com,Portage
169,29.984117,-95.162821,18321 West Lake Houston Parkway,,Atascocita,Texas,US,77346,5063,346-616-0597,AtascocitaTX4@anytimefitness.com,Atascocita
170,36.1998,139.71884,雷電町2708-4 2F,,古河市,茨城県,JP,〒306-0004,JP-2540,0280-23-3552,af_koga775_info@anytimefitness.jp,古河市 (古河店)
171,-33.91293,151.1615,142 Marrickville Road,,Marrickville,New South Wales,AU,2204,AU-1174,0466 228 187,marrickville@anytimefitness.com.au,Marrickville
172,41.60105,-93.80348,13435 University Ave,,West Des Moines,Iowa,US,50325,472,(515) 440-2348,WestDesMoines@anytimefitness.com,West Des Moines (Clive)
173,42.365918,-72.537368,458 Russell St,,Hadley,Massachusetts,US,01035,4406,(413) 570-7070,HadleyMA@anytimefitness.com,Hadley
174,28.74156,77.77428,"First Floor, Umarch Heights, Plot no-1",,Hapur,Uttar Pradesh,IN,245101,IN-1209,"+91 9520973636, +91 9520973637",avasvikas.hapur@anytimefitness.in,"Hapur, Avas Vikas Colony"
175,32.40791,-93.73921,9250 Ellerbe Rd,,Shreveport,Louisiana,US,71106,130,(318) 865-5115,ShreveportLA@anytimefitness.com,Shreveport (Ellerbe Rd)
176,41.50864008,-71.3162982,199 Connell Highway,,Newport,Rhode Island,US,02840,4788,401-846-1713,NewportRI@anytimefitness.com,Newport
177,29.15511,-82.05414,3290 SE 58th Ave,,Ocala,Florida,US,34480,1433,(352) 624-7393,OcalaFL@anytimefitness.com,Ocala (Baseline Road)
178,41.60431,-87.7556,5570 W 159th St,,Oak Forest,Illinois,US,60452,4158,(708) 897-0534,OakForestIL@anytimefitness.com,Oak Forest
179,45.39016,-93.86972,14030 Bank St,,Becker,Minnesota,US,55308,144,(763) 262-2333,BeckerMN@anytimefitness.com,Becker
180,53.51661,-2.94397,38-42 Westway,,Maghull,North West,GB,L31 0AE,UK-0305,01513 292007,maghull@anytimefitness.co.uk,Maghull
181,34.39028,132.45689,広島市中区中町7-20 ＡＮＡクラウンプラザホテル広島6F,,広島市,広島県,JP,〒730-0037,JP-1654,082-569-5376,af_anacrowne643_info@anytimefitness.jp,広島市 (ANAクラウンプラザホテル広島店)
182,33.43925,129.96892,町田1763 2F,,唐津市,佐賀県,JP,〒847-0821,JP-1381,0955-58-9095,af_karachou372_info@anytimefitness.jp,唐津市 (唐津町田店)
183,30.46198,-84.284829,1700 North Monroe St,,Tallahassee,Florida,US,32303,2596,(850) 561-1348,TallahasseeFL3@anytimefitness.com,Tallahassee (Midtown)
184,51.4382,-0.10579,Unit 1 & 2,,London,Greater London,GB,SE27 9AQ,UK-0166,020 3475 1624,tulsehill@anytimefitness.co.uk,London (Tulse Hill)
185,35.02875,135.78185,左京区北白川追分町89-3 宮崎百万遍ビル 1-3F,,京都市,京都府,JP,〒606-8224,JP-1459,075-746-4790,af_demachiyanagi445_info@anytimefitness.jp,京都市 (出町柳店)
186,34.67561,135.50362,南船場2-12-16,,大阪市中央区,大阪府,JP,〒542-0081,JP-3077,,af_shinsaibashi1312_info@anytimefitness.jp,大阪市 (心斎橋店)
187,20.52909,-100.84841,Ruiseñor #737,,Celaya,Guanajuato,MX,38020,MX-1072,461 124 4733,alamos.celaya@anytimefitness.com.mx,Celaya (Álamos)
188,30.47991,-90.86406,28799 Walker S Rd,,Walker,Louisiana,US,70785,346,(225) 664-4700,WalkerLA@anytimefitness.com,Walker
189,-37.82026,144.72115,"Shop 25, 185 Woods Road,",,Truganina,Victoria,AU,3029,AU-1521,0447102869,truganina@anytimefitness.com.au,Truganina
190,33.92138,-84.0086,3153 Sugarloaf Pkwy,,Lawrenceville,Georgia,US,30045,1442,(770) 237-9707,LawrencevilleGA@anytimefitness.com,Lawrenceville (Sugarloaf SW)
191,35.64296,139.66253,三軒茶屋2-54-8 ユニーブル三軒茶屋 1F,,世田谷区,東京都,JP,〒154-0024,JP-2889,03-5787-8432,af_sanchawaka1100_info@anytimefitness.jp,世田谷区 (三軒茶屋若林店)
192,35.55369,139.57913,都筑区中川中央1-1-5 YOTSUBAKO 5F,,横浜市,神奈川県,JP,〒224-0003,JP-1269,045-532-5277,af_centern263_info@anytimefitness.jp,横浜市 (センター北店)
193,-33.79638,151.18361,Level 2,,Chatswood,New South Wales,AU,2067,AU-1220,0424 418 694,chatswood@anytimefitness.com.au,Chatswood
194,29.93808,-89.9285,3201 E Judge Perez Dr,,Meraux,Louisiana,US,70075,1484,(504) 281-2568,MerauxLA@anytimefitness.com,Meraux
195,41.37832,2.15399,"Gran Vía de les Corts Catalanes, 438",,Rocafort Barcelona,Catalonia,ES,08015,SP-0006,+34 691 553 064,rocafort@anytimefitness.es,Rocafort (Barcelona)
196,51.04099,-114.06557,1222 1st St SW,,Calgary,Alberta,CA,T2R 0V4,2317,403 262 6288,CalgaryBeltline@anytimefitness.ca,Calgary (AB Beltline)
197,35.9345,139.37142,新町2-24-9 1F,,鶴ヶ島市,埼玉県,JP,〒350-2227,JP-2802,049-298-5795,af_ippommatsu1033_info@anytimefitness.jp,鶴ヶ島市 (鶴ヶ島一本松店)
198,39.88169,-86.06721,6935 Lake Plz Dr,,Indianapolis,Indiana,US,46220,1514,(317) 570-2106,AvalonCrossingIN@anytimefitness.com,Indianapolis (Lake Plaza Dr)
199,36.30931,-95.31762,29 N Mill St,,Pryor,Oklahoma,US,74361,4201,918-824-4799,PryorOK@anytimefitness.com,Pryor
200,-6.23621,106.81633,"Jl. Senayan No.59, RT.8/RW.5, Rw. Bar., Kec. Kby. Baru, Kota Jakarta Selatan,",,Daerah Khusus Ibukota,Jakarta,ID,12180,ID-0019,,Senopati@anytimefitness.id,Senopati
201,-33.88757,151.1242,2-4 The Esplanade,,Ashfield,New South Wales,AU,2131,AU-1175,02 9797 0046,ashfield@anytimefitness.com.au,Ashfield
202,,,,,TBD,Veracruz,MX,TBD,MX-1198,,,TBD
203,29.09733,-110.93749,Blvd. Eusebio Francisco Kino #315,,Hermosillo,Sonora,MX,83010,MX-1076,6624610687,grandkino.hermosillo@anytimefitness.com.mx,Hermosillo (Plaza Kino)
204,1.35939,103.74935,"30 Bukit Batok Street 31, #04-04 Hong Kah North Community Club",,Singapore,North West,SG,659440,SG-0148,,HongKahNorth@anytimefitness.sg,Hong Kah North CC
205,34.67898,135.1663,兵庫区上沢通1-1-1　信栄商事ビル 2F,,神戸市,兵庫県,JP,〒652-0046,JP-1111,078-335-8431,afminatogawa97_info@anytimefitness.jp,神戸市 (湊川公園店)
206,35.8562,139.41245,入間川1-18-1 新松本ビル 2F,,狭山市,埼玉県,JP,〒350-1305,JP-2994,04-2935-7721,af_sayamashiekimae1205_info@anytimefitness.jp,狭山市 (狭山市駅前店)
207,-16.83518,145.69491,2 Mount Finnigan Court,,Smithfield,Queensland,AU,4878,AU-1553,0742421600,cairnsnorthernbeaches@anytimefitness.com.au,Cairns Northern Beaches
208,41.66069,-93.73849,8805 Chambery Blvd,,Johnston,Iowa,US,50131,282,(515) 334-3488,johnston@anytimefitness.com,Johnston
209,32.5751,-96.31343,11 Oak Crk Dr,,Kaufman,Texas,US,75142,2550,(972) 932-2219,KaufmanTX@anytimefitness.com,Kaufman
210,-33.94213,150.95785,Brighton Lakes Recreation & Golf Club,,Moorebank,New South Wales,AU,2170,AU-1385,02 9824 1490,moorebank@anytimefitness.com.au,Moorebank
211,14.57325,121.01959,"Level 3 Ayala Mall Circuit Makati, Hippodromo Street",,Makati,Metro Manila,PH,,PH-0112,,CircuitMakati@anytimefitness.ph,Circuit Makati
212,-23.69388,133.87911,46 Stuart Highway,,Alice Springs,Northern Territory,AU,0870,AU-1265,08 8953 1404,alicesprings@anytimefitness.com.au,Alice Springs
213,42.21205,-121.75309,1831 Avalon St.,,Klamath Falls,Oregon,US,97603,1550,(541) 891-4084,Kfalls@anytimefitness.com,Klamath Falls
214,26.37656,127.85431,うるま市,,みどり町5-3-2,沖縄県,JP,〒904-2215,JP-3058,,af_urumamidorimachi1268_info@anytimefitness.jp,うるま市 (うるまみどり町店)
215,41.988,12.71707,Viale Roma 243,,Guidonia Montecelio,Roma,IT,00012,IT-0027,+390774340469,guidonia@anytimefitness.it,Guidonia (Montecelio)
216,41.36367,-93.55816,402 N Jefferson Way,,Indianola,Iowa,US,50125,502,(515) 961-8848,Indianola@anytimefitness.com,Indianola
217,-34.01478,151.01338,"Level 1, 12-16 Macmahon Place",,Menai,New South Wales,AU,2234,AU-1227,0419 377 606,menai@anytimefitness.com.au,Menai
218,40.3242,-75.62014,1050 E Philadelphia Ave,,Gilbertsville,Pennsylvania,US,19525,3098,(484) 415-7101,GilbertsvillePA@anytimefitness.com,Gilbertsville
219,41.42344,-81.4776,28500 Miles Rd.,,Solon,Ohio,US,44139,1566,(440) 248-8463,SolonOH@anytimefitness.com,Solon
220,41.17042,-85.49814,462 West Plaza Drive,,Columbia City,Indiana,US,46725,1914,(260) 248-4444,ColumbiaCityIN@anytimefitness.com,Columbia City
221,42.18449,-122.68881,1505 Siskiyou Blvd,,Ashland,Oregon,US,97520,1561,(541) 708-0136,AshlandOR@anytimefitness.com,Ashland
222,14.52997,121.07474,"Vista Mall Taguig, 1637 Camella Taguig Rd., Taguig City",,Taguig City,Metro Manila,PH,,PH-0064,09663716783,VistaMallTaguig@anytimefitness.ph,Vista Mall Taguig
223,27.2993,-81.35698,138 Plz Ave,,Lake Placid,Florida,US,33852,3447,(863) 659-1647,LakePlacidFL@anytimefitness.com,Lake Placid
224,23.35144,85.30616,"Maple Plaza, 2nd floor, Opposite Road no.2,",,Ranchi,Jharkhand,IN,834002,IN-1092,+919905240794,ashoknagar.ranchi@anytimefitness.in,"Ranchi, Ashok Nagar"
225,-8.63541,115.23183,"Jl. Gatot Subroto Tim., Tonja, Kec. Denpasar Utara, Kota Denpasar, Bali 80235",,Denpasar,Bali,ID,80235,ID-0061,,LivingWorldDenpasar@anytimefitness.id,Living World Denpasar
226,-33.78634,150.87298,1 Holbeche Road,,Arndell Park,New South Wales,AU,2148,AU-1864,0429 588 615,arndellpark@anytimefitness.com.au,Arndell Park
227,3.13386,101.62734,"Unit G-12 to G-15, Level Ground Floor, Glo Damansara TTDI, No 699",,Jalan Damansara,Kuala Lumpur,MY,60000,MY-0078,+6012 887 9034,GloDamansaraTTDI@anytimefitness.my,Glo Damasara TTDI
228,40.04884,-84.22688,1450 W Main St,,Troy,Ohio,US,45373,157,(937) 339-3030,Troy@anytimefitness.com,Troy
229,-33.68937,150.92668,"Shop D-LS 109, Level 1",,Rouse Hill Town Centre,New South Wales,AU,2155,AU-1075,0413 625 949,rousehill@anytimefitness.com.au,Rouse Hill Town Centre
230,3.12768,101.67851,"MENARA UOA BANGSAR, 5, Jalan Bangsar Utama 1, Taman Bangsar",,UOA Bangsar,Kuala Lumpur,MY,,MY-0039,,UOABangsar@anytimefitness.my,UOA Bangsar
231,41.38817,-83.64957,1038 N Main St,,Bowling Green,Ohio,US,43402,3753,(419) 315-8510,BowlingGreenOH@anytimefitness.com,Bowling Green
232,41.36784,-85.07216,233 N Grandstaff Rd,,Auburn,Indiana,US,46706,1896,(260) 925-5177,AuburnIN@anytimefitness.com,Auburn
233,26.84621,80.989,"3/296 Vishal Khand, Opp SRS City Mall",,"Lucknow, Gomti Nagar",Uttar Pradesh,IN,226010,IN-1054,+917080903539,gomtinagar.lucknow@anytimefitness.in,"Lucknow, Gomti Nagar"
234,52.27446,5.16329,Nieuwe Brink 5,,Bussum,Noord-Holland,NL,1404 KA,NL-1109,+31 6 11 29 12 11,bussum@anytimefitness.nl,Bussum
235,42.187536,-71.850782,619 Southbridge St.,,Auburn,Massachusetts,US,01501,1635,(508) 407-8440,AuburnMA@anytimefitness.com,Auburn
236,51.95269,-2.06931,The Cleevelands Centre,,Bishops Cleeve,South West,GB,GL52 7AH,UK-0454,01242 804466,mgr.bishopscleeve@anytimefitness.co.uk,Bishops Cleeve
237,1.30728,103.84777,2 Serangoon Road #02-17 to #02-21 Tekka Place Singapore 218227,,Singapore,Central Singapore,SG,218227,SG-0161,,TekkaPlace@anytimefitness.sg,Tekka Place
238,-31.88806,115.83705,223 Wanneroo Road,,Balcatta,Western Australia,AU,6021,AU-1529,08 9344 1955,balcatta@anytimefitness.com.au,Balcatta
239,35.77606,139.58591,栄4-2,,新座市,埼玉県,JP,〒352-0014,JP-3072,,af_oizumigakuendori1307_info@anytimefitness.jp,新座市 (大泉学園通り)
240,47.325782,-119.547849,514 Basin St NW,,Ephrata,Washington,US,98823,1665,(509) 754-1066,EphrataWA@anytimefitness.com,Ephrata
241,41.895932,-87.669191,1647 W Chicago Ave,,Chicago,Illinois,US,60622,4833,(773) 696-4141,ChicagoWestTown@anytimefitness.com,Chicago
242,,,Arca South - TBD,,Taguig City,Metro Manila,PH,,PH-0101,,ArcaSouth@anytimefitness.ph,Taguig City
243,38.206592,-84.273052,2234 Martin Luther King Jr. Blvd,,Paris,Kentucky,US,40361,5069,859-340-8463,ParisKY@anytimefitness.com,Paris
244,38.39156,-122.81805,968 Hwy 116 S,,Sebastopol,California,US,95472-4544,5042,(707) 340-6756,SebastopolCA@anytimefitness.com,Sebastopol
245,33.50566,130.49966,大佐野1-1-8 2F,,太宰府市,福岡県,JP,〒818-0134,JP-1217,092-408-1607,af_dazaifu231_info@anytimefitness.jp,太宰府市 (太宰府店)
246,44.69129,-93.28372,17811 Kenwood Trl,,Lakeville,Minnesota,US,55044,1669,(952) 985-8888,Lakeville@anytimefitness.com,Lakeville
247,14.56109,121.12524,"SM City Taytay Manila East Road Dolores Taytay, Rizal",,Taytay,Rizal,PH,,PH-0060,09167814634,taytay@anytimefitness.ph,SM City Taytay
248,43.14269,-95.14456,504 Grand Ave ,,Spencer,Iowa,US,51301,1699,(712) 580-3788,SpencerIA@anytimefitness.com,Spencer
249,35.55815,139.37331,中央区星が丘3-8-20 1-2F,,相模原市,神奈川県,JP,〒252-0238,JP-2809,042-704-9818,af_hoshigaoka1040_info@anytimefitness.jp,相模原市 (相模原星が丘店)
250,-33.48877,151.32497,"Level 1, The Pavilion",,Woy Woy,New South Wales,AU,2256,AU-1197,02 4342 5111,woywoy@anytimefitness.com.au,Woy Woy
251,41.34656,-82.06583,625 Chestnut Cmns Dr,,Elyria,Ohio,US,44035,2820,(440) 366-1140,ElyriaOH@anytimefitness.com,Elyria
252,-37.77827,144.97759,4-6 Barkly St,,Brunswick East,Victoria,AU,3057,AU-1662,0455507871,brunswickeast@anytimefitness.com.au,Brunswick East
253,33.55366,130.45497,博多区三筑1-5-10 味の街ウエスト麦野店旧パソコン工房 1F,,福岡市,福岡県,JP,〒812-0887,JP-1356,092-558-0472,af_mugi348_info@anytimefitness.jp,福岡市 (麦野店)
254,19.3452,-99.17249,"Miguel Angel de Quevedo, número 443, Romero de Terreros, Alcaldía Coyoacán",,Ciudad de México,Ciudad de Mexico,MX,04310,MX-1096,5535667476,coyoacan.centro@anytimefitness.com.mx,Ciudad de México (Coyoacán)
255,3.07658,101.58732,"1-09-10-10a-11, First Floor, SS15 Courtyard, Jalan SS 15/4g, SS 15",,Subang Jaya,Selangor,MY,47500,MY-0024,,SS15Courtyard@anytimefitness.my,"SS15 Courtyard, Subang Jaya"
256,35.368829,-120.84497,680 Quintana Rd,,Morro Bay,California,US,93442,4536,(805) 225-5052,MorroBayCA@anytimefitness.com,Morro Bay
257,34.08672,134.53432,北田宮4-1-6 1F,,徳島市,徳島県,JP,〒770-0003,JP-1721,088-612-9883,af_tokukitatamiya709_info@anytimefitness.jp,徳島市 (徳島北田宮店)
258,-33.91443,151.10263,308 Beamish St,,Campsie,New South Wales,AU,2194,AU-1139,0491 601 121,campsie@anytimefitness.com.au,Campsie
259,-37.86893,145.24114,"Shop 2203/4 Westfields Knox, Corner Burwood Highway and Stud Road",,Knox,Victoria,AU,3152,AU-1679,0423 479 553,knox@anytimefitness.com.au,Knox
260,22.77221,-102.53768,"Calle Vetagrande, número 3, Local SA7, Zona de Colegios e Infraestructuras",,Zacatecas,Zacatecas,MX,98619,MX-1167,4921621565,distrito.zac@anytimefitness.com.mx,Zacatecas (Distrito 925)
261,43.658303,-79.3497,100 Broadview Ave,,Toronto,Ontario,CA,M4M 3H3,5389,(416) 461-2506,TorontoON2@anytimefitness.ca,Toronto (Riverside)
262,-34.98006,138.51919,115 Jetty Road,,Glenelg,South Australia,AU,5045,AU-1249,08 8294 3669,glenelg@anytimefitness.com.au,Glenelg
263,29.6622,-95.74371,7850 W Grand Pkwy S,,Richmond,Texas,US,77406,4299,281-207-9890,GrandParkway@anytimefitness.com,Richmond (Grand Parkway)
264,30.37229,-97.80228,7300 FM 2222,,Austin,Texas,US,78730,1716,(512) 372-4000,AustinTX@anytimefitness.com,Austin (FM 2222)
265,34.97503,138.3817,葵区呉服町1-30 札の辻クロス 2F,,静岡市,静岡県,JP,〒420-0031,JP-2634,054-291-7123,af_gofukucho870_info@anytimefitness.jp,静岡市 (静岡呉服町店)
266,-38.14281,145.12157,32a Playne St,,Frankston,Victoria,AU,3199,AU-1310,03 9770 2970,frankston@anytimefitness.com.au,Frankston
267,34.91717,135.68917,花山3-48-2 1-2F,,長岡京市,京都府,JP,〒617-0842,JP-2762,075-950-1296,af_tomooka997_info@anytimefitness.jp,長岡京市 (長岡京友岡店)
268,-33.71138,150.31959,1/44 Wilson Street,,Katoomba,New South Wales,AU,2780,AU-1450,02 4782 6643,katoomba@anytimefitness.com.au,Katoomba
269,28.45285,-82.63287,1267 Wendy Ct,,Spring Hill,Florida,US,34607,3855,(352) 606-2842,naturecoastcommons@anytimefitness.com,Spring Hill
270,44.37933,-92.02908,611 Broadway Ave,,Wabasha,Minnesota,US,55981,1313,(651) 565-4181,WabashaMN@anytimefitness.com,Wabasha
271,34.79556,135.37424,安倉南2-2-14　 2F,,宝塚市,兵庫県,JP,〒665-0823,JP-1156,0797-78-6205,aftakaradukaakura150_info@anytimefitness.jp,宝塚市 (宝塚安倉店)
272,38.336203,-121.955434,3025 Alamo Dr ,,Vacaville,California,US,95687,4557,(707) 685-8000,VacavilleCA@anytimefitness.com,Vacaville
273,36.16002,-81.15128,1108 D St,,North Wilkesboro,North Carolina,US,28659,3196,(336) 818-5559,NorthWilkesboroNC@anytimefitness.com,North Wilkesboro
274,35.63151,140.11333,稲毛区天台1-4-12　 2F,,千葉市,千葉県,JP,〒263-0016,JP-1170,043-307-7282,aftendai163_info@anytimefitness.jp,千葉市 (天台店)
275,34.63387,135.51733,阿倍野区昭和町1-9-24 3F,,大阪市,大阪府,JP,〒545-0011,JP-2536,06-6606-8113,af_showacho771_info@anytimefitness.jp,大阪市 (昭和町店)
276,-34.44724,150.43821,Shop T1-3 Highlands Marketplace 197 Old Hume Hwy,,Mittagong,New South Wales,AU,2575,AU-1703,02 4872 2471,mittagong@anytimefitness.com.au,Mittagong
277,-37.9149,145.01803,643 Nepean Highway,,Brighton,Victoria,AU,3187,AU-1178,03 9593 3460,brighton@anytimefitness.com.au,Brighton
278,41.979249,-78.619098,1001 E Main St,,Bradford,Pennsylvania,US,16701,4882,(814) 366-4049,BradfordPA@anytimefitness.com,Bradford
279,35.71747,139.55124,八幡町3-7-8,,武蔵野市,東京都,JP,〒180-0011,JP-2962,0422-27-8251,af_musashino1173_info@anytimefitness.jp,武蔵野市 (武蔵野店)
280,45.05421,-93.36345,5580 W Broadway Ave,,Crystal,Minnesota,US,55428,194,(763) 531-9200,Crystal@anytimefitness.com,Crystal
281,14.58449,121.06759,"Doña Julia Vargas Ave. 2F City Golf Plaza, Barangay Ugong, Ortigas",,Pasig,Metro Manila,PH,1604,PH-0150,,CityGolfPlaza@anytimefitness.ph,City Golf Plaza
282,41.64035,-72.87175,825 Queen Street,,Southington,Connecticut,US,06489,3388,(860) 621-7200,SouthingtonCT@anytimefitness.com,Southington
283,1.35456,103.87929,"780 Upper Serangoon Rd, Singapore 534626",,District 19,Central Singapore,SG,534626,SG-0146,,UpperSerangoon@anytimefitness.sg,Upper Serangoon
284,29.156363,-98.168721,528 10th St,,Floresville,Texas,US,78114,1762,(830) 393-0200,FloresvilleTX@anytimefitness.com,Floresville
285,32.7708,130.72283,南区出仲間9-7-21 1F,,熊本市,熊本県,JP,〒862-0963,JP-2991,096-234-8098,af_kumamotohamasen1202_info@anytimefitness.jp,熊本市 (熊本はません店)
286,40.47857,-104.9173,1159 W Main St,,Windsor,Colorado,US,80550,181,(970) 674-3304,WindsorCO@anytimefitness.com,Windsor
287,21.3000245,-157.8567429,747 Queen St.,,Honolulu,Hawaii,US,96813,4945,808-744-5300,HonoluluHI@anytimefitness.com,Honolulu
288,-34.92523,138.60202,111 Gawler Place,,Adelaide,South Australia,AU,5000,AU-1418,08 8212 7643,adelaide.gawlerplace@anytimefitness.com.au,Adelaide (Gawler Place)
289,14.60942,121.04936,"314 Santolan Road Cor 2nd West Crame,",,San Juan,Metro Manila,PH,,PH-0073,09167780078,SkyLightCenterBonnySerrano@anytimefitness.ph,Skylight Center Bonny Serrano
290,-34.92959,138.59383,251a Morphett St,,Adelaide CBD,South Australia,AU,5000,AU-1231,08 8231 7386,adelaide@anytimefitness.com.au,Adelaide CBD
291,39.524667,-87.116271,60 Forest Park Plaza,,Brazil,Indiana,US,47834,3889,812-420-1122,BrazilIN@anytimefitness.com,Brazil
292,14.32969,120.93973,"3F Dasca Centre Zone 1,",,Dasca Centre,Cavite,PH,,PH-0093,09957622306,DascaCentre@anytimefitness.ph,Dasca Centre
293,1.33411,103.73888,"134 Jurong Gateway, #01-311",,Jurong East Central,South West,SG,600134,SG-0109,+65 8816 5848,JurongEastCentral@anytimefitness.sg,Jurong East Central
294,49.84227,-124.518802,7035 Barnet St ,,Powell River,British Columbia,CA,V8A 1Z9,4566,236 328 0110,PowellRiverBC@anytimefitness.ca,Powell River
295,-33.74403,151.14129,107 Grandview Street,,Pymble,New South Wales,AU,2073,AU-1113,02 9144 7651,pymble@anytimefitness.com.au,Pymble
296,14.55761,121.02299,3rd Floor Paseo Center; Paseo de Roxas corner Sedeno Street. Salcedo Village,,Makati City,Metro Manila,PH,,PH-0010,0917-840-0247 0917-573-0247,afpaseocenter@anytimefitness.ph,Makati City (Paseo Center)
297,36.05163,-115.24387,7537 S Rainbow Blvd,,Las Vegas,Nevada,US,89139,288,(702) 459-2424,LasVegasNV8@anytimefitness.com,Las Vegas (S Rainbow)
298,41.16675,-80.10984,4 Pine Grove Vlg Dr,,Grove City,Pennsylvania,US,16127,3586,(724) 450-0724,GroveCityPA@anytimefitness.com,Grove City
299,-34.90462,138.54377,"Shop 2, 3& 4. 205-209 Grange Road",,Findon,South Australia,AU,5023,AU-1246,08 8345 0986,findon@anytimefitness.com.au,Findon
300,-6.19041,106.73529,"Puri Indah Blok P1 Persil No, RW.1, Kembangan Sel., Kec. Kembangan,",,Daerah Khusus Ibukota,Jakarta,ID,,ID-0042,,PuriIndah@anytimefitness.id,Puri Indah CNI
301,28.64378,77.3262,"Chamber no 101 and 102, First Floor",,Ghaziabad,Uttar Pradesh,IN,201010,IN-1173,+91 8527130232 +918527282232,kaushambi.ghaziabad@anytimefitness.in,"Ghaziabad, Kaushambi"
302,14.5576,121.01805,"2f Eton Tower, Dela Rosa corner Rufino, Legaspi Village",,Makati,Metro Manila,PH,,PH-0040,0977-883-0247 0917-329-0247,afetontower@anytimefitness.ph,Makati (Eton Tower)
303,-36.89763,174.80863,87 Main Highway,,"Ellerslie, Auckland",Auckland,NZ,1051,NZ-1001,09 5290144,ellerslie@anytimefitness.co.nz,"Ellerslie, Auckland"
304,-33.87426,151.20961,227 Elizabeth Street,,Sydney Hyde Park,New South Wales,AU,2000,AU-1408,0413 252 695,sydney.hydepark@anytimefitness.com.au,Sydney Hyde Park (Hyde Park)
305,-32.75525,151.76297,40 Richardson Rd,,Raymond Terrace,New South Wales,AU,2324,AU-1067,02 49832060,raymondterrace@anytimefitness.com.au,Raymond Terrace
306,-24.4012,150.51388,15 Gladstone Road,,Biloela,Queensland,AU,4715,AU-1375,07 4992 2619,biloela@anytimefitness.com.au,Biloela
307,46.73697,-92.16864,215 N. Central Ave.,,Duluth,Minnesota,US,55807,182,(218) 624-1311,WestDuluthMN@anytimefitness.com,Duluth (Central Ave)
308,33.48862,126.47537,수덕로 6,,제주 노형,제주,KR,63100,KR-0010,+82648051320,info@anytimefitness.co.kr,제주 노형
309,-33.87102,151.19477,"Level 1, 210 Harris Street",,Pyrmont,New South Wales,AU,2009,AU-1309,0460 966 560,pyrmont@anytimefitness.com.au,Pyrmont
310,43.0634,141.33716,北3条西12‐1,,札幌市中央区,北海道,JP,〒060-0003,JP-3064,,af_sapporoshokubutsuen1274_info@anytimefitness.jp,札幌市 (札幌植物園店)
311,49.136767,-122.891382,7337 120th St #104,,Delta,British Columbia,CA,V4C 6P5,2867,604 503 4737,SurreyBC2@anytimefitness.ca,Delta (Scott72nd)
312,35.11906,136.88681,熱田区六番3-18-5　タイホウ熱田六番南ビル 1F,,名古屋市,愛知県,JP,〒456-0058,JP-1263,052-364-8630,af_atsuta6s254_info@anytimefitness.jp,名古屋市 (熱田六番南店)
313,41.0366,-95.74827,1207 S Locust St,,Glenwood,Iowa,US,51534,1845,(712) 527-9800,GlenwoodIA@anytimefitness.com,Glenwood
314,34.65025,135.03572,垂水区清水が丘 3-6-6 2F,,神戸市,兵庫県,JP,〒655-0031,JP-1391,078-647-7460,af_tarumi375_info@anytimefitness.jp,神戸市 (垂水店)
315,52.47323,-1.98299,4 Wolverhampton Road,,Birmingham (Hagley Road),West Midlands,GB,B68 0LH,UK-0419,0121 594 0929,hagleyroad@anytimefitness.co.uk,Birmingham (Hagley Road)
316,34.75657,-112.45347,759 N Hwy 89,,Chino Valley,Arizona,US,86323,83,(928) 636-8348,chinovalley.az@anytimefitness.com,Chino Valley
317,22.31624,114.17046,"3/F, Pakpolee Commercial Centre, 1 Sai Yeung Choi Street",,Mong Kok,KOWLOON,HK,,HK-0033,+852 6121 5220,MongKok@anytimefitness.hk,Mong Kok
318,33.66916,-95.51345,3380 NE Loop 286,,Paris,Texas,US,75460,1184,(903) 784-8824,ParisTX@anytimefitness.com,Paris
319,14.65144,120.97263,"Unit 925 to 928, Caloocan City Complex (C-Cube), 8th St, East Grace Park Caloocan City, Metro Manila",,Caloocan City,Metro Manila,PH,1403,PH-0091,9369269,ZitiCenterCaloocan@anytimefitness.ph,Ziti Center Caloocan
320,49.13272,-122.83918,7175 138 St,,Surrey,British Columbia,CA,V3W 7T9,3495,778 565 2407,SurreyBC5@anytimefitness.ca,Surrey (Newton)
321,-33.90213,151.19971,74 McEvoy Street,,Alexandria,New South Wales,AU,2015,AU-1083,0488 105 797,alexandria@anytimefitness.com.au,Alexandria
322,49.160952,-122.891837,8677 120th St,,Delta,British Columbia,CA,V4C 6R4,4545,604 808 2348,DeltaBC2@anytimefitness.ca,Delta
323,36.86686,140.00311,美原2-3232-2 1F,,大田原市,栃木県,JP,〒324-0047,JP-1598,0287-53-7240,af_otawara587_info@anytimefitness.jp,大田原市 (大田原美原店)
324,49.05871,-122.37858,3122 Mount Lehman Rd.,,Abbotsford,British Columbia,CA,V4X,5137,(604) 556-3900,AbbotsfordBC3@anytimefitness.ca,Abbotsford
325,22.34273,114.19068,"136 Lung Cheung Road, Chuk Un, Kowloon",,Hong Kong,KOWLOON,HK,,HK-0048,,WongTaiSin@anytimefitness.hk,Wong Tai Sin
326,40.76613,-89.47526,513 Jubilee Lane,,Germantown Hills,Illinois,US,61548,4723,309.383.4999,GermantownHillsIL@anytimefitness.com,Germantown Hills
327,42.46971,-96.34629,4700 Morningside Ave.,,Sioux City,Iowa,US,51106,1846,(712) 224-2475,SiouxCityIA2@anytimefitness.com,Sioux City (Morningside Ave)
328,44.73626,-92.87976,1355 S Frontage Rd,,Hastings,Minnesota,US,55033,892,(651) 438-8818,HastingsMN@anytimefitness.com,Hastings
329,-34.05431,150.69602,90 -100 Argyle Street,,Camden,New South Wales,AU,2570,AU-1706,02 4610 4040,camden@anytimefitness.com.au,Camden
330,28.72101,77.10981,"104-105, 1st Floor, Crown Heights, Near Crown Plaza",,New Delhi ,Delhi,IN,110085,IN-1038,+919999569780,rohini10.delhi@anytimefitness.in,"New Delhi, Rohini"
331,41.46095,-84.55266,1122 S Main St,,Bryan,Ohio,US,43506,3752,(419) 513-1012,BryanOH@anytimefitness.com,Bryan
332,40.46462,-3.63351,"Mota de Cuervo, 30",,Hortaleza,Madrid,ES,28043,SP-0060,689667132 / 916228350,hortaleza@anytimefitness.es,Hortaleza (Madrid)
333,35.73215,139.74073,巣鴨1-11-1　巣鴨ダイヤビル 2F,,豊島区,東京都,JP,〒170-0002,JP-1152,03-6902-0581,afsugamo194_info@anytimefitness.jp,豊島区 (巣鴨店)
334,30.34313,78.06022,"Parsvnath Eleganza Plot No.103  \ (New No.542/935), SF A-202,2nd Floor,Block A",,Dehradun,Uttarakhand,IN,248001,IN-1042,+919068555157,rajpur.dehradun@anytimefitness.in,"Dehradun, Rajpur"
335,38.26823,140.97651,宮城野区中野4-1-8 1F,,仙台市,宮城県,JP,〒983-0013,JP-1462,022-352-0301,af_sendainakano455_info@anytimefitness.jp,仙台市 (仙台中野店)
336,42.83892,-108.74323,943 Amoretti St,,Lander,Wyoming,US,82520,5,(307) 332-2811,Lander@anytimefitness.com,Lander
337,-36.74718,174.73584,25 Constellation Drive,,Auckland,Auckland,NZ,0632,NZ-1016,021 165 9405,constellation@anytimefitness.co.nz,"Constellation Drive, North Shore"
338,36.39163,139.30359,笠懸町阿佐美1288-1 アクロスプラザ笠懸 1F,,みどり市,群馬県,JP,〒379-2311,JP-1533,0277-46-6488,af_kasakake516_info@anytimefitness.jp,みどり市 (アクロスプラザ笠懸店)
339,2.94248,101.71078,"L-02-106, 107 & 108, Jalan Alamanda, Presint 1",,Putrajaya,Selangor,MY,62000,MY-0037,,ShaftsburyPutrajaya@anytimefitness.my,Shaftsbury Putrajaya
340,35.86071,-97.42342,1726 S Division St,,Guthrie,Oklahoma,US,73044,2364,(405) 293-9200,GuthrieOK@anytimefitness.com,Guthrie
341,35.49341,-97.52162,519 NW 23rd St,,Oklahoma City,Oklahoma,US,73103,2407,(405) 605-6200,OklahomaCityOK3@anytimefitness.com,Oklahoma City
342,14.66122,121.04422,"#47 Visayas Ave., Brgy Vasra",,Quezon City,Metro Manila,PH,1128,PH-0153,,VasraVisayasAvenue@anytimefitness.ph,Vasra Visayas Avenue
343,41.65685,-85.00326,205 W Harcourt Rd,,Angola,Indiana,US,46703,1883,260-665-6666,AngolaIN@anytimefitness.com,Angola
344,45.573358,-93.60066,304 N 19th Ave,,Princeton,Minnesota,US,55371,112,(763) 389-1661,Princeton@anytimefitness.com,Princeton
345,,,,,TBD,Oaxaca,MX,TBD,MX-1199,,,Oaxaca (TBD #2)
346,32.7499,-96.82822,611 N Bishop Ave,,Dallas,Texas,US,75208,1333,(214) 948-6161,DallasTX@anytimefitness.com,Dallas (N Bishop Ave)
347,35.39507,139.31339,桜台1-2-34 伊勢原大神宮ビル 4F,,伊勢原市,神奈川県,JP,〒259-1132,JP-3002,0463-79-6027,af_iseharaekimae1213_info@anytimefitness.jp,伊勢原市 (伊勢原駅前店)
348,34.57523,135.56427,西大塚1-1-15 1-2F,,松原市,大阪府,JP,〒580-0011,JP-2592,072-294-6581,af_matsubaranishi828_info@anytimefitness.jp,松原市 (松原西大塚店)
349,30.22439,-92.37837,1506 N Parkerson Ave,,Crowley,Louisiana,US,70526,1921,(337) 250-4675,CrowleyLA@anytimefitness.com,Crowley
350,31.47679,-97.2039,704 N Hewitt Dr,,Hewitt,Texas,US,76643,2495,(254) 300-5238,HewittTX@anytimefitness.com,Hewitt
351,30.74187,76.78359,"SCO. No - 98-99-100,",,Chandigarh,Chandigarh,IN,160017,IN-1058,+919851400048,17.chandigarh@anytimefitness.in,"Chandigarh, Sector-17"
352,40.88851,-84.57711,303 Towne Center Blvd,,Van Wert,Ohio,US,45891,3754,(419) 513-1029,VanWertOH@anytimefitness.com,Van Wert
353,28.53854,77.36503,"3rd floor, JPS GALLERIA, ADJACENT KESRI PLAZA, Sector 104,",,Noida,Uttar Pradesh,IN,201301,IN-1009,+919582535253,104.noida@anytimefitness.in,"Noida, Sector- 104"
354,39.50234,-121.56278,1124 H Oro Dam Blvd E,,Oroville,California,US,95965,1926,(530) 533-7770,Oroville@anytimefitness.com,Oroville
355,28.67503,77.44077,"D-10, 2nd 3rd Floor",,Ghaziabad,Uttar Pradesh,IN,201001,IN-1059,+919667303087,rdc.ghaziabad@anytimefitness.in,"Ghaziabad, RDC"
356,33.58984,130.38935,中央区赤坂1-14-26　サンパウロビル 1-2F,,福岡市,福岡県,JP,〒810-0042,JP-1089,092-753-7874,affukuokaakasaka85_info@anytimefitness.jp,福岡市 (福岡赤坂店)
357,45.10994,-93.3405,4646 85th Ave N,,Brooklyn Park,Minnesota,US,55443,3563,(763) 762-6932,BrooklynParkMN@anytimefitness.com,Brooklyn Park
358,43.02924,-88.18634,2144 E Moreland Blvd,,Waukesha,Wisconsin,US,53186,2836,(262) 446-6797,WaukeshaWI2@anytimefitness.com,Waukesha (E Moreland)
359,35.66159,139.90044,北宋4-21-1,,浦安市,千葉県,JP,〒279-0002,JP-3044,047-318-2025,af_urayasuyanagidori1254_info@anytimefitness.jp,浦安市 (浦安やなぎ通り店)
360,-33.02932,151.66072,386-390 Pacific Highway,,Belmont North,New South Wales,AU,2280,AU-1016,02 4945 3175,belmont@anytimefitness.com.au,Belmont North (Belmont NSW)
361,30.25833,-98.85173,1420 E Main St,,Fredericksburg,Texas,US,78624,2395,(830) 992-3713,FredericksburgTX@anytimefitness.com,Fredericksburg
362,45.43397,-75.79832,100-35 Allee De Hambourg,,Gatineau,Quebec,CA,J9J 4J6,9900052,819 778 2121,agora@anytimefitness.quebec,Gatineau
363,33.49067,126.53717,제주특별자치도 제주시 중앙로 346 (5층),,제주 센트럴,제주,KR,63232,KR-0006,+82648051321,info@anytimefitness.co.kr,제주 센트럴
364,43.04974,141.38891,白石区東札幌三条4-1-1 1-2F,,札幌市,北海道,JP,〒003-0003,JP-2964,011-595-8218,af_higashisapporo1175_info@anytimefitness.jp,札幌市 (東札幌店)
365,,,,,TBD,Oaxaca,MX,TBD,MX-1200,,,Oaxaca (TBD #3)
366,52.18271,-2.22092,"Basin Road, Worcester",,Worcester,West Midlands,GB,WR5 3GB,UK-0399,01905 709247,worcester@anytimefitness.co.uk,Worcester
367,29.39957,-95.24992,3130 Hwy 35 S,,Alvin,Texas,US,77511,1934,(281) 585-3600,alvinanytimefitness@gmail.com,Alvin
368,,,,,TBD,Oaxaca,MX,TBD,MX-1201,,,Oaxaca (TBD #4)
369,34.78705,135.46199,本町1-1-1 ティオ豊中 1F,,豊中市,大阪府,JP,〒560-0021,JP-2659,06-6151-4011,af_toyonakaeki895_info@anytimefitness.jp,豊中市 (阪急豊中駅前店)
370,47.53126,-121.87363,7713 Center Blvd SE,,Snoqualmie,Washington,US,98065,3245,(425) 396-1312,SnoqualmieWA@anytimefitness.com,Snoqualmie
371,14.96017,120.89035,"SM City Baliwag, 21 Doña Remedios Trinidad Hwy, Baliwag, 1630  Bulacan",,Baliwag,Bulacan,PH,1630,PH-0219,,SMCityBaliwag@anytimefitness.ph,SM City Baliwag
372,35.1924,-80.87335,3609 South Blvd,,Charlotte,North Carolina,US,28209,4408,704-777-1971,cltsouthend@anytimefitness.com,Charlotte
373,40.74359,-86.09448,907 W Main St,,Peru,Indiana,US,46970,1978,(765) 472-7004,PeruIN@anytimefitness.com,Peru
374,30.08807,-97.82228,1671 Main St,,Buda,Texas,US,78610,434,(512) 295-3488,BudaTX@anytimefitness.com,Buda
375,33.51255,126.58039,제주특별자치도 제주시 건주로 74,,제주 삼화,제주,KR,63324,KR-0008,+8264 805 1322,info@anytimefitness.co.kr,제주 삼화
376,31.37053,-92.40835,3800 Hwy 165,,Pineville,Louisiana,US,71360,1067,(318) 640-5380,KingsvilleLA@anytimefitness.com,Pineville (Hwy 165)
377,48.50258,-122.23762,922 3rd St,,Sedro-Woolley,Washington,US,98284,3055,(360) 986-5888,SedroWoolleyWA@anytimefitness.com,Sedro-Woolley
378,41.27088,-95.83629,1137 N Broadway ,,Council Bluffs,Iowa,US,51503,5007,(712) 256-9889,CouncilBluffsIA@anytimefitness.com,Council Bluffs
379,19.12329,-96.10542,Boulevard Miguel Alemán #1302 Local 2,,Boca del Río,Veracruz,MX,94293,MX-1062,(22) 9278-2944,bocadelrio@anytimefitness.com.mx,Boca del Rio (BDR Center)
380,-41.43734,147.14201,2/41 York Street,,Launceston,Tasmania,AU,7250,AU-1032,0407 126 491,launceston@anytimefitness.com.au,Launceston
381,38.31846,140.89828,泉区市名坂字楢町163 1F,,仙台市,宮城県,JP,〒981-3117,JP-2601,022-346-0770,af_ichinazaka837_info@anytimefitness.jp,仙台市 (泉バイパス市名坂店)
382,-34.72022,138.67077,1 Philip Highway,,Elizabeth,South Australia,AU,5112,AU-1259,08 8252 0213,elizabeth@anytimefitness.com.au,Elizabeth
383,33.58802,130.41511,博多区博多駅前3-13-1　林英ビル B1,,福岡市,福岡県,JP,〒812-0011,JP-1108,092-260-7136,afhakataekimae106_info@anytimefitness.jp,福岡市 (博多駅前店)
384,37.46481,-121.14413,1075 Sperry Ave,,Patterson,California,US,95363,1980,(209) 892-4348,PattersonCA@anytimefitness.com,Patterson
385,-33.86221,151.20919,Level 1/22 Pitt Street,,Sydney Circular Quay,New South Wales,AU,2000,AU-1476,0484 926 351,circularquay@anytimefitness.com.au,Sydney Circular Quay
386,52.3877,5.79073,Elburgerweg 29,,Nunspeet,Gelderland,NL,8071 TA,NL-1189,+31 341 200 210,nunspeet@anytimefitness.nl,Nunspeet
387,35.69557,139.78227,日本橋馬喰町2-3-2　セントピアビル 1F,,中央区,東京都,JP,〒103-0002,JP-1039,03-5623-3021,afbakurocho35_info@anytimefitness.jp,中央区 (日本橋馬喰町店)
388,31.7813,-106.2477,3041 N. Zaragoza Rd.,,El Paso,Texas,US,79938,1981,(915) 855-0900,ElPasoTX@anytimefitness.com,El Paso (N Zaragoza Rd)
389,34.32187,134.06682,木太町1127 1F,,高松市,香川県,JP,〒760-0080,JP-1424,087-802-7540,af_takamatsukita413_info@anytimefitness.jp,高松市 (高松木太町店)
390,45.46983,10.85044,"Piazzale Vittorio Veneto, 9",,Bussolengo,Verona,IT,37012,IT-0081,,,Bussolengo
391,43.62177,-94.98757,508 2nd St,,Jackson,Minnesota,US,56143,3759,(507) 849-7348,JacksonMN@anytimefitness.com,Jackson
392,35.8349,140.01193,風早1-3-13 1F,,柏市,千葉県,JP,〒277-0924,JP-2692,04-7179-5736,af_kazahaya928_info@anytimefitness.jp,柏市 (柏風早店)
393,40.10471,-83.72029,1637 Scioto St,,Urbana,Ohio,US,43078,4646,(937) 516-7922,UrbanaOH@anytimefitness.com,Urbana
394,-36.12645,144.74997,219 - 225 Anstruther Street,,Echuca,Victoria,AU,3564,AU-1546,0404535093,echuca@anytimefitness.com.au,Echuca
395,-27.41629,152.94947,"Shop G3, Great Western Super Centre",,Keperra,Queensland,AU,4054,AU-1131,0484255373,keperra@anytimefitness.com.au,Keperra
396,-6.25488,106.98725,"Jl. Ahmad Yani No.Kav. 1, RT.005/RW.002, Pekayon Jaya, Kec. Bekasi Sel., Kota Bks, Jawa Barat 17148",,Indonesia,Bekasi,ID,,ID-0085,,RevoMall@anytimefitness.id,Revo Mall
397,26.78068,80.92368,"C.P. -4/2 Ratan Khand, Sharda Nagar Yojna",,Lucknow,Uttar Pradesh,IN,226012,IN-1104,"+91 7081000911, 7081000922",ashiyana.lucknow@anytimefitness.in,"Lucknow, Aashiyana. Uttar Pradesh"
398,33.58115,130.34853,早良区藤崎1-1-1　藤崎プロスビル 2-3F,,福岡市,福岡県,JP,〒814-0013,JP-1130,092-407-4302,affujisaki118_info@anytimefitness.jp,福岡市 (藤崎店)
399,32.78616,130.76133,東区東町4丁目2-52 1F,,熊本市,熊本県,JP,〒862-0901,JP-1399,096-285-8756,af_kumamotohigashi388_info@anytimefitness.jp,熊本市 (熊本東町店)
400,-6.15067,106.88828,"Jl. Boulevard Bar. Raya No.12, RT.18/RW.19, West Kelapa Gading",,Kelapa Gading,Jakarta,ID,,ID-0022,,MallOfIndonesia@anytimefitness.id,Kelapa Gading
401,20.6517,-100.31332,"Plaza comercial epic center zakia. Av. Paseo de Zakia Pte. 4100-C, local 204.",,El Marqués,Querétaro,MX,76269,MX-1121,4427142997,zakia.qro@anytimefitness.com.mx,Queretaro (Zakia)
402,33.53037,130.45305,小倉2-131-1,,春日市,福岡県,JP,〒816-0824,JP-1124,092-558-8056,afkasugakokura124_info@anytimefitness.jp,春日市 (春日小倉店)
403,42.95935,-81.62304,39 Front St E,,Strathroy,Ontario,CA,N7G 1Y5,5362,519 299 1178,Strathroy@anytimefitness.ca,Strathroy
404,51.11743,5.2596,Stationsstraat 62,,Leopoldsburg,Limburg,BE,3970,NL-1135,+32 011 92 22 09,leopoldsburg@anytimefitness.be,Leopoldsburg
405,52.50801,4.94587,Nieuwstraat 32a-34,,Purmerend,Noord-Holland,NL,1441 CM,NL-1107,+31 299 200331,purmerend@anytimefitness.nl,Purmerend
406,47.15873,-122.03572,135 Jefferson Ave,,Buckley,Washington,US,98321,109,(360) 829-5156,BuckleyWA@anytimefitness.com,Buckley
407,32.45932,-99.70471,1117 E N 10th St,,Abilene,Texas,US,79601,2009,(325) 437-2299,AbileneTX2@anytimefitness.com,Abilene (E N 10th St)
408,23.14828,79.92264,"155/1, Hathital",,Jabalpur,Madhya Pradesh,IN,482002,IN-1112,"+917566066601, 7566066602",hathital.jabalpur@anytimefitness.in,"Jabalpur, Hathital, Madhya Pradesh"
409,-6.2259,106.60161,"Cove Hillcrest, Jl. Jend. Sudirman, Bencongan, Kec. Klp. Dua",,Banten,Tangerang,ID,15810,ID-0018,+62 821-8888-5741,CityWalkElvee@anytimefitness.id,Citywalk Elvee
410,34.19581,-83.85738,4029 Winder Hwy.,,Flowery Branch,Georgia,US,30542,2061,(678) 450-1120,FloweryBranchGA@anytimefitness.com,Flowery Branch
411,1.37576,103.95569,"E!Hub @ Downtown East, 1 Pasir Ris Close, #05-105",,Pasir Ris,North East,SG,519599,SG-0011,+65 8500 3193,pr.ba@anytimefitness.sg,Pasir Ris E!Hub
412,38.47919,-77.97658,767 Nalles Mill Rd,,Culpeper,Virginia,US,22701,1465,(540) 317-1142,CulpeperVA@anytimefitness.com,Culpeper
413,32.67859,-93.74009,185 Burt Blvd,,Benton,Louisiana,US,71006,2062,(318) 965-0159,BentonLA@anytimefitness.com,Benton
414,51.45938,-0.21335,"215 Upper Richmond Road,",,London (Putney),Greater London,GB,SW15 6SY,UK-0481,020 3745 1921,putney@anytimefitness.co.uk,London (Putney)
415,-33.83768,151.20911,Level 1,,North Sydney,New South Wales,AU,2060,AU-1502,0456 526 879,northsydney@anytimefitness.com.au,North Sydney
416,45.57639,9.26442,Via Solferino 25,,Monza,Monza-Brianza,IT,20900,IT-0040,389 5492735,monza@anytimefitness.it,Monza
417,42.015799,-86.491995,5643 Cleveland Ave,,Stevensville,Michigan,US,49127,1836,(269) 429-1222,Jason.Wolf@anytimefitness.com,Stevensville
418,41.215,-85.01834,14550 Amstutz Rd.,,Leo,Indiana,US,46765,2076,(260) 627-4494,LeoIN@anytimefitness.com,Leo
419,29.58703,-98.26714,3820 FM 3009,,Schertz,Texas,US,78154,56,(210) 566-4511,Schertz@anytimefitness.com,Schertz
420,28.45753,77.0452,"SCO 14, chowk, Near Harish Bakery, Jharsa",,Gurgaon,Haryana,IN,122003,IN-1019,+919090109050,31.gurgaon@anytimefitness.in,"Gurgaon, Sector- 31"
421,34.73346,-80.79367,1133 SC 9 Bypass W,,Lancaster,South Carolina,US,29720,2082,(803) 313-2447,LancasterSC@anytimefitness.com,Lancaster
422,45.312308,-75.933507,471 Terry Fox Dr,,Kanata,Ontario,CA,K2T 0A3,5464,613 599 9469,KanataON@anytimefitness.ca,Kanata (Terry Fox)
423,41.53894,-87.43357,9632 Cline Ave,,Highland,Indiana,US,46322,3321,(219) 924-5505,HighlandIN@anytimefitness.com,Highland
424,51.60012,5.22659,Driehoeven 68,,Haaren,Noord-Brabant,NL,5076 BJ,NL-1124,+31 411 200 003,haaren@anytimefitness.nl,Haaren
425,34.579611,-112.348646,6715 E 2nd St,,Prescott Valley,Arizona,US,86314,12,(928) 443-5701,Prescottvalley.az@anytimefitness.com,Prescott Valley
426,33.54441,130.49589,乙金3-20-7　乙金ロイヤルビル 2F,,大野城市,福岡県,JP,〒816-0902,JP-1150,092-558-1131,afoonojo147_info@anytimefitness.jp,大野城市 (大野城店)
427,38.45108,141.27448,あけぼの1-6-7 2F,,石巻市,宮城県,JP,〒986-0862,JP-1732,0225-98-7974,af_ishinomaki720_info@anytimefitness.jp,石巻市 (石巻あけぼの店)
428,29.54952,-90.34286,14057 E Main St,,Cut Off,Louisiana,US,70345,1324,(985) 693-5533,CutOffLA@anytimefitness.com,Cut Off
429,38.60839,-77.35912,5255 Waterway Dr,,Dumfries,Virginia,US,22025,2106,(703) 590-9900,LakeMontclairVA@anytimefitness.com,Dumfries
430,32.921681112,-96.9091992063,13150 Senlac Dr,,Farmers Branch,Texas,US,75234,5070,(972) 884-4664,FarmersBranchTX@anytimefitness.com,Farmers Branch
431,34.8399,135.58961,大畑町27-8 2F,,高槻市,大阪府,JP,〒569-1144,JP-2586,072-668-3870,af_takatsukiohata822_info@anytimefitness.jp,高槻市 (高槻大畑店)
432,30.45663,-97.767,8516 Anderson Mill Rd,,Austin,Texas,US,78729,2109,(512) 258-9900,Anderson.Mill@anytimefitness.com,Austin (Anderson Mill)
433,33.65775,-94.1145,1420 S Constitution Ave,,Ashdown,Arkansas,US,71822,2211,(870) 898-5700,AshdownAR@anytimefitness.com,Ashdown
434,30.47842,-97.81893,2301 S Lakeline Blvd,,Cedar Park,Texas,US,78613,2110,(512) 291-7743,CedarParkTX@anytimefitness.com,Cedar Park
435,48.15925,-103.64665,1542 16th St W,,Williston,North Dakota,US,58801,778,(701) 774-1935,WillistonND@anytimefitness.com,Williston
436,20.5694,-103.45844,"Avenida López Mateos Sur, número 6900",,Tlajomulco de Zuñiga,Jalisco,MX,45640,MX-1136,3322152739,larioja.jal@anytimefitness.com.mx,Zapopan (La Rioja)
437,1.37194,103.8459,"Broadway Plaza,",,Singapore,North East,SG,569841,SG-0008,+65 8388 5213,angmokio@anytimefitness.sg,Ang Mo Kio
438,35.70297,139.66526,中野3-33-18　フェルテ中野 2F,,中野区,東京都,JP,〒164-0001,JP-1176,03-6454-1371,afnakano168_info@anytimefitness.jp,中野区 (中野店)
439,51.20813,-114.51193,100 Horsecreek Rd,,Cochrane,Alberta,CA,T4C 0E3,3571,(403) 851-7575,Cochrane@anytimefitness.ca,Cochrane
440,41.13946,-112.06021,1803 W 1800 N,,Clinton,Utah,US,84015,292,(801) 775-0222,ClintonUT@anytimefitness.com,Clinton
441,30.54355,-87.70678,21862 AL-59,,Robertsdale,Alabama,US,36567,4325,(251) 240-0499,RobertsdaleAL@anytimefitness.com,Robertsdale
442,34.85393,135.77998,寺田高田40-2,,城陽市,京都府,JP,〒610-0121,JP-2850,0774-39-8317,af_joyo1061_info@anytimefitness.jp,城陽市 (城陽寺田店)
443,31.44188,-85.65186,1548 US-231 S,,Ozark,Alabama,US,36360,2118,(334) 445-9009,OzarkAL@anytimefitness.com,Ozark
444,35.73294,139.28949,秋川4-14-3 1F,,あきる野市,東京都,JP,〒197-0804,JP-2617,042-533-3523,af_akigawa853_info@anytimefitness.jp,あきる野市 (秋川店)
445,50.99621,5.84683,Stockholmstraat 10,,Sittard,Limburg,NL,6135 LK,NL-1029,+31 46 47 70 566,sittard@anytimefitness.nl,Sittard
446,42.88048,-73.19897,120 Depot St,,Bennington,Vermont,US,05201,2246,(802) 681-0161,BenningtonVT@anytimefitness.com,Bennington
447,47.17914,-122.55158,8520 Steilacoom Blvd SW,,Lakewood,Washington,US,98498,2121,(253) 589-5277,LakewoodWA@anytimefitness.com,Lakewood
448,45.288118,-93.803966,4081 Cedar St,,Monticello,Minnesota,US,55362,107,(763) 295-9000,Monticello@anytimefitness.com,Monticello
449,44.95317,-93.41929,11104 Cedar Lake Rd,,Minnetonka,Minnesota,US,55305,57,(952) 545-1000,Minnetonka@anytimefitness.com,Minnetonka
450,41.60042,-87.59546,911 E 162nd  St,,South Holland,Illinois,US,60473,4033,(708) 566-9630,SouthHollandIL@anytimefitness.com,South Holland
451,30.37,-91.12382,8827 Highland Rd,,Baton Rouge,Louisiana,US,70808,158,(225) 766-9066,BatonRouge@anytimefitness.com,Baton Rouge (Highland)
452,39.63752,-86.33866,10302 Prosperity Cir,,Camby,Indiana,US,46113,1226,(317) 856-9285,CambyIN@anytimefitness.com,Camby
453,40.26983,-80.12673,3961 Washington Rd,,McMurray,Pennsylvania,US,15317,2127,(724) 942-0024,Mcmurraypa@anytimefitness.com,McMurray
454,48.93575,-122.66544,8115 Birch Bay Sq St,,Blaine,Washington,US,98230,2130,(360) 393-3330,BlaineWA@anytimefitness.com,Blaine
455,-32.56401,151.16748,1/19 Ryan Avenue,,Singleton,New South Wales,AU,2330,AU-1008,0427806820,singleton@anytimefitness.com.au,Singleton
456,41.37703,2.09074,"Josep Anselm Clavé, 6",,Esplugues Barcelona,Catalonia,ES,08950,SP-0021,938805847,esplugues@anytimefitness.es,Esplugues de Llobregat (Barcelona)
457,33.55234,130.332,早良区次郎丸1-11-25,,福岡市,福岡県,JP,〒814-0165,JP-1201,092-834-9403,afjiromaru193_info@anytimefitness.jp,福岡市 (次郎丸店)
458,38.38248,-85.76935,7605 State Rd.,,Sellersburg,Indiana,US,47172,2700,(812) 248-2224,SellersburgIN@anytimefitness.com,Sellersburg
459,-33.88609,151.17846,112-118 Parramatta Rd,,Camperdown,New South Wales,AU,2050,AU-1523,0460 331 255,camperdown@anytimefitness.com.au,Camperdown
460,34.966004,-81.891618,1045 Fernwood Glendale Rd,,Spartanburg,South Carolina,US,29307,2137,(864) 699-9950,SpartanburgSC@anytimefitness.com,Spartanburg
461,27.57495,-99.4742,7718 McPherson Rd,,Laredo,Texas,US,78045,4215,(956) 608-3141,LaredoTX@anytimefitness.com,Laredo
462,35.57562,139.65863,中原区小杉町3-600 コスギサードアヴェニュー 2F,,川崎市,神奈川県,JP,〒211-0063,JP-2538,044-299-8757,af_musashikosugi773_info@anytimefitness.jp,川崎市 (武蔵小杉店)
463,-21.06302,149.15984,1-11 Carl Court,,Rural View,Queensland,AU,4740,AU-1690,074999 9711,mackaynb@anytimefitness.com.au,Mackay Northern Beaches (Rural View)
464,35.146185,-119.465644,1032 Kern St,,Taft,California,US,93268,3721,(661) 765-8880,TaftCA@anytimefitness.com,Taft
465,32.87429,-105.96074,1300 Hamilton Rd,,Alamogordo,New Mexico,US,88310,2048,(575) 439-8100,AlamogordoNM@anytimefitness.com,Alamogordo
466,31.11356,-97.39974,5418 W Adams Ave,,Temple,Texas,US,76502,2213,(254) 780-3131,TempleTX@anytimefitness.com,Temple
467,29.962222,-90.303805,151 Almedia Rd,,St. Rose,Louisiana,US,70087,3323,504-336-4434,StRoseLA@anytimefitness.com,St. Rose
468,35.76042,139.72167,上十条2-27-1,,北区,東京都,JP,〒114-0034,JP-3041,03-5948-8835,af_jujoekimae1251_info@anytimefitness.jp,北区 (十条駅前店)
469,30.47921,-90.09251,1205 Village Walk,,Covington,Louisiana,US,70433,33,(985) 809-0099,CovingtonLA@anytimefitness.com,Covington (1205 Village Walk)
470,35.57819,139.73326,大森北6-26-22 2F,,大田区,東京都,JP,〒143-0016,JP-1318,03-6404-6816,af_heiwajima320_info@anytimefitness.jp,大田区 (平和島店)
471,45.50722,9.23569,"Via Asiago, 108",,Milano,Milano,IT,20128,IT-0074,3280828502,milanomartesana@anytimefitness.it,Milano (Martesana)
472,46.36237,-94.1814,302 5th Ave NE,,Brainerd,Minnesota,US,56401,223,(218) 828-0909,Brainerd@anytimefitness.com,Brainerd
473,30.53865,-90.95578,32350 Hwy 16,,Denham Springs (Watson),Louisiana,US,70706,88,(225) 667-1077,DenhamSpringsLA3@anytimefitness.com,Denham Springs (Watson) (Hwy 16)
474,33.87744,130.88724,小倉北区中津口2-2-16　ASOBOX 2F,,北九州市,福岡県,JP,〒802-0018,JP-1210,093-383-7682,afkokura197_info@anytimefitness.jp,北九州市 (小倉店)
475,35.15604,136.91319,中区千代田3-7-3,,名古屋市,愛知県,JP,〒460-0012,JP-1154,052-253-9860,aftsurumai145_info@anytimefitness.jp,名古屋市 (鶴舞店)
476,30.12586,-95.41948,1523 Rayford Rd.,,Spring,Texas,US,77386,2256,(281) 292-3344,SpringTX@anytimefitness.com,Spring (Rayford Rd)
477,34.75133,135.41514,南塚口町2-17-1　アミティ塚口 2F,,尼崎市,兵庫県,JP,〒661-0012,JP-1166,06-6409-4575,afhannkyutukaguchiekimae158_info@anytimefitness.jp,尼崎市 (阪急塚口駅前店)
478,33.31301,130.52299,大手町 1-6 ニューウエダビル 2F,,久留米市,福岡県,JP,〒830-0034,JP-1481,0942-64-9503,af_kurumeotemachi469_info@anytimefitness.jp,久留米市 (久留米大手町店)
479,30.045259,-95.348495,5645 Treaschwig Rd,,Spring,Texas,US,77373,2257,(281) 784-2440,SpringTX3@anytimefitness.com,Spring
480,35.15892,138.66394,本市場町701 1F,,富士市,静岡県,JP,〒416-0954,JP-1691,0545-67-1165,af_fujiaoba679_info@anytimefitness.jp,富士市 (富士青葉通店)
481,30.62063,-87.04984,6568 Caroline St,,Milton,Florida,US,32570,3074,(850) 623-3348,MiltonFL@anytimefitness.com,Milton
482,35.58047,139.55854,青葉区美しが丘2-20-8 美しが丘第5住光ビル 2F,,横浜市,神奈川県,JP,〒225-0002,JP-2960,045-479-9005,af_tamaplaza1171_info@anytimefitness.jp,横浜市 (たまプラーザ店)
483,24.79269,-107.41858,"Blvd. Emiliano Zapata #2151, Col. Vallado, 80110 Culiacán, Sinaloa.",,Culiacán,Sinaloa,MX,80110,MX-1028,6674816849,zapata.sin@anytimefitness.com.mx,Culiacán (Plaza Zapata)
484,35.68059,138.54566,千塚1-9-17 ウェルサイド山の手I区画 2F,,甲府市,山梨県,JP,〒400-0074,JP-2768,055-287-8034,af_yumura1002_info@anytimefitness.jp,甲府市 (甲府湯村店)
485,36.2937,-86.6997,1677 Gallatin Pike N,,Madison,Tennessee,US,37115,5380,(615) 540-7490,MadisonTN@anytimefitness.com,Madison
486,32.89386,-97.104,2350 Hall Johnson Rd,,Grapevine,Texas,US,76051,2261,(817) 442-0228,GrapevineTX@anytimefitness.com,Grapevine
487,-37.88002,144.70685,2/76 Old Geelong Road,,Hoppers Crossing,Victoria,AU,3029,AU-1494,0397491577,hopperscrossing@anytimefitness.com.au,Hoppers Crossing
488,35.71139,139.69153,上落合1-5-2　羽場ビル 1F-B2,,新宿区,東京都,JP,〒161-0034,JP-1222,03-6908-6782,afochiai209_info@anytimefitness.jp,新宿区 (落合店)
489,35.70203,140.09022,八千代台北1-2-3 ハピネス八千代 1F,,八千代市,千葉県,JP,〒276-0031,JP-1340,047-411-6780,af_ycyd334_info@anytimefitness.jp,八千代市 (八千代台店)
490,42.22012,-71.6962,100 Worcester St.,,Grafton,Massachusetts,US,01536,954,(508) 839-0084,GraftonMA@anytimefitness.com,Grafton
491,14.65692,120.96086,"Lot 2-10, Blk 8 Phase 3 E-2 Along C4 Road Longos District 2",,Malabon,Metro Manila,PH,1472,PH-0100,,FisherMallMalabon@anytimefitness.ph,"Fisher Mall, Malabon"
492,42.005526,-83.967159,1400-1422 W Chicago Blvd,,Tecumseh,Michigan,US,49286,3660,(517) 301-4908,TecumsehMI@anytimefitness.com,Tecumseh
493,41.947635,-87.766692,3657 N. Central Ave,,Chicago,Illinois,US,60634,5617,773-300-3440,ChicagoIL8@anytimefitness.com,Chicago
494,33.36762,-111.75529,949 N Val Vista Dr,,Gilbert,Arizona,US,85234,3712,(480) 892-5646,GilbertAZ3@anytimefitness.com,Gilbert (Gilbert at Val Vista Lakes)
495,51.51335,-0.07201,18 Alie St,,London (Aldgate),Greater London,GB,E1 8DE,UK-0482,020 3551 1580,aldgate@anytimefitness.co.uk,London (Aldgate)
496,38.3107,-81.56818,5707 MacCorkle Ave SE,,Charleston,West Virginia,US,25304,2725,(304) 925-8500,CharlestonWV@anytimefitness.com,Kanawha City (Kanawha City)
497,35.50391,139.61319,港北区篠原町3134-2 1F,,横浜市,神奈川県,JP,〒222-0026,JP-2679,045-717-6030,af_shinyokohama1915_info@anytimefitness.jp,横浜市 (新横浜一丁目店)
498,41.934702,-84.969875,355 S Willowbrook Rd,,Coldwater,Michigan,US,49036,2272,517-317-1035,ColdwaterMI@anytimefitness.com,Coldwater
499,43.28949,-91.79566,915 Short St,,Decorah,Iowa,US,52101,264,(563) 382-2323,Decorah@anytimefitness.com,Decorah
500,44.6405701,-63.57821,1333 South Park Street,,Halifax,Nova Scotia,CA,B3J 2K9,4575,(902) 400-4001,south.halifax@anytimefitness.ca,Halifax
501,34.56504,135.49401,堺区向陵中町4-5-27 中谷ビル 1F,,堺市,大阪府,JP,〒590-0024,JP-1316,072-242-4092,af_mikunigaoka308_info@anytimefitness.jp,堺市 (三国ヶ丘店)
502,35.60871,139.68539,北千束1-51-3 1-3F,,大田区,東京都,JP,〒145-0062,JP-1501,03-6421-3195,af_ookayama487_info@anytimefitness.jp,大田区 (大岡山店)
503,35.27737,136.91759,郷中2-33 1F,,小牧市,愛知県,JP,〒485-0033,JP-1384,0568-48-3750,af_komakig376_info@anytimefitness.jp,小牧市 (小牧郷中店)
504,28.14586,-81.44636,1064 Cypress Pkwy,,Poinciana,Florida,US,34759,1904,(407) 847-4144,KissimmeeFL@anytimefitness.com,Poinciana
505,39.758227,-84.635886,1220 N Barron St,,Eaton,Ohio,US,45320,3284,(937) 456-0135,EatonOH@anytimefitness.com,Eaton
506,-35.38127,149.20019,Shop 13 Jerrabomberra Village Shopping Centre,,Jerrabomberra,New South Wales,AU,2619,AU-1018,0404 528 811,jerra@anytimefitness.com.au,Jerrabomberra
507,41.00351,-95.90667,2380 W 8th Ave,,Plattsmouth,Nebraska,US,68048,2948,(402) 298-4351,PlattsmouthNE@anytimefitness.com,Plattsmouth
508,39.28186,-75.59659,599 Jimmy Dr,,Smyrna,Delaware,US,19977,2328,(302) 653-4496,SmyrnaDE@anytimefitness.com,Smyrna
509,38.57006,-89.94261,1207 Thouvenot Ln.,,Shiloh,Illinois,US,62269,428,(618) 222-2721,ShilohIL@anytimefitness.com,Shiloh
510,40.811374,-74.214533,312 Bloomfield Ave,,Montclair,New Jersey,US,07042,4558,973.866.0246,MontclairNJ@anytimefitness.com,Montclair
511,39.391529,-119.768133,18603 Wedge Pkwy,,Reno,Nevada,US,89511,39,(775) 852-7007,Suzanne.Lucas@anytimefitness.com,Reno (Galena)
512,35.0056,136.99341,中手町 2-203 1-2F,,刈谷市,愛知県,JP,〒448-0049,JP-1390,0566-62-5077,af_kariya382_info@anytimefitness.jp,刈谷市 (刈谷店)
513,39.48327,-119.8546,4784 Caughlin Pkwy.,,Reno,Nevada,US,89519,941,(775) 622-8034,RenoNV1@anytimefitness.com,Reno (Caughlin Ranch)
514,43.39835,-94.81047,2508 Central Ave,,Estherville,Iowa,US,51334,2338,(712) 362-1348,EsthervilleIA@anytimefitness.com,Estherville
515,36.07615,-115.29853,6125 S Fort Apache Rd,,Las Vegas,Nevada,US,89148,534,(702) 434-0240,LasVegasNV7@anytimefitness.com,Las Vegas (Fort Apache)
516,35.40137,139.30746,伊勢原3-24-11,,伊勢原市,神奈川県,JP,〒259-1131,JP-2773,0463-73-8357,af_isehara1007_info@anytimefitness.jp,伊勢原市 (伊勢原店)
517,42.457549,-98.648885,307 E Douglas St,,O' Neill,Nebraska,US,68763,238,(402) 336-2285,OneilNE@anytimefitness.com,O' Neill
518,40.28938,-84.18583,2016 Michigan St,,Sidney,Ohio,US,45365,2384,(937) 710-4326,sidneyOH@anytimefitness.com,Sidney
519,36.03846,-78.49751,1130 US-1 N,,Youngsville,North Carolina,US,27596,388,(919) 554-4562,YoungsvilleNC@anytimefitness.com,Youngsville
520,35.16501,136.73686,愛宕町9-4-2 1F,,津島市,愛知県,JP,〒496-0036,JP-2744,0567-28-3120,af_tsushima979_info@anytimefitness.jp,津島市 (津島店)
521,-27.46161,153.00678,183 Given Terrace,,Paddington,Queensland,AU,4064,AU-1687,0459990454,paddingtonqld@anytimefitness.com.au,Paddington (QLD)
522,35.82032,-78.84738,2103 Grace Park Dr,,Morrisville,North Carolina,US,27560,374,(919) 377-0357,MorrisvilleNC@anytimefitness.com,Morrisville
523,36.13248,140.22729,下稲吉2654-1 千代田ショッピングセンター 1F,,かすみがうら市,茨城県,JP,〒315-0052,JP-2808,0299-56-2761,af_kasumigaura1039_info@anytimefitness.jp,かすみがうら市 (かすみがうら店)
524,30.004,-97.86444,21195 Hwy 35,,Kyle,Texas,US,78640,432,(512) 268-2247,KyleTX@anytimefitness.com,Kyle
525,43.62566,-116.21067,1746 W. State St.,,Boise,Idaho,US,83702,2531,(208) 344-4284,BoiseID2@anytimefitness.com,Boise (North Boise)
526,9.32254,123.29614,"2nd Floor Cluster A2, Lifestyle District Complex, Real St., National Highway, Brgy. Daro, Dumaguete",,Dumaguete City,Negros Oriental,PH,,PH-0221,,DumagueteCity@anytimefitness.ph,Dumaguete City
527,33.5724,-86.90769,1984 Veterans Memorial Dr,,Birmingham,Alabama,US,35214,2680,(205) 874-6644,BirminghamAL3@anytimefitness.com,Birmingham (Adamsville)
528,34.93587,135.74527,伏見区下鳥羽平塚町133 2F,,京都市,京都府,JP,〒612-8387,JP-2761,075-748-7966,af_shimotoba996_info@anytimefitness.jp,京都市 (京都下鳥羽店)
529,35.64904,-78.39479,50 Neuse River Pkwy,,Clayton,North Carolina,US,27527,4614,919-243-2895,ClaytonNC@anytimefitness.com,Clayton
530,38.27922,140.89116,青葉区高松1-18-2 2F,,仙台市,宮城県,JP,〒981-0907,JP-2806,022-342-8916,af_takamatsu1037_info@anytimefitness.jp,仙台市 (フレスポ仙台東照宮店)
531,42.54,-71.61411,20 Andrews Pkwy,,Devens,Massachusetts,US,01434,713,(978) 772-0722,DevensMA@anytimefitness.com,Devens
532,44.84929,-87.36293,1300 Egg Harbor Rd,,Sturgeon Bay,Wisconsin,US,54235,2634,(920) 301-7241,SturgeonbayWI@anytimefitness.com,Sturgeon Bay
533,35.71376,140.14595,上志津1707-2 1F,,佐倉市,千葉県,JP,〒285-0846,JP-1434,043-488-5831,af_shizu427_info@anytimefitness.jp,佐倉市 (志津店)
534,40.40538,-104.97928,4872 Thompson Pkwy,,Johnstown,Colorado,US,80534,4399,(970) 663-4517,JohnstownCO2@anytimefitness.com,Johnstown
535,35.64744,139.72428,南麻布4-12-4 プラチナコート広尾 B1,,港区,東京都,JP,〒106-0047,JP-1268,03-6455-7985,af_hiroo264_info@anytimefitness.jp,港区 (広尾店)
536,39.49461,-76.32635,5 Bel Air S Pwy,,Bel Air,Maryland,US,21015,2416,(410) 569-0009,BelAirMD2@anytimefitness.com,Bel Air (Anytime Fitness Festival of Bel Air)
537,14.64185,121.03947,"1-B, Centris Walk,Eton Centris, EDSA corner Quezon Avenue, Barangay Piñahan",,Quezon City,Metro Manila,PH,,PH-0090,,EDSAcentris@anytimefitness.ph,Eton Centris
538,42.34745,-88.84985,13514 Julie Drive,,Poplar Grove,Illinois,US,61065,4532,815.765.9393,PoplarGroveIL@anytimefitness.com,Poplar Grove
539,28.54792,-81.70747,2570 FL-50,,Clermont,Florida,US,34711,2435,(352) 432-3901,ClermontFL2@anytimefitness.com,Clermont (E. Hwy 50)
540,40.58581,-80.04576,9795 Perry Hwy,,Wexford,Pennsylvania,US,15090,4324,(724) 759-2400,WexfordPA@anytimefitness.com,Wexford
541,28.10522,-81.63731,515 US Hwy 17-92 W,,Haines City,Florida,US,33844,2490,(863) 421-3481,HainesCityFL@anytimefitness.com,Haines City
542,-36.71584,174.74616,12 Inverness Road,,"Browns Bay, Auckland",Auckland,NZ,0630,NZ-1012,09 4783741,brownsbay@anytimefitness.co.nz,"Browns Bay, Auckland"
543,14.67359,121.05467,"3rd Level, Haven Building, Congressional Ave Ext.",,Quezon City,Metro Manila,PH,,PH-0084,+63 919 0052398,CongressionalExt@anytimefitness.ph,Congressional Ext. (Congressional Ext.)
544,41.33253,-87.20204,822 Country Sq Plz,,Hebron,Indiana,US,46341,2454,(219) 996-2911,HebronIN@anytimefitness.com,Hebron
545,-6.26517,106.8303,"10, Jl. Mampang Prpt. Raya No.66, RT.9/RW.3, Tegal Parang, Kec. Mampang Prpt., Kota Jakarta Selatan,",,Daerah Khusus Ibukota,Jakarta,ID,12790,ID-0035,,Mampang@anytimefitness.id,Mampang
546,42.92283,-83.99101,8753 Monroe Rd,,Durand,Michigan,US,48429,4477,(989) 319-4478,DurandMI@anytimefitness.com,Durand
547,-33.80368,151.19866,150 Mowbray Road,,Willoughby,New South Wales,AU,2068,AU-1568,0423 741 778,willoughby@anytimefitness.com.au,Willoughby
548,39.239622,-94.899582,712 1st Terrace,,Lansing,Kansas,US,66043,1570,(913) 364-4455,LansingKS@anytimefitness.com,Lansing
549,41.80992,-72.51428,238-A Tolland Tpke.,,Manchester,Connecticut,US,06042,3356,(860) 432-1300,ManchesterCT@anytimefitness.com,Manchester
550,35.67496,139.79788,深川2-8-19　門前仲町さくらいビル 1F,,江東区,東京都,JP,〒135-0033,JP-1022,03-5620-8088,afmonnaka18_info@anytimefitness.jp,江東区 (門前仲町店)
551,39.8522,-74.18396,344 N Main St,,Lanoka Harbor,New Jersey,US,08734,4322,(609) 994-0696,LanokaHarborNJ@anytimefitness.com,Lanoka Harbor
552,49.28131,-123.02157,3701 Hastings St,,Burnaby,British Columbia,CA,V5C 2H6,3091,604 294 9947,BurnabyBC2@anytimefitness.ca,Burnaby (North Burnaby)
553,33.98348,131.20969,妻崎開作517-4 1F,,宇部市,山口県,JP,〒759-0204,JP-2752,0836-52-7355,af_ubekonan987_info@anytimefitness.jp,宇部市 (宇部厚南店)
554,41.25283,-95.93008,1027 Jones St,,Omaha,Nebraska,US,68102,2539,(402) 991-2333,OmahaNE3@anytimefitness.com,Omaha (Jones St)
555,35.75384,140.3076,並木町165-32 1F,,成田市,千葉県,JP,〒286-0045,JP-3009,0476-33-6785,af_naritanamikicho1220_info@anytimefitness.jp,成田市 (成田並木町店)
556,35.43531,139.35606,恩名1-10-68 1F,,厚木市,神奈川県,JP,〒243-0032,JP-2644,046-259-5348,af_atsugibunka880_info@anytimefitness.jp,厚木市 (厚木文化会館前店)
557,43.47435,-88.82545,1626 N Spring St,,Beaver Dam,Wisconsin,US,53916,2529,(920) 219-9606,BeaverDamWI@anytimefitness.com,Beaver Dam
558,35.67427,139.66769,笹塚1-56-7 笹塚テラス 2F,,渋谷区,東京都,JP,〒151-0073,JP-1184,03-6300-0883,afkeiosasazuka178_info@anytimefitness.jp,渋谷区 (京王笹塚店)
559,38.36265,-122.69243,939 Golf Course Dr,,Rohnert Park,California,US,94928,2545,(707) 585-8795,RohnertParkCA@anytimefitness.com,Rohnert Park
560,14.32265,120.91247,"Vista Mall - General Trias, Ground Floor, Arnaldo Hwy",,General Trias,Cavite,PH,,PH-0120,09065734794 / 09295264594,VistaMallGeneralTrias@anytimefitness.ph,Vista Mall - General Trias
561,49.265081,-124.786325,3550 Johnston Rd,,Port Alberni,British Columbia,CA,V9Y 7W8,4424,(778) 421-3770 ,PortAlberniBC@anytimefitness.ca,Port Alberni
562,31.920091,-106.440214,10641 Kenworthy St,,El Paso,Texas,US,79924,3735,915-236-1912,ElPasoTX4@anytimefitness.com,El Paso
563,38.23331,-122.60365,2620 Lakeville Hwy,,Petaluma,California,US,94954,2547,(707) 779-2155,PetalumaCA@anytimefitness.com,Petaluma
564,30.25586,-90.93071,13091 Airline Hwy,,Gonzales,Louisiana,US,70737,340,(225) 644-5364,Gonzales@anytimefitness.com,Gonzales
565,-35.12053,139.27207,"Level 1, 17 - 19 Adelaide Road",,Murray Bridge,South Australia,AU,5253,AU-1264,0409 779 879,murraybridge@anytimefitness.com.au,Murray Bridge
566,33.98086,-117.3673,3191 B Mission Inn Ave,,Riverside,California,US,92507,2570,(951) 643-3992,RiversideCA1@anytimefitness.com,Riverside (Mission Inn)
567,1.54634,103.76727,"No. 5H, Jalan Sagu 21, Taman Daya",,Johor Bahru,Johor,MY,81100,MY-0042,,MountAustin@anytimefitness.my,Mount Austin (24 Fitness Sdn Bhd 1523610-A)
568,42.21521,-83.48691,11780 Belleville Rd,,Belleville,Michigan,US,48111,3692,(734) 325 2809,BellevilleMI@anytimefitness.com,Belleville
569,30.35451,-97.73308,2525 W Anderson Ln,,Austin,Texas,US,78757,2584,(512) 371-9211,AustinTX6@anytimefitness.com,Austin (Northcross Mall)
570,33.47472,-94.01924,2229 Trinity Blvd,,Texarkana,Arkansas,US,71854,1236,(870) 772-4348,TexarkanaAR@anytimefitness.com,Texarkana
571,28.66438,77.09219,"G5, 2nd floor Pushkar Enclave,  Paschim Vihar",,New Delhi,Delhi,IN,110063,IN-1036,"+917669566695, +917669466694",paschimvihar.delhi@anytimefitness.in,"New Delhi, Paschim Vihar"
572,32.6495,-96.53637,380 N Hwy 175,,Seagoville,Texas,US,75159,3913,(972) 567-8090,SeagovilleTX1@anytimefitness.com,Seagoville
573,31.73484,130.62654,西餅田166 1-2F,,姶良市,鹿児島県,JP,〒899-5431,JP-1661,0995-55-1622,af_aira650_info@anytimefitness.jp,姶良市 (姶良店)
574,29.65335,-95.032931,1414 W Fairmont Parkway,,La Porte,Texas,US,77571,2591,(281) 930-9949,LaPorteTX@anytimefitness.com,La Porte
575,28.50526,77.03815,"OTF- 301, 302, 303 & 304, Palam Triangle",,Gurgaon,Haryana,IN,122017,IN-1118,+918929319898,palamvihar.gurgaon@anytimefitness.in,"Gurgaon, Palam Vihar, Haryana"
576,38.225753,-85.575236,9902 Linn Station Rd,,Louisville,Kentucky,US,40223,5060,502-200-8828,LouisvilleKY7@anytimefitness.com,Louisville
577,42.72712,-83.30696,"3603, 3607 & 3611 South Baldwin Rd",,Lake Orion,Michigan,US,48359,4202,248-499-9425,LakeOrionMI@anytimefitness.com,Lake Orion
578,3.0184,101.78452,"Lot 2-1, 2-2, 2-3 Amerin Mall, Jalan Impian Indah",,Seri Kembangan,Selangor,MY,43300,MY-0055,,AmerinMall@anytimefitness.my,Amerin Mall
579,44.09432,-78.94349,14500 Simcoe St.,,Port Perry,Ontario,CA,L9L 1V4,3398,905 982 2788,ScugogON@anytimefitness.ca,Port Perry
580,41.025644,-80.737645,6442 S Raccoon Road,,Canfield,Ohio,US,44406,3572,(330) 360-3517,CanfieldOH@anytimefitness.com,Canfield
581,42.722769,-83.427452,7113 Dixie Hwy,,Clarkston,Michigan,US,48346,5129,(248) 922-7632,ClarkstonMI2@anytimefitness.com,Clarkston
582,35.60924,139.74883,東品川4-12-8,,品川区,東京都,JP,140-0002,JP-3020,03-6810-3730,af_shinagawaseaside1231_info@anytimefitness.jp,品川区 (品川シーサイド店)
583,28.6483,77.11794,"Building No. Z-10, 4th Floor, Rajouri Garden, New Delhi-110027",,New Delhi,Delhi,IN,110027,IN-1010,"+919582800808, 9599800804",rajouri.delhi@anytimefitness.in,"New Delhi, Rajouri Garden"
584,44.80172,-91.50702,329 Water St,,Eau Claire,Wisconsin,US,54703,1025,(715) 831-6400,EauClaireWI1@anytimefitness.com,Eau Claire (Water St)
585,35.94146,-115.11741,2920 Bicentennial Pkwy,,Henderson,Nevada,US,89044,4285,(702) 747-9194,HendersonNV3@anytimefitness.com,Henderson
586,27.0165,-82.05685,24001 Peachland Blvd,,Port Charlotte,Florida,US,33954,3680,(941) 764-7227,PortCharlotteFL@anytimefitness.com,Port Charlotte
587,42.45445,-71.06586,462 Main St.,,Melrose,Massachusetts,US,02176,2655,(339) 293-4076,MelroseMA@anytimefitness.com,Melrose
588,3.0648,101.60966,"A-2-5 Sunway Geo Avenue, Jalan Lagoon Selatan",,Bandar Sunway,Selangor,MY,47500,MY-0021,035 611 0456,SunwayGeo@anytimefitness.my,Sunway Geo
589,35.71858,139.71397,高田2-17-17 1-3F,,豊島区,東京都,JP,〒171-0033,JP-1519,03-5924-6016,af_zoshigaya508_info@anytimefitness.jp,豊島区 (雑司が谷店)
590,40.60475,-79.60674,453 Hyde Park Plz,,Leechburg,Pennsylvania,US,15656,2662,(724) 236-0216,LeechburgPA@anytimefitness.com,Leechburg
591,35.9961,-96.11451,216 S Main St,,Sapulpa,Oklahoma,US,74066,820,(918) 512-6700,SapulpaOK@anytimefitness.com,Sapulpa
592,34.60431,133.78678,黒崎25-4,,倉敷市,岡山県,JP,〒710-0014,JP-1265,086-441-2768,af_kurashikifuku253_info@anytimefitness.jp,倉敷市 (倉敷福島店)
593,19.6751,-101.16314,"Paseo Altozano en Avenida Montaña Monarca 1000,",,Morelia,Michoacan,MX,58230,MX-1170,4431075845,altozano.mich@anytimefitness.com.mx,Morelia (Paseo Altozano)
594,-33.46811,151.38211,"34 Avoca Dr, Kincumber NSW 2251",,Kincumber,New South Wales,AU,2251,AU-1396,(02) 4369 1600,kincumber@anytimefitness.com.au,Kincumber
595,31.63844,-94.65455,3801 North St,,Nacogdoches,Texas,US,75965,2675,(936) 205-9165,NacogdochesTX@anytimefitness.com,Nacogdoches
596,42.521215,-83.050691,5645 Thirteen Mile Rd,,Warren,Michigan,US,48092,5130,(586) 510-4985,WarrenMI2@anytimefitness.com,Warren
597,35.62702,139.65619,駒沢5-25-7　駒沢パークサイドテラスサウス B1,,世田谷区,東京都,JP,〒154-0012,JP-1029,03-6453-4210,afkomazawa25_info@anytimefitness.jp,世田谷区 (駒沢公園店)
598,35.86644,-84.20138,12572 Kingston Pike,,Knoxville (Farragut),Tennessee,US,37934,3136,(865) 671-1112,FarragutTN@anytimefitness.com,Knoxville (Farragut)
599,52.3958,5.27612,Noordeinde 46,,Almere Buiten,Flevoland,NL,1334 AX,NL-1045,+31 (0) 36 20 20 104,almere-buiten@anytimefitness.nl,Almere Buiten
600,40.308148,-79.590518,6211 Route 30,,Greensburg,Pennsylvania,US,15601,5605,724-221-9399,GreensburgPA@anytimefitness.com,Greensburg
601,26.97832,83.37227,"3rd floor, above jawed Habib near ITI chargawan,",,Gorakhpur,Uttar Pradesh,IN,273013,IN-1121,+919453036333,chargawan.gorakhpur@anytimefitness.in,"Gorakhpur, Uttar Pradesh"
602,35.58633,139.63035,中原区新城3-1-10　アクセスⅡビル 3F,,川崎市,神奈川県,JP,〒211-0044,JP-1162,044-789-5381,afmusashishinnjo152_info@anytimefitness.jp,川崎市 (武蔵新城店)
603,32.82019,130.71829,中央区黒髪3-3-19 2F,,熊本市,熊本県,JP,〒860-0862,JP-2858,096-223-5757,af_kurokami1069_info@anytimefitness.jp,熊本市 (熊本黒髪店)
604,43.3041,-73.66247,175 Broad St,,Glens Falls,New York,US,12801,2746,(518) 636-5111,GlensFallsNY@anytimefitness.com,Glens Falls
605,41.40735,-92.91909,819 Broadway St,,Pella,Iowa,US,50219,1066,(641) 628-3488,PellaIA@anytimefitness.com,Pella
606,-34.67958,138.70513,85-99 Main Terrace,,Blakeview,South Australia,AU,5114,AU-1702,0449748133,blakeview@anytimefitness.com.au,Blakeview
607,31.96019,-97.32127,1100 N Trinity St,,Whitney,Texas,US,76692,2507,(254) 694-2020,WhitneyTX@anytimefitness.com,Whitney
608,39.98823,-105.09486,325 Waneka Pkwy,,Lafayette,Colorado,US,80026,1387,(720) 890-7437,LafayetteCO@anytimefitness.com,Lafayette
609,44.64813,-93.1359,20700 Chippendale Ave. W.,,Farmington,Minnesota,US,55024,211,651-419-9050,FarmingtonMN@anytimefitness.com,Farmington
610,26.22955,127.70759,首里末吉町4-2-1　 1-2F,,那覇市,沖縄県,JP,〒903-0801,JP-1083,098-917-5966,afshurisueyoshi79_info@anytimefitness.jp,那覇市 (首里末吉町店)
611,38.46616,-121.83079,1900 N Lincoln St,,Dixon,California,US,95620,278,(707) 693-9500,Dixon@anytimefitness.com,Dixon
612,34.72836,135.53657,旭区生江3-16-34 1F,,大阪市,大阪府,JP,〒535-0004,JP-2587,06-6786-4000,af_asahiikue823_info@anytimefitness.jp,大阪市 (旭生江店)
613,39.587416,-82.955561,23585-23591 US 23,,Circleville,Ohio,US,43113,4854,(740) 207-5217,CirclevilleTwpOH@anytimefitness.com,Circleville
614,45.550025,-94.232105,1143 2nd St S,,Waite Park,Minnesota,US,56387,14,(320) 230-8383,WaitePark@anytimefitness.com,Waite Park
615,39.63469,-75.66177,235 Governors Pl,,Bear,Delaware,US,19701,2793,(302) 834-2348,BearDE@anytimefitness.com,Bear
616,41.808791,-88.353458,1147 Oak Street,,North Aurora,Illinois,US,60542,4141,(630) 326-6700,NorthAuroraIL@anytimefitness.com,North Aurora
617,34.40965,132.44899,西区横川町3-2-36 フレスタモールカジル横川 3F,,広島市,広島県,JP,〒733-0011,JP-2712,082-961-3090,af_yokogawa947_info@anytimefitness.jp,広島市 (広島横川店)
618,14.43269,121.01092,"122b -125b SM City Southmall  Alabang- Zapote Rd. Almanza, Las Pinas",,SM Southmall,Metro Manila,PH,,PH-0177,0995 248 2684,SMSouthmall@anytimefitness.ph,SM Southmall
619,32.73802,-96.30743,101 Sam Walton Way,,Terrell,Texas,US,75160,3588,(972) 563-4050,TerrellTX@anytimefitness.com,Terrell
620,30.096478,-90.932757,2270 Business Park Blvd,,Donaldsonville,Louisiana,US,70346,2534,(225) 725-4072,DonaldsonvilleLA@anytimefitness.com,Donaldsonville
621,19.21558,-96.18888,"Dr. Rafael Cuervo X 1003, Villa Rica I, Vergara Tarimoya,",,Veracruz,Veracruz,MX,91709,MX-1133,2297810350,islabella.ver@anytimefitness.com.mx,Veracruz (Isla bella)
622,45.668042,-108.778637,520 West Main St,,Laurel,Montana,US,59044,5180,406-633-4096,LaurelMT@anytimefitness.com,Laurel
623,28.34828,-81.66478,17445 US Hwy 192,,Clermont,Florida,US,34714,685,(352) 394-3339,ClermontFL@anytimefitness.com,Clermont
624,39.48044,-84.47208,825 W State St,,Trenton,Ohio,US,45067,2671,(513) 428-0724,TrentonOH@anytimefitness.com,Trenton
625,47.81877813,-122.289053,4114 198th St SW,,Lynnwood,Washington,US,98036,4761,(425) 409-9067,LynnwoodWA@anytimefitness.com,Lynnwood
626,36.4012,139.05553,岩神町2-589-6 1F,,前橋市,群馬県,JP,〒371-0035,JP-1553,027-212-2508,af_maebashiiwagami545_info@anytimefitness.jp,前橋市 (前橋岩神店)
627,31.25424,-90.48026,417 Apache Dr,,McComb,Mississippi,US,39648,2300,(601) 249-0356,McCombMS2@anytimefitness.com,McComb
628,39.71085,-75.74193,201 Louviers Dr,,Newark,Delaware,US,19711,676,(302) 533-6040,NewarkDE@anytimefitness.com,Newark
629,34.67544,135.54368,東成区中本5-27-11　 2F,,大阪市,大阪府,JP,〒537-0022,JP-1180,06-6224-7351,afenakamoto169_info@anytimefitness.jp,大阪市 (東成中本店)
630,51.64581,-0.42943,Croxley Business Park,,Croxley Park,Greater London,GB,WD18 8AS,UK-0103,01923 751759,croxleypark@anytimefitness.co.uk,Croxley Park
631,51.15514,6.06466,Craenberglaan 24,,Herkenbosch,Limburg,NL,6075 HC,NL-1037,+31 475 201 011,herkenbosch@anytimefitness.nl,Herkenbosch
632,51.28534,5.74876,Lambertushof 4,,Nederweert,Limburg,NL,6031 EP,NL-1204,+31 495 200 001,nederweert@anytimefitness.nl,Nederweert
633,31.78545,-85.9663,105 Southland Vlg,,Troy,Alabama,US,36079,2198,(334) 770-0888,TroyAL@anytimefitness.com,Troy
634,42.51125,-90.72142,2255 John F. Kennedy Rd.,,Dubuque,Iowa,US,52002,522,(563) 845-7779,DubuqueIA2@anytimefitness.com,Dubuque (Asbury)
635,40.57423,-122.41539,3325-3331 Placer St,,Redding,California,US,96001,2615,(530) 255-8087,ReddingCA@anytimefitness.com,Redding
636,39.64757,-86.83001,27 Putnam Plaza,,Greencastle,Indiana,US,46135,3259,(765) 630-3176,GreencastleIN@anytimefitness.com,Greencastle
637,39.814874,-105.079656,6520 Wadsworth Blvd,,Arvada,Colorado,US,80003,2069,(303) 456-6667,DenverCO@anytimefitness.com,Arvada
638,42.65,-83.52093,6845 Highland Rd,,White Lake,Michigan,US,48383,4189,(248) 636-2260,WhiteLakeMI@anytimefitness.com,White Lake
639,36.53354,139.87722,江曽島町1486-4 1-2F,,宇都宮市,栃木県,JP,〒321-0102,JP-1593,028-678-5782,af_utesojima584_info@anytimefitness.jp,宇都宮市 (宇都宮江曽島店)
640,34.09738,-81.2208,2726 N Lake Dr,,Columbia,South Carolina,US,29212,101,(803) 407-8866,LakeMurray@anytimefitness.com,"Columbia (Irmo/Lake Murray, SC)"
641,44.98308,-93.27092,111 Washington Ave N,,Minneapolis,Minnesota,US,55401,281,(612) 339-6655,NorthLoop@anytimefitness.com,Minneapolis (North Loop)
642,-39.04806,174.11376,"Tenancy 2, 7 Struthers Place",,New Plymouth,Taranaki,NZ,4312,NZ-1034,06 7696823,newplymouth@anytimefitness.co.nz,New Plymouth
643,35.70097,140.23191,石川293-1 1F,,佐倉市,千葉県,JP,〒285-0813,JP-2605,043-497-5407,af_sakura841_info@anytimefitness.jp,佐倉市 (佐倉店)
644,34.0394,-84.04401,302 Satellite Blvd NE,,Suwanee,Georgia,US,30024,3742,(770) 400-0989,SuwaneeGA@anytimefitness.com,Suwanee
645,35.6859,140.19055,もねの里2-37-4 1F,,四街道市,千葉県,JP,〒284-0016,JP-1580,043-497-3502,af_monenosato568_info@anytimefitness.jp,四街道市 (四街道もねの里店)
646,-35.0777,150.65809,Shop MM2/8 Vincentia,,Vincentia,New South Wales,AU,2540,AU-1387,0417 129 636,vincentia@anytimefitness.com.au,Vincentia
647,21.39497,-157.7447,26 Hoolai St,,Kailua,Hawaii,US,96734,3573,(808) 373-6746,KailuaHI@anytimefitness.com,Kailua
648,45.63096,9.02756,"Via Valletta,1",,Saronno,Varese,IT,21047,IT-0053,3513088497,saronno@anytimefitness.it,Saronno
649,28.898175,-99.093033,804 N Oak St,,Pearsall,Texas,US,78061,4345,(830) 267-3131,PearsallTX@anytimefitness.com,Pearsall
650,33.59788,130.4477,博多区大字下臼井767-1 福岡空港国内線旅客ターミナルビル 2F,,福岡市,福岡県,JP,〒812-0003,JP-2641,092-292-9800,af_fukuokaap877_info@anytimefitness.jp,福岡市 (福岡空港店)
651,42.0453,-88.14224,2571 W Golf Rd,,Hoffman Estates,Illinois,US,60169,4131,(847) 502-2188,HoffmanEstatesIL@anytimefitness.com,Hoffman Estates
652,35.236862,-114.035977,3900 Stockton Hill Rd,,Kingman,Arizona,US,86401,5480,928.628.6116,KingmanAZ@anytimefitness.com,Kingman
653,36.35991,139.00153,大八木町2113-1 2F,,高崎市,群馬県,JP,〒370-0072,JP-2642,027-393-6731,af_takasakioyagi878_info@anytimefitness.jp,高崎市 (高崎大八木店)
654,52.35756,5.18291,Prozastraat 111C,,Almere,Flevoland,NL,1321 GZ,NL-1214,+31 (0) 36 546 4726,almere-stad@anytimefitness.nl,Almere-Stad
655,35.25706,-88.98697,116 E Jackson St,,Bolivar,Tennessee,US,38008,2631,(731) 518-9110,fitness.bolivartn@yahoo.com,Bolivar
656,-34.91394,138.6532,"Level 1, 407 Magill Road",,St Morris,South Australia,AU,5068,AU-1214,088332 5011,stmorris@anytimefitness.com.au,St Morris
657,28.70478,77.42614,"7th Floor, AVS City Palace, Khasra No. 1091, Village 45 meter road",,Ghaziabad,Uttar Pradesh,IN,201014,IN-1103,"+91 6390029002, +91 9616697166",rajnagarext.ghaziabad@anytimefitness.in,"Ghaziabad, Raj Nagar Extension"
658,45.3316,-93.73927,570 Humboldt Dr,,Big Lake,Minnesota,US,55309,59,(763) 263-1300,BigLake@anytimefitness.com,Big Lake
659,31.51374,130.5191,卸本町7-3 2F,,鹿児島市,鹿児島県,JP,〒891-0123,JP-1372,099-296-9005,af_kagoshimao364_info@anytimefitness.jp,鹿児島市 (鹿児島卸本町店)
660,43.95259,-79.45493,13311 Yonge St,,Richmond Hill,Ontario,CA,L4E 3L6,2195,289 234 3434,RichmondHillON@anytimefitness.ca,Richmond Hill
661,39.96614,-75.52798,1502 W Chester Pike,,West Chester,Pennsylvania,US,19382,2831,(610) 692-6400,WestChesterPA2@anytimefitness.com,West Chester
662,32.25745,-110.80325,8868 Tanque Verde Rd,,Tucson,Arizona,US,85749,2705,(520) 760-1200,TucsonAZ@anytimefitness.com,Tucson (Tanque Verde)
663,48.10967,-96.14953,1845 Hwy 59 S,,Thief River Falls,Minnesota,US,56701,414,(218) 681-1305,TRF@anytimefitness.com,Thief River Falls
664,38.45911,-81.93295,7 Liberty Plz,,Hurricane,West Virginia,US,25526,2840,(304) 757-2407,HurricaneWV@anytimefitness.com,Teays Valley
665,45.59169,-94.16829,225 2nd Ave N,,Sauk Rapids,Minnesota,US,56379,1534,(320) 230-8484,SaukRapids@anytimefitness.com,Sauk Rapids
666,14.69965,121.0657,"3rd Floor Rolex Place, Rolex St. corner Dahlia Avenue",,Fairview,Metro Manila,PH,,PH-0046,0905-2198520,FairveiwWest@anytimefitness.ph,West Fairview
667,41.4596,-87.07756,1361 Morthland Dr,,Valparaiso,Indiana,US,46385,2841,(219) 462-1122,ValparaisoIN@anytimefitness.com,Valparaiso
668,28.61244,76.99203,"62, Najafgarh Rd, Roshan Garden",,New Delhi,Delhi,IN,110015,IN-1175,+91 9266237666,najafgarh.delhi@anytimefitness.in,"New Delhi, Najafgarh"
669,1.35433,103.95998,9 Tampines Street 32 #02-01 Tampines Mart,,Singapore,South East,SG,529286,SG-0025,+65 9017 3533,tampineseast@anytimefitness.sg,Tampines East Tampines Mart
670,1.30717,103.85866,"Rehau Building, 1 King George's Avenue #01-00",,Jalan Besar,Central Singapore,SG,S208557,SG-0049,+65 9788 9620,JalanBesar@anytimefitness.sg,Jalan Besar
671,20.68893,-103.41923,Av Patria #600,,Zapopan,Jalisco,MX,45110,MX-1047,33 1184 5348,universidadgdl@anytimefitness.com.mx,Zapopan (Universidad)
672,30.630388,-96.331179,404 University Drive East,,College Station,Texas,US,77840,5126,(979) 977-1515,CollegeStationTX2@anytimefitness.com,College Station
673,35.74688,139.7174,板橋1-25-2 1-3F,,板橋区,東京都,JP,〒173-0004,JP-1338,03-6915-5961,af_itabashi331_info@anytimefitness.jp,板橋区 (板橋店)
674,30.329374,-95.09746,1570 S Washington Ave ,,Cleveland,Texas,US,77327,4200,832-966-0366,ClevelandTX@anytimefitness.com,Cleveland
675,35.84531,139.54318,関沢1-1-18 1F,,富士見市,埼玉県,JP,〒354-0025,JP-2638,049-293-9948,af_tsuruse874_info@anytimefitness.jp,富士見市 (鶴瀬店)
676,41.23977,-85.32798,8475 US-33,,Churubusco,Indiana,US,46723,2101,(260) 286-1200,ChurubuscoIN@anytimefitness.com,Churubusco
677,35.79003,139.66582,高島平9-23-1 メトロ・エム高島平1階,,板橋区,東京都,JP,〒175-0082,JP-1063,03-5922-5622,aftakashimadaira59_info@anytimefitness.jp,板橋区 (高島平店)
678,1.31857,103.94775,#02-11 151 Bedok South Road,,Siglap Community Centre,South West,SG,460151,SG-0099,,SiglapCC@anytimefitness.sg,Siglap Community Centre
679,-37.74423,145.00295,251 - 253 High Street,,Preston,Victoria,AU,3072,AU-1421,03 9480 0011,preston@anytimefitness.com.au,Preston
680,35.23961,139.6897,佐原4-9-10 1F,,横須賀市,神奈川県,JP,〒239-0835,JP-2919,046-854-7203,af_kurihama1130_info@anytimefitness.jp,横須賀市 (横須賀久里浜店)
681,-43.5427,172.52187,"Unit 4, 19 Chalmers Street",,"Hornby, Christchurch",Canterbury,NZ,8042,NZ-1021,03 222 3299,hornby@anytimefitness.co.nz,"Hornby, Christchurch"
682,32.5885,-96.94471,116 W Belt Line Rd,,Cedar Hill,Texas,US,75104,4315,972-637-7300,CedarHillTX@anytimefitness.com,Cedar Hill
683,40.54323,-75.97628,500 Hawk Rdg Dr,,Hamburg,Pennsylvania,US,19526,2858,(484) 660-3790,HamburgPA@anytimefitness.com,Hamburg
684,43.023,-88.28424,901 Meadowbrook Rd.,,Waukesha,Wisconsin,US,53188,1021,(262) 446-4141,WaukeshaWI@anytimefitness.com,Waukesha (Meadowbrook)
685,35.71062,139.96965,海神5-20-31,,船橋市,千葉県,JP,〒273-0021,JP-3015,047-401-2152,af_funabashikaijin1226_info@anytimefitness.jp,船橋市 (西船橋海神店)
686,35.62105,140.11637,中央区弁天3-1 1F,,千葉市,千葉県,JP,〒260-0045,JP-2982,043-215-8912,af_chibakoen1193_info@anytimefitness.jp,千葉市 (千葉公園店)
687,14.57664,121.06334,Estancia at Capitol Commons Meralco Avenue,,Pasig,Metro Manila,PH,1605,PH-0129,,CapitolCommons@anytimefitness.ph,Capitol Commons
688,35.10293,136.95663,天白区野並3-193-1　ひまりビル 1F,,名古屋市,愛知県,JP,〒468-0045,JP-1182,052-746-0205,afnonami171_info@anytimefitness.jp,名古屋市 (野並店)
689,42.01066,-71.30569,13 Taunton St,,Plainville,Massachusetts,US,02762,2876,(508) 316-0191,PlainvilleMA@anytimefitness.com,Plainville
690,35.19261,136.93756,東区矢田1-3-1 Be-Z 大曽根ビル1F,,名古屋市,愛知県,JP,〒462-0825,JP-1116,052-982-6200,afozone112_info@anytimefitness.jp,名古屋市 (大曽根駅前店)
691,26.26139,127.71358,城間4-35-8　2F,,浦添市,沖縄県,JP,〒901-2133,JP-1138,098-917-0313,afurasoe136_info@anytimefitness.jp,浦添市 (浦添店)
692,29.78908,-98.71798,1018 River Rd,,Boerne,Texas,US,78006,2871,(830) 428-1598,BoerneTX@anytimefitness.com,Boerne
693,43.16598,-79.47661,5005 King St. W.,,Beamsville,Ontario,CA,L0R 1B0,5390,905 563 5463,Beamsville@anytimefitness.ca,Beamsville
694,29.38165,-95.11103,4233 FM-1764,,Santa Fe,Texas,US,77517,2302,(409) 925-1000,SantaFeTX@anytimefitness.com,Santa Fe
695,35.54396,140.18258,緑区おゆみ野南6-8-3 1F,,千葉市,千葉県,JP,〒266-0033,JP-1639,043-312-2904,af_oyumino628_info@anytimefitness.jp,千葉市 (おゆみ野店)
696,34.97316,135.71209,西京区下津林芝之宮町22-2 1-2F,,京都市,京都府,JP,〒615-8035,JP-1360,075-925-7430,af_shimotsu352_info@anytimefitness.jp,京都市 (京都下津林店)
697,41.90554,-88.00993,338 E North Ave,,Lombard,Illinois,US,60148,4397,(630) 656-9300 ,LombardnorthIL@anytimefitness.com,Lombard (North)
698,33.50477,130.45904,星見ヶ丘1-77 アクロスプラザ春日南 1F,,春日市,福岡県,JP,〒816-0849,JP-1260,092-558-0397,af_fkasuga255_info@anytimefitness.jp,春日市 (フォレストシティ春日店)
699,35.58612,139.684,北嶺町12-7 1F,,大田区,東京都,JP,〒145-0073,JP-1541,03-6421-8317,af_ontakesan528_info@anytimefitness.jp,大田区 (御嶽山店)
700,33.62265,130.43785,東区原田3-6-22 2F,,福岡市,福岡県,JP,〒812-0063,JP-1726,092-402-0380,af_harada714_info@anytimefitness.jp,福岡市 (松島原田店)
701,3.1719,101.7576,"Liberty ARC @ Ampang, Jln Ukay, Persiaran Ampang Ukay,",,Ampang,Selangor,MY,68000,MY-0088,012 - 524 8244,LibertyArcAmpang@anytimefitness.my,Liberty Arc @ Ampang
702,-37.72781,144.80747,80 Taylors Road,,Keilor,Victoria,AU,3038,AU-1143,0429 120 481,keilordowns@anytimefitness.com.au,Keilor Downs
703,35.79705,139.59888,本町2-5-31 オータカビル 2F,,朝霞市,埼玉県,JP,〒351-0011,JP-1314,048-423-3250,af_asaka307_info@anytimefitness.jp,朝霞市 (朝霞店)
704,39.64624,-84.10791,6254 Wilmington Pike,,Bellbrook,Ohio,US,45459,2541,937-709-9113,BellbrookOH@anytimefitness.com,Bellbrook
705,26.15113,-81.68909,9960 Business Crl,,Naples,Florida,US,34112,2881,(239) 659-2002,NaplesFL2@anytimefitness.com,Naples (Business Circle N)
706,43.654028,-79.3619,370 King St W,,Toronto,Ontario,CA,M5V 1J6,9900033,,Toronto.King@anytimefitness.ca,Toronto
707,50.02762,-125.24356,1285 Shoppers Row,,Campbell River,British Columbia,CA,V9W 2C7,4011,250 914 2407,CampbellRiverBC@anytimefitness.ca,Campbell River
708,43.63814,-79.40202,177 Fort York Blvd,,Toronto,Ontario,CA,M5V 0C7,5414,416 363 5414,TorontoON3@anytimefitness.ca,Toronto
709,44.83682,-92.96016,7750 Harkness Ave S,,Cottage Grove,Minnesota,US,55016,212,(651) 769-1311,CottageGrove@anytimefitness.com,Cottage Grove
710,31.303,-82.239,322 Main St,,Blackshear,Georgia,US,31516,290,(912) 807-1110,Blackshear@anytimefitness.com,Blackshear
711,14.56782,121.06595,"2nd flr JNCV Bldg. Pasig Blvd., corner Rosemary Lane",,Pasig City,Metro Manila,PH,1603,PH-0179,,Myzone@anytimefitness.ph,Myzone Mendiola Manila
712,34.6945,135.52747,都島区東野田町1-1-1 Kぶらっと 1F,,大阪市,大阪府,JP,〒534-0024,JP-2637,06-4397-3517,af_kyobashi873_info@anytimefitness.jp,大阪市 (京橋店)
713,35.51102,139.62122,港北区新横浜3-2-4 プレシア新横浜 1-2F,,横浜市,神奈川県,JP,〒222-0033,JP-1292,045-548-8731,af_shinyoko287_info@anytimefitness.jp,横浜市 (新横浜店)
714,33.57666,130.25545,西区北原1-19-7 1F,,福岡市,福岡県,JP,〒819-0379,JP-1655,092-407-2285,af_kyudaigakken644_info@anytimefitness.jp,福岡市 (九大学研都市店)
715,-37.19966,174.90451,"Unit 1, 65-71 Edinburgh Street",,"Pukekohe, Auckland",Auckland,NZ,2120,NZ-1037,021 471242,pukekohe@anytimefitness.co.nz,"Pukekohe, Auckland"
716,33.35146,-86.6192,16054 Hwy. 280,,Chelsea,Alabama,US,35043,464,(205) 678-8820,ChelseaAL@anytimefitness.com,Chelsea
717,-36.86949,174.77535,2 Gillies Avenue,,Auckland,Auckland,NZ,1023,NZ-1075,021 501115,newmarket@anytimefitness.co.nz,"Newmarket, Auckland"
718,-27.48202,153.00379,331 Montague Road,,West  End,Queensland,AU,4101,AU-1340,0468 688 479,westend@anytimefitness.com.au,West  End
719,51.44936,-0.13115,3 Mullins Place,,London,Greater London,GB,SW4 8EU,UK-0061,020 3137 3037,claphamsouth@anytimefitness.co.uk,London (Clapham South)
720,43.52275,-96.78982,2320 S. Marion Rd,,Sioux Falls,South Dakota,US,57106,2091,(605) 275-5556,SiouxFallsSD@AnytimeFitness.com,Sioux Falls (S Marion)
721,35.74248,139.60464,石神井町3-17-19,,練馬区,東京都,JP,〒177-0041,JP-3055,03-6913-3305,af_shakujiikoen1265_info@anytimefitness.jp,練馬区 (石神井公園店)
722,35.76341,139.57131,西大泉6-5-1 1F,,練馬区,東京都,JP,〒178-0065,JP-1353,03-5935-9652,af_woizumi344_info@anytimefitness.jp,練馬区 (西大泉店)
723,35.44694,137.41628,長島町正家3丁目8-97-1 1F,,恵那市,岐阜県,JP,〒509-7203,JP-1585,0573-22-9091,af_gifuena574_info@anytimefitness.jp,恵那市 (岐阜恵那店)
724,51.15656,-113.95128,1830-6004 Country Hills Blvd NE,,Calgary,Alberta,CA,T3N 1A8,3786,403 460 6669,CalgaryAB7@anytimefitness.ca,Calgary (Sky Pointe)
725,33.8279,130.71634,蓮花寺3-5-1 1F,,中間市,福岡県,JP,〒809-0014,JP-1665,093-701-8336,af_nakama654_info@anytimefitness.jp,中間市 (中間蓮花寺店)
726,45.37648,-92.87988,11183 Lake Blvd,,Chisago City,Minnesota,US,55013,146,(651) 257-1901,Chisago@anytimefitness.com,Chisago City
727,34.40803,132.5035,東区温品1-3-2 2F,,広島市,広島県,JP,〒732-0033,JP-1708,082-516-6813,af_foleohiroshima697_info@anytimefitness.jp,広島市 (フォレオ広島東店)
728,41.749279,-88.042342,2457 75th St.,,Woodridge,Illinois,US,60517,4363,630-296-9990,WoodridgeIL@anytimefitness.com,Woodridge
729,39.97505,-74.57957,18 Broadway St,,Browns Mills,New Jersey,US,08015,2912,(609) 893-1261,BrownsMillsNJ@anytimefitness.com,Browns Mills
730,-33.3839,151.36316,Unit 7/900 Pacific Hwy,,Lisarow,New South Wales,AU,2250,AU-1670,02 43267657,lisarow@anytimefitness.com.au,Lisarow
731,3.06117,101.70506,"No: 1 (Level 1), Jalan Tasik Utama 4 Medan Niaga Tasik Damai, Sungai Besi, 57000, Selangor",,Selangor,Selangor,MY,,MY-0123,,TrilliumSungaiBesi@anytimefitness.my,Trillium Sungai Besi
732,33.58481,130.36081,早良区西新2-7-8　ラクレイス西新ビル 1F,,福岡市,福岡県,JP,〒814-0002,JP-1235,092-834-2537,af_nishijin227_info@anytimefitness.jp,福岡市 (西新店)
733,47.1373,-119.2773,619 N Stratford Rd,,Moses Lake,Washington,US,98837,293,(509) 764-0933,MosesLake@anytimefitness.com,Moses Lake
734,35.75396,139.70974,仲宿44-5,,板橋区,東京都,JP,〒173-0005,JP-1183,03-5944-1361,afitabashinakajuku166_info@anytimefitness.jp,板橋区 (板橋仲宿店)
735,-37.73384,144.74125,2 Lake Street,,Caroline Springs,Victoria,AU,3023,AU-1282,03 8390 5706,carolinesprings@anytimefitness.com.au,Caroline Springs
736,34.95193,137.16829,上明大寺町2-14-7 2-3F,,岡崎市,愛知県,JP,〒444-0860,JP-1594,0564-47-7773,af_eokazaki582_info@anytimefitness.jp,岡崎市 (東岡崎店)
737,47.1005,-122.21043,401 Washington Ave. N.,,Orting,Washington,US,98360,108,(360) 893-2443,OrtingWA@anytimefitness.com,Orting
738,45.47973,9.24642,Piazza Vigili del Fuoco 1,,Milano,Milano,IT,20134,IT-0060,340 1503485,milanorubattino@anytimefitness.it,Milano (Rubattino)
739,40.04951,-86.01897,158 W Logan St,,Noblesville,Indiana,US,46060,4072,(317) 316-3888,NoblesvilleIN3@anytimefitness.com,Noblesville
740,39.73518,140.09837,八橋大畑1-6-36 2F,,秋田市,秋田県,JP,〒010-0962,JP-1443,018-827-6460,af_akitashinkokudo434_info@anytimefitness.jp,秋田市 (秋田新国道店)
741,39.71707,140.14391,広面字長沼2-1 2F,,秋田市,秋田県,JP,〒010-0041,JP-1680,018-893-3595,af_akitahiroomote668_info@anytimefitness.jp,秋田市 (秋田広面店)
742,36.56486,140.63645,鮎川2-9 1-2F,,日立市,茨城県,JP,〒316-0036,JP-2688,0294-85-6561,af_hitachiayu924_info@anytimefitness.jp,日立市 (日立鮎川店)
743,45.16256,-93.01708,14643 Mercantile Dr,,Hugo,Minnesota,US,55038,285,(651) 429-2188,Hugo@anytimefitness.com,Hugo
744,-33.98706,150.8672,"Unit 3B, 2 Garner Place",,Ingleburn,New South Wales,AU,2565,AU-1677,(02) 8107 5711,ingleburn@anytimefitness.com.au,Ingleburn
745,41.68005,-81.28263,9950 Johnnycake Rdg Rd,,Concord Township,Ohio,US,44077,3156,(440) 350-6247,ConcordTwpOH@anytimefitness.com,Concord Township
746,44.9402,-93.14497,1059 Grand Ave.,,St. Paul,Minnesota,US,55106,2074,(651) 340-2811,StPaulMN3@anytimefitness.com,St. Paul (Grand Avenue)
747,42.30437,-87.98082,1429 Peterson Rd,,Libertyville,Illinois,US,60048,3763,(847) 247-1800,LibertyvilleIL@anytimefitness.com,Libertyville
748,26.32784,127.79359,諸見里3-1-9,,沖縄市,沖縄県,JP,〒904-0032,JP-3047,,af_okinawamoromizato1257_info@anytimefitness.jp,沖縄市 (沖縄諸見里店)
749,38.46721,-122.74586,3215 Coffey Ln,,Santa Rosa,California,US,95403,3645,(707) 836-6649,SantaRosa4@anytimefitness.com,Santa Rosa (Epicenter)
750,43.05884,-87.88651,2170 Farwell Ave,,Milwaukee,Wisconsin,US,53202,804,(414) 319-1111,MilwaukeeWI@anytimefitness.com,Milwaukee (Farwell Ave)
751,35.54412,139.52699,青葉区藤が丘2-4-5 KSプラザ 2F,,横浜市,神奈川県,JP,〒227-0043,JP-2987,045-482-5822,af_fujigaokaekimae1198_info@anytimefitness.jp,横浜市 (藤が丘駅前店)
752,36.57578,139.99328,ゆいの杜2-16-26 1F,,宇都宮市,栃木県,JP,〒321-3226,JP-1359,028-678-6826,af_yui356_info@anytimefitness.jp,宇都宮 (ゆいの杜店)
753,35.90212,139.63721,大宮区浅間町2-320 2F,,さいたま市,埼玉県,JP,〒330-0842,JP-2966,048-788-5861,af_omiyasengencho1177_info@anytimefitness.jp,さいたま市 (大宮浅間町店)
754,-33.94218,151.00034,"W7, 3-13 Marigold St",,Revesby,New South Wales,AU,2212,AU-1295,02 9773 1746,revesby@anytimefitness.com.au,Revesby
755,2.98863,101.79123,"Boulevard II, Retail Shop, Taman Bukit Mewah,",,Jalan Bukit,Selangor,MY,,MY-0066,012-454 1021,KajangMKHBoulevard@anytimefitness.my,Kajang MKH Boulevard
756,33.27632,129.86923,二里町八谷搦1055 1F,,伊万里市,佐賀県,JP,〒848-0031,JP-2696,0955-29-8330,af_imari932_info@anytimefitness.jp,伊万里市 (伊万里店)
757,35.33211,136.86961,赤童子町大堀96 1F,,江南市,愛知県,JP,〒483-8221,JP-1712,0587-81-5400,af_konan700_info@anytimefitness.jp,江南市 (江南店)
758,30.34753,-97.38474,910 W 11th St,,Elgin,Texas,US,78621,2808,(512) 285-2226,ElginTX@anytimefitness.com,Elgin
759,29.73804,-90.12818,2512 Jean Lafitte Blvd,,Lafitte,Louisiana,US,70067,2952,(504) 609-0589,LafitteLA@anytimefitness.com,Lafitte
760,41.747217,-74.08794,29 Main St.,,New Paltz,New York,US,12561,5219,845-419-4991,NewPaltzNY@anytimefitness.com,New Paltz
761,-6.30942,106.90115,"THE AMBOJA, Jl. Raya Mabes Hankam, RT.3/RW.2, Bambu Apus, Kec. Cipayung",,East Jakarta,Jakarta,ID,13890,ID-0017,,Amboja@anytimefitness.id,The Amboja
762,49.84091,-99.97942,3000 Victoria Ave,,Brandon,Manitoba,CA,R7B 3Y3,3110,(204) 717-7100,BrandonMB@anytimefitness.ca,Brandon
763,41.60132,-93.52559,4490 E University Ave,,Pleasant Hill,Iowa,US,50327,2977,(515) 266-6040,PleasantHillIA@anytimefitness.com,Pleasant Hill
764,49.621228,-100.266494,157 1st Ave. W.,,Souris,Manitoba,CA,Rok 2C0,4759,(204) 709-7100,SourisMB@anytimefitness.ca,Souris
765,33.58208,130.32251,西区内浜1-7-3　ウエストコート姪浜レジャービル 2F,,福岡市,福岡県,JP,〒819-0005,JP-1158,092-407-0359,afmeinohama144_info@anytimefitness.jp,福岡市 (姪浜店)
766,33.44939,-111.80386,1239 E McKellips Rd,,Mesa,Arizona,US,85203,2652,(480) 464-5646,MesaAZ2@anytimefitness.com,Mesa (Stapley Drive)
767,41.81212,140.76705,神山2-6-13 1-2F,,函館市,北海道,JP,〒041-0832,JP-1650,0138-85-6031,af_kamiyama639_info@anytimefitness.jp,函館市 (神山店)
768,30.273458,-92.030242,505 West Pont Des Mounton Rd,,Lafayette,Louisiana,US,70507,1833,(337) 706-7390,LafayetteLA2@anytimefitness.com,Lafayette (Bannister Ct)
769,44.03051,-92.6338,827 High Pointe Dr NE,,Byron,Minnesota,US,55920,4258,(507) 315-1207,ByronMN@anytimefitness.com,Byron
770,-27.15504,152.97529,"Shop 4, 185-187 Station Rd",,Burpengary,Queensland,AU,4505,AU-1027,0403 897 852,burpengary@anytimefitness.com.au,Burpengary
771,32.995873,-111.52254,450 W Ruins Dr,,Coolidge,Arizona,US,85128,4475,520-723-0995,CoolidgeAZ@anytimefitness.com,Coolidge
772,28.55756,77.24487,E-229 Upper Ground Floor and Basement,,New Delhi,Delhi,IN,110065,IN-1159,+91 9821165007,eastofkailash.delhi@anytimefitness.in,"New Delhi, East Of Kailash"
773,34.83458,137.39846,東曙町26 1F,,豊川市,愛知県,JP,〒442-0011,JP-2603,0533-95-1005,af_toyokawasuehiro839_info@anytimefitness.jp,豊川市 (豊川末広通店)
774,-6.21096,106.81797,"Jl. K.H. Mas Mansyur No.10, RW.11, Karet Tengsin, Tanah Abang",,Central Jakarta City,Jakarta,ID,10220,ID-0008,,CitywalkSudirman@anytimefitness.id,Citiwalk Sudirman
775,35.19287,136.89901,西区上名古屋1-1-8,,名古屋市,愛知県,JP,〒451-0025,JP-2785,052-325-2098,af_meijokoen1017_info@anytimefitness.jp,名古屋市 (名城公園店)
776,51.04724,-113.82981,#303 - 100 Marina Dr.,,Chestermere,Alberta,CA,T1X 0A9,3142,888 261 8758,ChestermereAB@anytimefitness.ca,Chestermere
777,37.33823,-121.97456,2718 Homestead Rd,,Santa Clara,California,US,95050,2980,(408) 244-2884,SantaClaraCA@anytimefitness.com,Santa Clara
778,35.93855,139.61479,北区宮原町2-6-16 1F,,さいたま市,埼玉県,JP,〒331-0812,JP-2878,048-729-6274,af_saitamamiyahara21089_info@anytimefitness.jp,さいたま市 (さいたま宮原二丁目店)
779,42.772769,-84.485321,16820 Chandler Rd,,East Lansing,Michigan,US,48823,2543,(517) 333-8383,EastLansingMI@anytimefitness.com,East Lansing
780,44.53947,-122.90687,671 Main St,,Lebanon,Oregon,US,97355,291,(541) 451-2111,LebanonOR@anytimefitness.com,Lebanon
781,35.72791,139.79547,日本堤2-19-10　果山ビル 1-3Ｆ,,台東区,東京都,JP,〒111-0021,JP-1241,03-6802-3861,af_minowa235_info@anytimefitness.jp,台東区 (三ノ輪店)
782,53.02037,-112.86114,6800 48th Ave,,Camrose,Alberta,CA,T4V 4T1,3795,888 261 8758,CamroseAB@anytimefitness.ca,Camrose
783,30.39601,-107.90569,"Libramiento Luis R. Blanco, número 601, Local 38, Colonia Obrera",,Nuevo Casas Grandes,Chihuahua,MX,31750,MX-1128,6366977082,nvocasasgrandes.chi@anytimefitness.com.mx,Chihuahua (Nuevo Casas Grandes)
784,50.57105,-113.86936,1225 1 St SE,,High River,Alberta,CA,T1V 0J5,4056,888 261 8758,HighRiverAB@anytimefitness.ca,High River
785,34.82251,137.35988,蔵子6-3-1 1F,,豊川市,愛知県,JP,〒442-0842,JP-2552,0533-95-6930,af_toyokawazoshi787_info@anytimefitness.jp,豊川市 (豊川蔵子店)
786,35.38321,139.61676,磯子区杉田1-16-11 マーメイドビル 2F,,横浜市,神奈川県,JP,〒235-0033,JP-2796,045-350-8737,af_kksugita1027_info@anytimefitness.jp,横浜市 (京急杉田店)
787,33.94148,-83.45122,3190 Atlanta Hwy,,Athens,Georgia,US,30606,2996,(706) 353 6455,AthensGA@anytimefitness.com,Athens
788,41.67628,-70.30528,1070 Iyannough Rd,,Hyannis,Massachusetts,US,02601,4099,(508) 778-5525,HyannisMA@anytimefitness.com,Hyannis
789,46.78379,-71.3468,1453 Jules-Verne Avenue,,Sainte-Foy,Quebec,CA,G2G 2R8,9900056,418 877 9000,sainte-foy@anytimefitness.quebec,Ville de Québec
790,54.31314,-130.32782,500 2nd Ave W,,Prince Rupert,British Columbia,CA,V8J 3T6,4434,1-888-261-8758,PrinceRupertBC@anytimefitness.ca,Prince Rupert
791,30.766,76.62694,Nirwana Square One,,Kharar,Punjab,IN,140301,IN-1128,+91 8544866601,nirwanasquareone.kharar@anytimefitness.in,"Kharar, Punjab"
792,35.46015,139.62828,西区みなとみらい4-4-5　横浜アイマークプレイス 1F,,横浜市,神奈川県,JP,〒220-0012,JP-1046,045-226-5130,afminatomirai43_info@anytimefitness.jp,横浜市 (みなとみらい店)
793,34.8179,135.5739,別院町2-20　 2F,,茨木市,大阪府,JP,〒567-0817,JP-1214,072-646-7557,afhankyuibaraki207_info@anytimefitness.jp,茨木市 (阪急茨木市駅店)
794,37.15774,-76.46076,5304 George Washington Memorial Hwy,,Yorktown,Virginia,US,23692,2999,(757) 369-4844,YorktownVA@anytimefitness.com,Yorktown
795,52.304354,-114.09705,4635 50th St,,Sylvan Lake,Alberta,CA,T4S 1P2,5032,888.261.8758,SylvanLakeAB@anytimefitness.ca,Sylvan Lake
796,52.241628,-113.815928,2310 Gaetz Ave,,Red Deer,Alberta,CA,T4R 1C5,3541,(403) 986-0702,RedDeerAB@anytimefitness.ca,Red Deer
797,18.90033,-96.95944,"Nuevo Cordoba, Plaza Sabela",,Cordoba,Veracruz,MX,94550,MX-1099,2716887301,afcordoba@anytimefitness.com.mx,Cordoba
798,51.51223,5.39673,Raadhuisplein 13,,Best,Noord-Brabant,NL,5683 EB,NL-1028,+31 (0)6 17 02 91 33,best@anytimefitness.nl,Best
799,-27.35942,152.969,"Corner Old Northern Road & Albany Forest Drive, Albany Creek Central",,Albany Creek,Queensland,AU,4035,AU-1361,0406 164 755,albanycreek@anytimefitness.com.au,Albany Creek
800,42.78703,-96.91804,838 E. Cherry St.,,Vermillion,South Dakota,US,57069,302,(605) 624-9250,VermillionSD@anytimefitness.com,Vermillion
801,32.30775,-110.89073,4784 E Sunrise Dr,,Tucson,Arizona,US,85718,2814,(520) 577-4607,FoothillsAZ@anytimefitness.com,Tucson (Swan/Sunrise)
802,35.26877,136.98621,東野町3-20-1 1F,,春日井市,愛知県,JP,〒486-0817,JP-1742,0568-29-6430,af_kasuhigashino730_info@anytimefitness.jp,春日井市 (春日井東野店)
803,1.4285,103.8266,"369 Sembawang Road, #01-03",,Sembawang,North East,SG,758382,SG-0141,,ChongPang@anytimefitness.sg,Chong Pang
804,50.87854,-113.961997,19587 Seton Crescent SE,,Calgary,Alberta,CA,T3M 2T5,4939,403 615 1617,seton.calgary@anytimefitness.ca,Calgary
805,37.54922,-122.05231,6347 Jarvis Ave,,Newark,California,US,94560,3020,(510) 794-4888,NewarkCA@anytimefitness.com,Newark
806,-30.29637,153.1142,41 Grafton St,,Coffs Harbour,New South Wales,AU,2450,AU-1062,0435 993 601,coffsharbour@anytimefitness.com.au,Coffs Harbour
807,35.55494,139.55454,青葉区荏田西2-14-5 荏田西第2横山ビル 2F,,横浜市,神奈川県,JP,〒225-0014,JP-2529,045-507-8010,af_eda764_info@anytimefitness.jp,横浜市 (荏田店)
808,34.84989,135.62186,北園町18-16 大将軍高槻ビル 2F,,高槻市,大阪府,JP,〒569-0802,JP-1299,072-648-3421,af_takatsuki292_info@anytimefitness.jp,高槻市 (高槻店)
809,-34.47222,138.99535,21 Murray Street,,Nuriootpa,South Australia,AU,5355,AU-1571,08 8564 7100,nuriootpa@anytimefitness.com.au,Nuriootpa
810,-34.50087,139.04442,71 Murray Street,,Angaston,South Australia,AU,5353,AU-1404,08 8564 3555,angaston@anytimefitness.com.au,Angaston
811,52.34897,5.98382,Hoofdstraat 70,,Epe,Gelderland,NL,8162 AL,NL-1111,+31 578 20 00 04,epe@anytimefitness.nl,Epe
812,-36.92212,174.78509,192 Onehunga Mall Road,,Auckland,Auckland,NZ,1061,NZ-1038,09 6361237,onehunga@anytimefitness.co.nz,"Onehunga, Auckland"
813,52.28976,5.96839,Dorpsstraat 22,,Vaassen,Gelderland,NL,8171 BP,NL-1051,+31 57 82 00 002,vaassen@anytimefitness.nl,Vaassen
814,35.36633,136.55996,表佐5012-1 1F,,不破郡垂井町,岐阜県,JP,〒503-2122,JP-2517,0584-71-8240,af_ogakinishi752_info@anytimefitness.jp,垂井町 (大垣西店)
815,34.71005,135.23883,灘区大石東町1-3 1F,,神戸市,兵庫県,JP,〒657-0043,JP-2571,078-414-7930,af_shinzaike807_info@anytimefitness.jp,神戸市 (新在家駅前店)
816,40.36141,-83.7622,210 W Columbus Ave,,Bellefontaine,Ohio,US,43311,2478,(937) 595-0303,BellefontaineOH@anytimefitness.com,Bellefontaine
817,1.44407,103.78921,BLK 871 WOODLANDS STREET 81 #01-292,,Woodlands,North West,SG,730871,SG-0134,,WoodlandsNorth@anytimefitness.sg,Woodlands North
818,24.3373,124.18068,真栄里291-3 1F,,石垣市,沖縄県,JP,〒907-0002,JP-2754,0980-88-5100,af_ishigakijima989_info@anytimefitness.jp,石垣市 (石垣島店)
819,25.45609,-100.98193,Blvd. Galerias número 1425,,Saltillo,Coahuila,MX,25279,MX-1054,844 688 7474,Parquecentro.coa@anytimefitness.com.mx,Saltillo (Parque Centro)
820,41.91513,12.50387,"Viale Regina Margherita, 174",,Roma,Roma,IT,00198,IT-0073,3346614753,romareginamargherita@anytimefitness.it,Roma (Regina Margherita)
821,40.296331,-81.849481,23635 Airport Rd,,Coshocton,Ohio,US,43812,4847,(740) 575-1050,CoshoctonOH@anytimefitness.com,Coshocton
822,34.90145,137.0004,東山町6-24 2F,,碧南市,愛知県,JP,〒447-0051,JP-2522,0566-95-8860,af_hekinan757_info@anytimefitness.jp,碧南市 (碧南店)
823,-33.87857,151.23504,179-191 New South Head Road,,Edgecliff,New South Wales,AU,2027,AU-1154,02 9327 1498,edgecliff@anytimefitness.com.au,Edgecliff
824,41.96404,12.44487,Via Cassia 701,,Roma,Roma,IT,00189,IT-0028,+390633252121,cassia@anytimefitness.it,Roma (Cassia)
825,35.69174,139.77699,岩本町1-6-3 プライム岩本町ビル 1F,,千代田区,東京都,JP,〒101-0032,JP-1025,03-5835-3141,afiwamoto21_info@anytimefitness.jp,千代田区 (千代田岩本町店)
826,35.74912,139.58652,東大泉5-41-14 エクラン大泉学園 2F,,練馬区,東京都,JP,〒178-0063,JP-2860,03-6904-5601,af_oizumig1071_info@anytimefitness.jp,練馬区 (大泉学園店)
827,20.73,-103.43087,Av. Santa Margarita #3600,,Zapopan,Jalisco,MX,45136,MX-1024,(33) 2001 6829,vallerealjal@anytimefitness.com.mx,Zapopan (Valle Real)
828,19.009,-98.2456,"Avenida las Torres, numero 1923, Reserva Territorial Atlixcáyotl",,Puebla,Puebla,MX,72450,MX-1104,2223007826,paseodestino.puebla@anytimefitness.com.mx,Puebla (Paseo destino)
829,34.25262,-84.35872,8016 Cumming Hwy,,Macedonia,Georgia,US,30115,1771,(770) 345-4313,MacedoniaGA@anytimefitness.com,Macedonia (Macedonia)
830,45.39048,-93.36861,23212 St. Francis Blvd,,St. Francis,Minnesota,US,55070,50,(763) 753-3399,stfrancismn@anytimefitness.com,St. Francis
831,-33.88685,151.22948,387-389 Oxford Street,,Paddington,New South Wales,AU,2021,AU-1595,02 9331 0328,paddington@anytimefitness.com.au,Paddington (NSW)
832,53.917857,-122.783279,3344 8th Ave,,Prince George,British Columbia,CA,V2M 0B4,4560,250 596 1136,PrinceGeorgeBC@anytimefitness.ca,Prince George
833,-34.49214,150.88855,99 King Street,,Warrawong,New South Wales,AU,2502,AU-1376,02 4274 2585,warrawong@anytimefitness.com.au,Warrawong
834,42.52962,-83.12546,32340 N Campbell Rd,,Madison Heights,Michigan,US,48071,1360,(248) 588-1020,MadisonHeightsMI@anytimefitness.com,Madison Heights
835,29.9045338,-95.0630732,15110 FM 2100,,Crosby,Texas,US,77532,4462,(281) 915-9850,CrosbyTX@anytimefitness.com,Crosby
836,43.685621,-111.908118,711 Rigby Lake Dr,,Rigby,Idaho,US,83442,3079,(208) 745-0123,RigbyID@anytimefitness.com,Rigby
837,-43.3031,172.59088,194 King Street,,Rangiora,Canterbury,NZ,7400,NZ-1041,0508 247 GYM,rangiora@anytimefitness.co.nz,Rangiora
838,43.80621,-111.80522,859 S Yellowstone Hwy,,Rexburg,Idaho,US,83440,495,(208) 656-9675,RexburgID@anytimefitness.com,Rexburg
839,31.86367,-82.58831,124 E Jarman St,,Hazlehurst,Georgia,US,31539,3463,(912) 551-9134,HazlehurstGA@anytimefitness.com,Hazlehurst
840,40.46146,-106.82176,1875 Central Park Dr,,Steamboat Springs,Colorado,US,80477,1099,(970) 875-1130,SteamboatCO@AnytimeFitness.com,Steamboat Springs
841,43.55601,141.92601,東町2-44-8 1F,,滝川市,北海道,JP,〒073-0024,JP-2757,0125-74-5026,af_takikawa992_info@anytimefitness.jp,滝川市 (滝川店)
842,34.2039,-118.19734,890 Town Ctr Dr,,La Canada Flintridge,California,US,91011,2589,(818) 928-1314,LaCanadaCA@anytimefitness.com,La Canada Flintridge
843,-37.85592,145.02293,1068 High Street (above Metro/Thomas Dux),,Armadale,Victoria,AU,3143,AU-1391,03 9576 2989,armadalevic@anytimefitness.com.au,Armadale
844,42.10854,-70.76843,166 Church St,,Pembroke,Massachusetts,US,02359,3613,(781) 924-1209,PembrokeMA@anytimefitness.com,Pembroke
845,-32.87695,151.72037,19 Riverside Drive,,Mayfield,New South Wales,AU,2304,AU-1066,0455044755,mayfield@anytimefitness.com.au,Mayfield
846,31.787998,-106.410105,6211 Montana Ave,,El Paso,Texas,US,79925,5434,915-308-7939,ElPasoTX12@anytimefitness.com,El Paso
847,35.72642,140.65978,二字鎌田106-1 1-2F,,旭市,千葉県,JP,〒289-2504,JP-2566,0479-85-7563,af_asahi802_info@anytimefitness.jp,旭市 (旭店)
848,,,,,Barcelona,Catalonia,ES,08000,SP-0113,,,Barcelona
849,35.57971,139.68579,南久が原2-1-22　久が原駅前ビル 1F-B1,,大田区,東京都,JP,〒146-0084,JP-1208,03-6410-3061,afkugahara202_info@anytimefitness.jp,大田区 (久が原店)
850,35.68432,139.60764,久我山2-25-3 1-2F,,杉並区,東京都,JP,〒168-0082,JP-2947,03-5941-8671,af_fujimigaoka1158_info@anytimefitness.jp,杉並区 (富士見ヶ丘店)
851,45.00338,-93.30721,2104 W. Broadway Ave.,,Minneapolis,Minnesota,US,55411,3129,(612) 521-4050,MinneapolisMN@anytimefitness.com,Minneapolis (West Broadway)
852,-35.34045,149.08989,50 Launceston Street,,Stellar,Australian Capital Territory,AU,2606,AU-1559,02 6283 7340,stellar@anytimefitness.com.au,"Stellar, ACT"
853,49.954622,-97.097328,300-2415 Main St,,Winnipeg,Manitoba,CA,R2V 4Z5,3607,(204) 807-4443,WinnipegMB3@anytimefitness.ca,Winnipeg (Riverbend)
854,38.823348,-81.724598,100 Fitness Dr,,Ripley,West Virginia,US,25271,3081,(304) 372-8381,RipleyWV@anytimefitness.com,Ripley
855,3.16623,101.69267,"Sunway Putra Mall, 100, Jalan Putra, Chow Kit",,Sunway Putra Mall,Kuala Lumpur,MY,50350,MY-0033,,SunwayPutraMall@anytimefitness.my,Sunway Putra Mall
856,35.87036,139.6056,桜区大字大久保領家236-2 2F,,さいたま市,埼玉県,JP,〒338-0826,JP-2864,048-767-5658,af_okuboryoke1075_info@anytimefitness.jp,さいたま市 (大久保領家店)
857,49.87867,-97.14592,108 Osborne St,,Winnipeg,Manitoba,CA,R3L 1Y5,5424,(431) 999-0210,OsborneVillageMB@anytimefitness.ca,Winnipeg
858,34.62269,133.87136,古新田1125,,岡山市南区,岡山県,JP,〒701-0203,JP-3029,086-239-5275,af_okayamabypass1239_info@anytimefitness.jp,岡山市 (岡山バイパス妹尾店)
859,35.70275,139.57686,御殿山1-1-3 クリスタルパークビル B1F,,武蔵野市,東京都,JP,〒180-0005,JP-2799,0422-26-9802,af_kichijoji1030_info@anytimefitness.jp,武蔵野市 (吉祥寺店)
860,34.71568,134.89923,魚住町清水2249-2　他,,明石市,兵庫県,JP,〒674-0074,JP-3051,,af_akashishimizu1261_info@anytimefitness.jp,明石市 (明石清水店)
861,35.72761,140.15545,ユーカリが丘2-32-1 1F,,佐倉市,千葉県,JP,〒285-0858,JP-2577,043-312-0018,af_yukarigaoka813_info@anytimefitness.jp,佐倉市 (ユーカリが丘店)
862,33.65631,-78.93461,3856 S Kings Hwy,,Myrtle Beach,South Carolina,US,29577,3757,(843) 238-3488,MyrtleBeachSC@anytimefitness.com,Myrtle Beach
863,30.19165,-92.05816,4517 Johnston St,,Lafayette,Louisiana,US,70503,313,(337) 988-8350,LafayetteLA@anytimefitness.com,Lafayette (Johnston St)
864,42.641,-83.29233,149 N Perry St,,Pontiac,Michigan,US,48342,3130,(248) 332-2833,PontiacMI@anytimefitness.com,Pontiac
865,-36.90008,174.65253,4159 Great North Road,,"Glendene, Auckland",Auckland,NZ,0602,NZ-1040,021 0866 3998,glendene@anytimefitness.co.nz,"Glendene, Auckland"
866,38.67714,-77.35197,12751 Marblestone Dr,,Woodbridge,Virginia,US,22192,2107,(703) 680-6340,PrinceWilliamVA@anytimefitness.com,Woodbridge (County Center)
867,30.40902,-91.02522,13711 Coursey Blvd,,Baton Rouge,Louisiana,US,70817,314,(225) 246-2092,Coursey@anytimefitness.com,Baton Rouge (Coursey)
868,45.69297,9.65847,Via Broseta 56,,Bergamo,Bergamo,IT,24122,IT-0017,+393248977663,broseta@anytimefitness.it,Bergamo (Broseta)
869,35.55101,140.36139,押堀102-1 1F,,東金市,千葉県,JP,〒283-0065,JP-2582,0475-77-8183,af_togane818_info@anytimefitness.jp,東金市 (東金店)
870,20.72135,-100.46516,"Plaza Toscana, Boulevard El Salto, #198, Locales 13 al 21",,Querétaro,Querétaro,MX,76226,MX-1164,4421304522,toscana.qro@anytimefitness.com.mx,Querétaro (Toscana Juriquilla)
871,51.48905,0.02256,"Unit C, Bugsby's Way",,London ,Greater London,GB,SE7 7ST,UK-0286,0203 1376136,Greenwich@anytimefitness.co.uk,London (Greenwich)
872,52.0904,-106.57108,120 Tweed Ln,,Saskatoon,Saskatchewan,CA,S7V 0K1,3820,(306) 954-3075,SaskatoonSK2@anytimefitness.ca,Saskatoon (Saskatoon East)
873,35.72315,139.68228,西落合3-8-19　ISビル 1F-2F,,新宿区,東京都,JP,〒161-0031,JP-1164,03-3565-6806,afochiaiminaminagasaki159_info@anytimefitness.jp,新宿区 (落合南長崎店)
874,19.10738,-104.31254,"AVENIDA PASEO DE LAS GAVIOTAS, NÚMERO 83",,Manzanillo,Colima,MX,28219,MX-1081,3141745711,manzanillo.col@anytimefitness.com.mx,Manzanillo (Plaza Container)
875,-35.12882,147.33686,159 Fernleigh Road,,Glenfield Park,New South Wales,AU,2650,AU-1118,02 69712573,glenfieldpark@anytimefitness.com.au,Glenfield Park
876,33.609792,-117.723508,24290 El Toro Rd.,,Laguna Hills,California,US,92637,4841,(949) 946-6996,LagunaHills@anytimefitness.com,Laguna Hills
877,42.50693,-94.15893,16 N 29th St,,Fort Dodge,Iowa,US,50501,1338,(515) 576-1348,FortDodgeIA@anytimefitness.com,Fort Dodge
878,35.62212,139.75013,東品川2-2-20 天王洲オーシャンスクエア 2F,,品川区,東京都,JP,〒140-0002,JP-2714,03-6810-3036,af_tennoz949_info@anytimefitness.jp,品川区 (天王洲アイル店)
879,36.83616,-121.3907,1760 Airline Hwy,,Hollister,California,US,95023,3167,(831) 636-4699,HollisterCA@anytimefitness.com,Hollister
880,51.64865,-0.05165,Unit 1,,London,Greater London,GB,EN3 4HR,UK-0019,0208 0997 247,enfield@anytimefitness.co.uk,Enfield
881,14.48301,120.99327,"2nd Floor SM City Sucat, Dr. Santos Ave. cor. P. Garcia Ave. Ext.. San Dionisio",,Paranaque City,Metro Manila,PH,,PH-0107,,SMSucat@anytimefitness.ph,SM City Sucat
882,-33.95132,151.03877,71-73 Davies Road,,Padstow,New South Wales,AU,2211,AU-1782,,padstow@anytimefitness.com.au,Padstow
883,-37.62091,145.00638,"Shop 16, 315A Harvest Home Road",,Epping,Victoria,AU,3076,AU-1290,0480 354 557,eppingnorth@anytimefitness.com.au,"Epping North, VIC"
884,37.97859,-122.05732,1150 Concord Ave,,Concord,California,US,94520,3221,(925) 363-3301,ConcordCA2@anytimefitness.com,Concord (Concord Ave)
885,34.69208,135.50195,中央区北浜3-5-22 オリックス淀屋橋ビル 2F,,大阪市,大阪府,JP,〒541-0041,JP-2929,06-4256-1586,af_yodoyabashisf1140_info@anytimefitness.jp,大阪市 (淀屋橋駅前店)
886,35.8158,139.7029,西川口1-9-7　西川口駅前ビル 1F,,川口市,埼玉県,JP,〒332-0021,JP-1087,048-280-6266,afnishikawaguchi83_info@anytimefitness.jp,川口市 (西川口店)
887,-34.84546,138.50608,110-112 Commercial Rd,,Port Adelaide,South Australia,AU,5015,AU-1077,0477 007 234,portadelaide@anytimefitness.com.au,Port Adelaide
888,33.87114,-117.62143,2641 Green River Rd,,Corona,California,US,92882,4048,(951) 475-1299,CoronaCA@anytimefitness.com,Corona
889,32.95169,-117.06733,12222 Poway Rd,,Poway,California,US,92064,3169,(858) 842-2222,PowayCA@anytimefitness.com,Poway
890,-38.06742,145.41423,43 Siding Avenue,,Officer,Victoria,AU,3809,AU-1634,0439 583 663,officer@anytimefitness.com.au,Officer
891,51.58809,-0.55341,Gerrards House,,Gerrards Cross,South East,GB,SL9 8ES,UK-0468,01753 923950,gerrardscross@anytimefitness.co.uk,Gerrards Cross
892,45.57613,-75.4006,"132 Av. Lépine,",,Buckingham,Quebec,CA,J8L 4M4,9900035,819 281 6797,buckinghamqc@anytimefitness.quebec,Buckingham
893,35.48159,136.92609,西旭ヶ丘6-1 1-2F,,関市,岐阜県,JP,〒501-3828,JP-2595,0575-46-8405,af_gifuseki831_info@anytimefitness.jp,関市 (岐阜関店)
894,48.1141838,-98.8629568,205 6th St NE,,Devils Lake,North Dakota,US,58301,1296,(701) 662-3411,DevilsLakeND@anytimefitness.com,Devils Lake
895,50.904424,-114.058582,15 Sunpark Plaza SE,,Calgary,Alberta,CA,T2X 0M5,4194,403 452 5153,CalgaryAB12@anytimefitness.ca,Calgary
896,-6.9056,107.61707,"Heritage Bandung JL. LLRE Martadinata St, Citarum, Bandung Wetan",,Bandung City,Java,ID,40115,ID-0013,,Heritageriau@anytimefitness.id,Heritage Riau
897,,,,,Vilafranca del Penedès,Catalonia,ES,000000,SP-0109,,,Vilafranca del Penedès
898,39.57577,2.64278,Ramon y Cajal 5,,Palma de Mallorca,Islas Baleares,ES,07011,SP-0083,682342121,forti@anytimefitness.es,Fortí (Mallorca)
899,29.96948,-90.37681,1955 Ormond Blvd,,Destrehan,Louisiana,US,70047,2279,(985) 307-1425,DestrehanLA@anytimefitness.com,Destrehan
900,32.71314,74.88421,1st Floor Plot no 28 /6,,Jammu,Jammu and Kashmir,IN,180012,IN-1060,"+918082241444, +918082341444",narwal.jammu@anytimefitness.in,"Jammu, Narwal"
901,30.62801,-81.55757,463688 SR 200,,Yulee,Florida,US,32097,319,(904) 225-8400,Yulee@anytimefitness.com,Yulee
902,41.45079,-96.46653,2415 E 23rd Ave S,,Fremont,Nebraska,US,68025,476,(402) 727-7919,Fremont@anytimefitness.com,Fremont
903,26.24546,-81.69013,7550 Mission Hills Dr,,Naples,Florida,US,34119,3193,(239) 262-3348,NaplesFL3@anytimefitness.com,Naples
904,38.75372,-82.91985,4645 Gallia St,,New Boston,Ohio,US,45662,3640,(740) 876-9160,NewBostonOH@anytimefitness.com,New Boston (Portsmouth)
905,51.49845,3.89033,Stationsplein 13,,Goes,Zeeland,NL,4461 HP,NL-1160,+31 (0)113 20 30 03,goes@anytimefitness.nl,Goes
906,-34.57249,150.77505,62 Terry Street,,Albion Park,New South Wales,AU,2527,AU-1232,0498 480 097,albionpark@anytimefitness.com.au,Albion Park
907,30.10562,-92.12427,8905 Maurice Ave.,,Maurice,Louisiana,US,70555,2073,(337) 898-3653,MauriceLA@anytimefitness.com,Maurice
908,35.86638,140.01951,緑2-11-41,,我孫子市,千葉県,JP,〒270-1153,JP-3007,04-7193-8175,af_abikomidori1218_info@anytimefitness.jp,我孫子市 (我孫子緑店)
909,32.35637,-90.01132,5651 MS-25,,Flowood,Mississippi,US,39232,323,(601) 992-3488,Flowood@anytimefitness.com,Flowood (Castlewoods)
910,28.35705,-82.66487,13720 Little Rd,,Hudson,Florida,US,34667,4206,(727) 378-1400,HudsonFL2@anytimefitness.com,Hudson
911,52.7594,-1.93427,Brewery Street,,Rugeley,West Midlands,GB,WS15 2DY,UK-0370,01889 390247,rugeley@anytimefitness.co.uk,Rugeley
912,46.325081,-119.997285,1710 East Gregory Ave,,Sunnyside,Washington,US,98044,1056,(509) 837-7575,SunnysideWA@anytimefitness.com,Sunnyside
913,30.90561,75.89555,"SCO 32, 33, 34, 3rd Floor",,Ludhiana,Punjab,IN,141010,IN-1076,+919200070040,32.ludhiana@anytimefitness.in,"Ludhiana, Sector 32A,Punjab"
914,45.58333,-73.33334,2033 Rue Principale #104,,Sainte-Julie,Quebec,CA,J3E 1W1,9900004,450 922 4288,stjulie@anytimefitness.quebec,Sainte-Julie
915,34.95016,135.75242,伏見区竹田田中宮町7 1F,,京都市,京都府,JP,〒612-8444,JP-2514,075-748-6903,af_kyototakeda749_info@anytimefitness.jp,京都市 (京都竹田店)
916,14.61834,120.98486,"Celadon Park Felix Huertas Street corner Lacson Avenue (C-2 Road), Santa Cruz",,Manila,Metro Manila,PH,,PH-0108,,SanLazaro@anytimefitness.ph,San Lazaro
917,-35.25225,149.06925,Cnr Catchpole St & Bowman St,,Macquarie,Australian Capital Territory,AU,2614,AU-1102,02 6162 2900,jamison@anytimefitness.com.au,Jamison
918,45.58817,-73.42914,540 Rue D'Avaugour,,Boucherville,Quebec,CA,J4B 0G6,9900010,450 655 7070,bouchervilleqc1@anytimefitness.quebec,Boucherville
919,44.64603,-63.59421,6140 Quinpool Rd,,Halifax,Nova Scotia,CA,B3L 1A3,5120,782 414 7297,HalifaxNS@anytimefitness.ca,Halifax
920,31.94052,-81.92669,108 China St,,Glennville,Georgia,US,30427,4376,(912) 822-1348 ,GlennvilleGA@anytimefitness.com,Glennville
921,30.09019,-90.50452,607 Belle Terre Blvd,,La Place,Louisiana,US,70068,3146,(985) 359-3482,LaPlaceLA2@anytimefitness.com,La Place
922,35.00265,135.76672,下京区寺町通四条下ル貞安前之町589番地 TM四条寺町ビル 3F,,京都市,京都府,JP,〒600-8031,JP-2904,075-366-5640,af_skawaramachi1115_info@anytimefitness.jp,京都市 (四条河原町店)
923,32.04157,-81.00798,119 Charlotte Rd,,Savannah,Georgia,US,31410,2460,(912) 897-1499,SavannahGA@anytimefitness.com,Savannah (Charlotte Rd)
924,34.74358,135.54459,東淀川区豊里7-10-19　 2F,,大阪市,大阪府,JP,〒533-0013,JP-1135,06-6195-5091,aftoyosato135_info@anytimefitness.jp,大阪市 (だいどう豊里店)
925,41.86074,-89.49966,1323 N Galena Ave,,Dixon,Illinois,US,61021,1175,(815) 285-4855,DixonIL@anytimefitness.com,Dixon
926,53.6821,-113.24558,23 Westpark Blvd,,Fort Saskatchewan,Alberta,CA,T8L 4N2,6002,(780) 589-0050,FortSaskAB@anytimefitness.ca,Fort Saskatchewan
927,29.98479,-95.65825,15210 Spg. Cypress Rd,,Cypress,Texas,US,77429,3243,(281) 213-2830,CypressTX@anytimefitness.com,Cypress
928,51.1269,-114.0734,8120 Beddington Blvd NW,,Calgary,Alberta,CA,T3K 2A8,5076,(403) 455-8002,Beddington@anytimefitness.ca,Calgary
929,30.58385,-97.41264,106-116 W Lake Dr,,Taylor,Texas,US,76574,4272,(512) 309-4194,TaylorTX@anytimefitness.com,Taylor
930,28.04752,-82.74006,30210 US Hwy 19 N,,Clearwater,Florida,US,33761,3252,(727) 781-2222,ClearwaterFL4@anytimefitness.com,Clearwater (Curlew & 19)
931,45.5021,-73.57338,900 Boulevard de Maisonneuve O,,"Montréal,",Quebec,CA,H3A 1M5,9900021,,,"Montréal,"
932,-32.96719,151.65074,"Unit 3, 10-16 Medcalf Street",,Warners Bay,New South Wales,AU,2282,AU-1084,0422 703 980,warnersbay@anytimefitness.com.au,Warners Bay
933,30.14501,-91.82279,2230 N Main Hwy,,St. Martinville,Louisiana,US,70582,3263,(337) 394-3488,StMartinvilleLA@anytimefitness.com,St. Martinville
934,52.67715,-2.47988,Gresham Drive,,Telford,West Midlands,GB,TF3 5ES,UK-0078,01952 445 247,telford@anytimefitness.co.uk,Telford
935,20.69817,-103.37749,Av. Pablo Neruda #2365,,Guadalajara,Jalisco,MX,44630,MX-1019,(33) 3817-0723,ottawagdl@anytimefitness.com.mx,Guadalajara (Ottawa)
936,32.79421,130.7161,中央区九品寺3-16-55 2F,,熊本市,熊本県,JP,〒862-0976,JP-1293,096-327-9011,af_kuhonji285_info@anytimefitness.jp,熊本市 (九品寺店)
937,42.71453,-82.96126,16336 26 Mile Rd,,Macomb,Michigan,US,48042,3270,(586) 232-4905,MacombMI2@anytimefitness.com,Macomb
938,43.05926,-88.12883,2205 N Calhoun Rd,,Brookfield,Wisconsin,US,53005,1298,(262) 993-9111,BrookfieldWI@anytimefitness.com,Brookfield
939,32.83948,-96.99184,3401 W Airport Frwy,,Irving,Texas,US,75062,4106,(972) 232-7755,IrvingTX2@anytimefitness.com,Irving
940,14.52157,121.0163,"Unit A5-A7 G/F 81 Newport Blvd, Newport City, Pasay, Metro Manila",,Newport City,Metro Manila,PH,,PH-0082,(0930) 925 8656,AFNewPort@anytimefitness.ph,Newport City
941,31.73684,131.08862,千町4351-2 1F,,都城市,宮崎県,JP,〒885-0015,JP-1601,0986-36-4135,af_miyakonojo589_info@anytimefitness.jp,都城市 (都城店)
942,28.00298,-81.71719,710 Cypress Gardens Blvd.,,Winter Haven,Florida,US,33880,3278,(863) 280 6954,WinterHavenFL@anytimefitness.com,Winter Haven
943,-37.7276,176.34628,255 The Boulevard,,Papamoa East,BOP,NZ,3118,NZ-1078,07 220 9923,thesands@anytimefitness.co.nz,"The Sands, Papamoa"
944,41.74656,-83.6242,7300 Secor Rd.,,Lambertville,Michigan,US,48144,545,(734) 568-6000,LambertvilleMI@anytimefitness.com,Lambertville
945,-37.7169,145.00912,295 Broadway (intersection with High Street),,Reservoir,Victoria,AU,3073,AU-1243,0482 602 305,reservoir@anytimefitness.com.au,Reservoir
946,50.96904,0.09544,Suite 4,,Uckfield,South East,GB,TN22 5DQ,UK-0259,01825 212247,Uckfield@anytimefitness.co.uk,Uckfield
947,34.27792,-118.88405,144 W Los Angeles Ave,,Moorpark,California,US,93021,3741,(805) 552-0050,moorpark.af@anytimefitness.com,Moorpark
948,38.43753,140.87908,吉岡まほろば2-1-2 1F,,黒川郡大和町,宮城県,JP,〒981-3621,JP-2625,022-347-4781,af_yoshiokataiwa861_info@anytimefitness.jp,大和町 (吉岡大和町店)
949,47.043641,-122.831559,4200 6th Ave SE,,Lacey,Washington,US,98503,962,(360) 456-5100,LaceyWA@anytimefitness.com,Lacey
950,28.40871,77.06303,"Second Floor, Silverton Tower, Sector 50",,Gurgaon,Haryana,IN,122018,IN-1182,+91 9355544497,nirvanacountry.gurgaon@anytimefitness.in,"Gurgaon, Sector 50"
951,-34.01192,151.09465,230 Princes Highway,,Sylvania,New South Wales,AU,2224,AU-1402,0421392845,sylvania@anytimefitness.com.au,Sylvania
952,40.813457,-79.550686,3 Franklin Village Mall,,Kittanning,Pennsylvania,US,16201,2561,(724) 954-3322,KittanningPA@anytimefitness.com,Kittanning
953,46.99753,-122.92041,5743 Little Rock Rd SW,,Tumwater,Washington,US,98512,333,(360) 352-2600,Tumwater@anytimefitness.com,Tumwater
954,43.07738,141.29155,西区西町南2-1-16 M34西町ビル 2F,,札幌市,北海道,JP,〒063-0062,JP-1555,011-688-8381,af_nishimachi541_info@anytimefitness.jp,札幌市 (西町店)
955,39.52697,-119.88661,6370 Mae Anne Ave,,Reno,Nevada,US,89523,462,(775) 746-8400,Memberships.Reno@anytimefitness.com,Reno (Mae Anne Ave)
956,35.79363,139.81782,南花畑2-45-15,,足立区,東京都,JP,〒121-0062,JP-2758,03-5809-6361,af_shanahata993_info@anytimefitness.jp,足立区 (南花畑店)
957,23.07415,72.51714,Mangal Deep Capital,,Ahmedabad,Gujarat,IN,380060,IN-1198,+91 9782227976,sciencecity.ahmedabad@anytimefitness.in,"Gujarat, Ahmedabad, Science City"
958,-37.79267,144.9856,628 Smith Street,,Clifton Hill,Victoria,AU,3068,AU-1700,Temp > 0482 473 654,cliftonhill@anytimefitness.com.au,Clifton Hill
959,35.86508,-101.96262,817 E 1st St,,Dumas,Texas,US,79029,3564,(806)717-2220,DumasTX@anytimefitness.com,Dumas
960,38.46308,-122.64384,5761 Mountain Hawk Way,,Santa Rosa,California,US,95409,1991,(707) 538-4888,SantaRosaCA2@anytimefitness.com,Santa Rosa (Mt Hawk Way)
961,49.27515,-123.11417,236-60 Smithe St,,Vancouver,British Columbia,CA,V6B 0B5,3787,604 639 5501,OnePacific@anytimefitness.ca,Vancouver (One Pacific Building - Yaletown)
962,40.29766,-111.73479,773 E Mill Rd,,Vineyard,Utah,US,84059,3329,(385) 203-2348,VineyardUT@anytimefitness.com,Vineyard
963,-33.75067,150.60621,78 St John Road,,Blaxland,New South Wales,AU,2774,AU-1562,02 4739 5827,blaxland@anytimefitness.com.au,Blaxland
964,14.60273,121.05256,8 Missouri Northeast Greenhills,,San Juan,Metro Manila,PH,,PH-0007,0917 167 2344,afgreenhills@anytimefitness.ph,San Juan (Greenhills)
965,35.01966,135.71026,常盤東ノ町26-7 2F,,京都市右京区,京都府,JP,〒616-8217,JP-1586,075-406-7144,af_uzumasa576_info@anytimefitness.jp,京都市 (京都太秦店)
966,34.88391,135.20106,弥生が丘1-2-2 UCMビル三田フラワータウン 2F,,三田市,兵庫県,JP,〒669-1546,JP-2804,079-555-6790,af_sandaft1035_info@anytimefitness.jp,三田市 (三田フラワータウン店)
967,-43.49253,172.66062,"Homebase Centre, Unit G",,"Shirley, Christchurch",Canterbury,NZ,8083,NZ-1011,03 3859181,shirley@anytimefitness.co.nz,"Shirley, Christchurch"
968,44.77335,-93.27883,12700 Nicollet Ave,,Burnsville,Minnesota,US,55337,230,(952) 222-9119,Burnsville@anytimefitness.com,Burnsville
969,36.25236,139.54159,瀬戸谷町2284-1 1F,,館林市,群馬県,JP,〒374-0021,JP-2730,0276-49-5795,af_tatebayashi965_info@anytimefitness.jp,館林市 (館林店)
970,1.30599,103.78768,"41 Rochester Drive, Singapore 138582",,Singapore,Central Singapore,SG,,SG-0191,,Rochester@anytimefitness.sg,Rochester
971,36.25564,-94.13738,106 Bloomington Rd,,Lowell,Arkansas,US,72745,3347,(479) 365-6768,LowellAR@anytimefitness.com,Lowell
972,45.59264,-73.20252,400 Rue Serge-Pepin,,Beloeil,Quebec,CA,J3G 6Z2,9900059,450 281 2812,BeloeilQC@anytimefitness.quebec,Beloeil
973,33.77318,130.98283,殿川町1‐61 1-2F,,京都郡苅田町,福岡県,JP,〒800-0312,JP-2675,093-383-7362,af_kanda911_info@anytimefitness.jp,苅田町 (苅田店)
974,51.49523,-0.07976,Matter Bermondsey,,London (Bermondsey),Greater London,GB,SE1 5TE,UK-0494,020 4619 3278,bermondsey@anytimefitness.co.uk,London (Bermondsey)
975,43.04393,141.38409,豊平区美園3条2-1-28 MDG美園ビル 1-2F,,札幌市,北海道,JP,〒062-0003,JP-2738,011-374-5372,af_misono973_info@anytimefitness.jp,札幌市 (美園店)
976,40.60089,-112.45638,225 E. Main St,,Grantsville,Utah,US,84029,998,(435) 884-5565,GrantsvilleUT@anytimefitness.com,Grantsville
977,33.55355,130.40616,南区柳河内1-2-1 1F,,福岡市,福岡県,JP,〒815-0063,JP-2600,092-403-0750,af_nomaoike836_info@anytimefitness.jp,福岡市 (パセオ野間大池店)
978,49.83693,-97.09325,3-540 St. Anne's Rd,,Winnipeg,Manitoba,CA,R2M 5R7,4093,(204) 615-5438,WinnipegMB4@anytimefitness.ca,Winnipeg (St. Vital)
979,35.82804,139.66159,新曽1998-1 NKGビル 2F,,戸田市,埼玉県,JP,〒335-0021,JP-1588,048-446-6930,af_kitatoda575_info@anytimefitness.jp,戸田市 (北戸田店)
980,32.41448,-96.84252,1011 N Hwy 77,,Waxahachie,Texas,US,75165,983,(972) 923-2171,WaxahachieTX@anytimefitness.com,Waxahachie
981,39.26459,-84.26757,515 Loveland Madeira Rd.,,Loveland,Ohio,US,45140,3355,(513) 583-6683,LovelandOH@anytimefitness.com,Loveland
982,41.32634,2.09271,Jaume Casanovas 114,,El Prat Barcelona,Catalonia,ES,08820,SP-0049,605675440,elprat@anytimefitness.es,El Prat de Llobregat (Barcelona)
983,39.942764,-76.740077,930 S Richland Ave,,York,Pennsylvania,US,17403,2146,(717) 850-9889,YorkPA@anytimefitness.com,York
984,-33.75391,151.2876,Dee Why Market,,Dee Why,New South Wales,AU,2099,AU-1021,02 9984 8026,deewhy@anytimefitness.com.au,Dee Why
985,44.48015,-103.81226,2735 1st Ave,,Spearfish,South Dakota,US,57783,1917,(605) 559-1234,SpearfishSD@anytimefitness.com,Spearfish
986,50.86757,6.07018,Onze Lieve Vrouwestraat 103,,Kerkrade-Centrum,Limburg,NL,6461 BP,NL-1044,+31 (0) 85 77 31 870,kerkrade-centrum@anytimefitness.nl,Kerkrade-Centrum
987,39.99493,-75.75762,3227 Lincoln Hwy E,,Thorndale,Pennsylvania,US,19372,4562,(484) 288-8078,ThorndalePA@anytimefitness.com,Thorndale
988,38.40575,-86.93717,1918 Newton St,,Jasper,Indiana,US,47549,2702,(812) 482-2209,JasperIN@anytimefitness.com,Jasper
989,35.48535,139.62761,神奈川区西神奈川3-17-4 Msビル 2-3F,,横浜市,神奈川県,JP,〒221-0822,JP-2560,045-642-4685,af_ehakuraku795_info@anytimefitness.jp,横浜市 (東白楽店)
990,41.925053,-71.358101,227 B Washington St,,Attleboro,Massachusetts,US,02703,3405,(508) 316-3885,AttleboroMA@anytimefitness.com,Attleboro
991,31.53038,-82.46248,1020 S Pierce St,,Alma,Georgia,US,31510,406,(912) 632-8223,AlmaGA@anytimefitness.com,Alma
992,47.71437,13.62421,Götzstraße 5,,Bad Ischl,Upper Austria,AT,4820,AT-0011,06132 29708,badischl@anytimefitness.at,Bad Ischl
993,44.555103,-92.567056,1105 Bench St,,Red Wing,Minnesota,US,55066,3407,(651) 212-8396,RedWingMN@anytimefitness.com,Red Wing
994,44.8210418,-93.401373,10165 Hennepin Town Rd,,Eden Prairie,Minnesota,US,55344,4813,(952) 417-6802,EdenPrairieMN2@anytimefitness.com,Eden Prairie (Hennepin Town Road)
995,43.08255,12.36414,Via Settevalli 326,,Perugia,Perugia,IT,06129,IT-0045,379 116 9529,perugia@anytimefitness.it,Perugia
996,52.70825,5.74281,Urkerweg 1,,Emmeloord,Flevoland,NL,8303 BX,NL-1010,+31 (0)85 77 31 761,Emmeloord@anytimefitness.nl,Emmeloord
997,41.2959,-96.15758,15505 Ruggles St,,Omaha,Nebraska,US,68116,3122,(402) 505-4466,OmahaNE4@anytimefitness.com,Omaha
998,36.08133,140.19109,千束町4-2 1F,,土浦市,茨城県,JP,〒300-0046,JP-1507,029-886-7097,af_tsuchiura496_info@anytimefitness.jp,土浦市 (土浦店)
999,31.11954,-97.86324,3010 E Hwy 190,,Copperas Cove,Texas,US,76522,3424,(254) 577-5058,CopperasCoveTX@anytimefitness.com,Copperas Cove
1000,-33.11617,151.4779,3/50 Alliance Ave,,Morisset,New South Wales,AU,2264,AU-1064,02 4973 3089,morisset@anytimefitness.com.au,Morisset
1001,40.198862,-100.626069,204 Norris St,,McCook,Nebraska,US,69001,3868,(308) 777-2099,McCookNE@anytimefitness.com,McCook
1002,-27.9915,153.01022,10 Oakland Way,,Beaudesert,Queensland,AU,4285,AU-1764,,,Beaudesert
1003,49.73809,-123.13343,40258 Glenalder Pl,,Squamish,British Columbia,CA,V8B 0G2,3858,604 390 3488,SquamishBC@anytimefitness.ca,Squamish
1004,33.70774,-112.27475,24640 N Lake Pleasant Rd,,Peoria,Arizona,US,85383,4417,623-518-6100,PeoriaAZ@anytimefitness.com,Peoria
1005,47.71492,-116.78094,370 E Kathleen Ave,,Coeur d'Alene,Idaho,US,83815,3589,(208) 966-4253,CDAID@anytimefitness.com,Coeur d'Alene
1006,33.14436,-97.10607,5050 S Teasley Ln,,Denton,Texas,US,76210,3427,940-514-1121,DentonTX@anytimefitness.com,Denton
1007,39.996162,-81.573845,61600 Southgate Rd #105,,Cambridge,Ohio,US,43725,5023,740.421.9593,CambridgeOH@anytimefitness.com,Cambridge
1008,34.28345,-81.595106,1224 Wilson Rd,,Newberry,South Carolina,US,29108,3332,(803) 276-0211,NewberrySC@anytimefitness.com,Newberry
1009,14.57904,121.05071,"Unit R29-32 2F, Cluster Glenhaven California Garden Square",,Mandaluyong,Metro Manila,PH,,PH-0078,,Mandaluyong@anytimefitness.ph,Mandaluyong
1010,44.97171,-93.21801,2718 University Ave SE,,Minneapolis,Minnesota,US,55414,326,(612) 455-4100,Minneapolis@anytimefitness.com,Minneapolis (University Ave)
1011,37.47766,-105.89473,177 Craft Dr,,Alamosa,Colorado,US,81101,3462,(719) 589-6520,AlamosaCO@anytimefitness.com,Alamosa
1012,28.12651,-80.67374,1270 N Wickham Rd,,Melbourne,Florida,US,32935,3808,(321) 242-0525,MelbourneFL2@anytimefitness.com,Melbourne (Wickham Road)
1013,34.60252,135.56808,平野区長吉長原3-5-35 2F,,大阪市,大阪府,JP,〒547-0016,JP-1387,06-6105-2530,af_nnagahara362_info@anytimefitness.jp,大阪市 (長吉長原店)
1014,-33.74461,150.81072,135 Popondetta Rd,,Emerton,New South Wales,AU,2770,AU-1167,02 96757140,emerton@anytimefitness.com.au,Emerton
1015,43.54739,-116.53402,2926 E Greenhurst Rd,,Nampa,Idaho,US,83686,353,(208) 461-6655,NampaID@anytimefitness.com,Nampa (Greenhurst Rd)
1016,39.56082,-119.70499,3170 Vista Blvd,,Sparks,Nevada,US,89436,2208,(775) 358-1144,SparksNV@anytimefitness.com,Sparks
1017,14.62273,121.06752,"3F, Avire Tower, P.Tuazon cor. Lakandula St., Proj. 4",,Quezon City,Metro Manila,PH,1109,PH-0154,,PTuazonProj4@anytimefitness.ph,P. Tuazon Project 4
1018,30.30499,-93.19608,277 Hwy. 171 N.,,Moss Bluff,Louisiana,US,70611,351,(337) 855-2777,MossBluffLA@anytimefitness.com,Moss Bluff
1019,30.631758,-87.18226,5367 Woodbine Rd.,,Pace,Florida,US,32571,5068,850-463-0063,PaceFL2@anytimefitness.com,Pace
1020,38.897308,-94.836917,1251 W Harold St,,Olathe,Kansas,US,66061,4587,(913) 210-0851 ,OlatheKS2@anytimefitness.com,Olathe
1021,45.21216,-93.23216,1460 133rd Ln NE,,Ham Lake,Minnesota,US,55304,7,(763) 413-9348,HamLake@anytimefitness.com,Ham Lake
1022,28.67168,77.15594,"Plot No. 1,2,3,& 4, Ashok Park Main",,New Delhi,Delhi,IN,110026,IN-1153,"+918588873777, +918588874777",ashokpark.delhi@anytimefitness.in,"New Delhi, Ashok Park Main"
1023,34.83797,135.61734,高西町17-2 2F,,高槻市,大阪府,JP,〒569-0061,JP-2849,072-668-6732,af_kosai1060_info@anytimefitness.jp,高槻市 (高槻高西店)
1024,39.28247,-80.27392,1198 W Main St,,Bridgeport,West Virginia,US,26330,2443,(304) 933-3192,BridgeportWV@anytimefitness.com,Bridgeport
1025,30.49697,-97.64702,2650 Gattis School Rd,,Round Rock,Texas,US,78664,3504,(512) 919-4104,RoundRockTX2@anytimefitness.com,Round Rock (Gattis School Rd)
1026,-37.92769,145.25128,Unit 103-1090,,Rowville,Victoria,AU,3178,AU-1228,03 9755 5330,rowville@anytimefitness.com.au,Rowville
1027,32.27909,-95.33649,6435 Old Jacksonville Hwy,,Tyler,Texas,US,75703,1957,(903) 617-6590,SouthTylerTX@anytimefitness.com,Tyler (Arbor Ridge)
1028,23.18749,72.61827,"Swagat Twin City High Street,",,Gandhinagar,Gujarat,IN,382421,IN-1193,+91 7359139090,kudasan.gandhinagar@anytimefitness.in,"Kudasan, Gandhinagar, Gujarat"
1029,-27.36155,153.01434,59 Albany Creek Road,,Aspley,Queensland,AU,4034,AU-1456,07 3263 1032,aspley@anytimefitness.com.au,Aspley
1030,42.4203,-71.6846,300A High St.,,Clinton,Massachusetts,US,01510,195,(978) 612-0022,Clinton@anytimefitness.com,Clinton
1031,32.72614,-97.34387,1714 8th Ave,,Fort Worth,Texas,US,76110,3523,(817) 207-0900,FortWorthTX@anytimefitness.com,Fort Worth
1032,38.24735,-122.06484,1955 W Texas St,,Fairfield,California,US,94533,3525,(707) 673-4244,FairfieldCA@anytimefitness.com,Fairfield
1033,45.57808,-122.35335,1700 Main St,,Washougal,Washington,US,98671,4210,(360) 210-7765,WashougalWA@anytimefitness.com,Washougal
1034,43.889,-79.4421,10720 Yonge St,,Richmond Hill,Ontario,CA,L4C 3C9,3821,905 237 7365,RichmondHillON2@anytimefitness.ca,Richmond Hill (yonge and elgin mills)
1035,-31.90146,115.7943,361 Scarborough Beach Rd,,Innaloo,Western Australia,AU,6018,AU-1192,08 9204 1240,innaloo@anytimefitness.com.au,Innaloo
1036,42.00861,-87.76225,7010 Carpenter Rd,,Skokie,Illinois,US,60077,3550,(224) 251-8777,SkokieIL@anytimefitness.com,Skokie
1037,34.89419,135.7841,小倉町老ノ木29 1F,,宇治市,京都府,JP,〒611-0042,JP-1587,0774-66-6932,af_ujiogura578_info@anytimefitness.jp,宇治市 (宇治小倉店)
1038,-33.876,151.223,"Lower Ground Level, 14 Kings Cross Road",,Potts Point,New South Wales,AU,2011,AU-1091,0422903495,pottspoint@anytimefitness.com.au,Potts Point
1039,35.69288,139.77204,鍛治町2-9-3,,千代田区,東京都,JP,〒101-0044,JP-3046,03-6206-4691,af_kandahigashiguchi1256_info@anytimefitness.jp,千代田区 (神田東口店)
1040,48.52273,-123.36833,5120 Cordova Bay Rd,,Cordova Bay,British Columbia,CA,V8Y 2K5,5288,236 470 6935,CordovaBayBC@anytimefitness.ca,Cordova Bay
1041,28.04996,-82.5033,11113 N Dale Mabry Hwy,,Tampa,Florida,US,33618,991,(813) 264-1861,TampaFL@anytimefitness.com,Tampa (N. Dale Mabry Hwy)
1042,45.49263,-93.24337,120 Heritage Blvd NE,,Isanti,Minnesota,US,55040,358,(763) 444-6344,Isanti@anytimefitness.com,Isanti
1043,1.3042,103.79201,"11 Biopolis Way, #01-04/05/06/07 Helios",,Singapore,South West,SG,138667,SG-0107,85883815,BuonaVista@anytimefitness.sg,Buona Vista
1044,51.42438,-0.1711,185 Tooting High Street,,London,Greater London,GB,SW17 0SZ,UK-0104,0203 149 1900,tooting@anytimefitness.co.uk,London (Tooting)
1045,33.82848,130.92789,小倉南区田原新町2-2-1 田原新町テナント 1F,,北九州市,福岡県,JP,〒800-0226,JP-1385,093-967-6104,af_kokurae378_info@anytimefitness.jp,北九州市 (小倉東店)
1046,39.75693,-89.73562,4307 Yucan Dr,,Springfield,Illinois,US,62707,2864,(217) 679-2490,SpringfieldIL2@anytimefitness.com,Springfield
1047,35.62013,139.57034,多摩区登戸3465 いろはビル 2-3F,,川崎市,神奈川県,JP,〒214-0014,JP-2887,044-299-7200,af_noboritost1098_info@anytimefitness.jp,川崎市 (登戸駅前店)
1048,33.86068,130.76053,八幡西区西曲里町3-1 1F,,北九州市,福岡県,JP,〒806-0036,JP-2662,093-482-6531,af_kurosaki898_info@anytimefitness.jp,北九州市 (イオンタウン黒崎店)
1049,34.38667,132.49711,南区大州 4-12-24 2F,,広島市,広島県,JP,〒732-0802,JP-1392,082-207-3172,af_hiroohzu381_info@anytimefitness.jp,広島市 (大州店)
1050,35.35742,137.25346,上平町4-88 1F,,瑞浪市,岐阜県,JP,〒509-6122,JP-2755,0572-56-0721,af_mizunami990_info@anytimefitness.jp,瑞浪市 (瑞浪店)
1051,33.61055,-112.34145,13915 N Dysart Rd,,El Mirage,Arizona,US,85335,260,(623) 583-2064,ElMirageAZ@anytimefitness.com,El Mirage
1052,28.98419,-95.93731,4310 7th St,,Bay City,Texas,US,77414,3408,(979) 244-2348,BayCityTX@anytimefitness.com,Bay City (4310 7th Street)
1053,38.8956,-79.844,46 Plantation Way,,Elkins,West Virginia,US,26241,3828,(681) 298-5017,ElkinsWV@anytimefitness.com,Elkins
1054,41.34774,-75.9598,2859 SR 309,,Dallas,Pennsylvania,US,18612,3609,(570) 675-1222,DallasPA@anytimefitness.com,Dallas
1055,35.46585,139.61528,西区北幸2-10-36　KDX 横浜西口ビル 1F,,横浜市,神奈川県,JP,〒220-0004,JP-1171,045-620-6861,afyokohamanishiguchi162_info@anytimefitness.jp,横浜市 (横浜西口店)
1056,38.97312,-80.23092,90 Skyline Plaza Dr,,Buckhannon,West Virginia,US,26201,3873,(304) 473-1126,BuckhannonWV@anytimefitness.com,Buckhannon
1057,28.56526,77.04973,"Plot number 31 and 32, Sector 23A",,New Delhi,Delhi,IN,110077,IN-1102,"+918384094851,+919625785116",dwarka23.delhi@anytimefitness.in,New Delhi Dwarka 23
1058,35.72844,139.77124,西日暮里2-19-4,,荒川区,東京都,JP,116-0013,JP-3035,03-6806-8913,af_nippori1245_info@anytimefitness.jp,荒川区 (日暮里店)
1059,37.72407,-122.1565,1343 Washington Ave,,San Leandro,California,US,94577,3614,(510) 357-7711,SanLeandroCA@anytimefitness.com,San Leandro
1060,51.44,-3.17922,88 Windsor Road,,Penarth,Wales,GB,CF64 1JL,UK-0189,02920 099247,Penarth.manager@anytimefitness.co.uk,Penarth
1061,26.43234,127.82603,石川1-40-1 2F,,うるま市,沖縄県,JP,〒904-1106,JP-1612,098-923-0494,af_urumaishikawa602_info@anytimefitness.jp,うるま市 (うるま石川店)
1062,34.19452,-84.5084,3753 Marietta Hwy,,Canton,Georgia,US,30114,700,(770) 720-1831,HollySpringsGA@anytimefitness.com,Canton (Holly Springs)
1063,42.30621,-84.02359,1030 S Main St,,Chelsea,Michigan,US,48118,153,(734) 433-3333,Chelsea@anytimefitness.com,Chelsea
1064,33.00044,130.43771,原万田700-1 1F,,荒尾市,熊本県,JP,〒864-0001,JP-1613,0968-82-8968,af_ariakeplaza599_info@anytimefitness.jp,荒尾市 (有明プラザ店)
1065,-27.97829,153.38059,394 Southport Nerang Road,,Ashmore,Queensland,AU,4214,AU-1689,0423732160,ashmore@anytimefitness.com.au,Ashmore
1066,52.13081,-2.30033,Malvern Shopping Park,,Malvern,West Midlands,GB,WR14 1PY,UK-0401,01684 342477,malvern@anytimefitness.co.uk,Malvern
1067,29.80126,-90.81985,127 Laura Dr.,,Thibodaux,Louisiana,US,70301,241,(985) 447-7770,ThibodauxLA@anytimefitness.com,Thibodaux
1068,33.97559,-78.13201,2819 Midway Rd SE,,Bolivia,North Carolina,US,28422,4542,(910) 253-8956,BoliviaNC@anytimefitness.com,Bolivia
1069,35.37877,136.62663,楽田町2-79 1F,,大垣市,岐阜県,JP,〒503-0008,JP-2819,0584-47-6370,af_ogakibp1050_info@anytimefitness.jp,大垣市 (大垣バイパス店)
1070,26.81267,81.00376,"Plot No. GGCP-COM-M2-B, Second Floor, Gomti Greens",,Lucknow,Uttar Pradesh,IN,226010,IN-1170,+918960266003,gomtigreens.lucknow@anytimefitness.in,"Lucknow, Gomti Nagar Extension"
1071,40.23017,-75.31155,1551 S Valley Forge Rd,,Lansdale,Pennsylvania,US,19446,3265,(267) 263-2956,LansdalePA@anytimefitness.com,Lansdale
1072,5.33013,100.27891,"1, Persiaran Relau, Kampung Darat, 11900 Bayan Lepas, Pulau Pinang, Malaysia",,Bayan Lepas,Penang,MY,11900,MY-0108,,Relaubayanlepas@anytimefitness.my,Relau - Bayan Lepas
1073,44.268598,-121.189119,848 SW Canyon Dr,,Redmond,Oregon,US,97756,556,(541) 504-2868,Redmond@anytimefitness.com,Redmond (SW Canyon Dr)
1074,-33.76431,150.81747,Shop No. Pad 3,,Mount Druitt,New South Wales,AU,2770,AU-1433,0457 539 742,mountdruitt@anytimefitness.com.au,Mount Druitt
1075,46.73828,-117.00094,436 N Main St,,Moscow,Idaho,US,83843,916,(208) 882-3100,MoscowID@anytimefitness.com,Moscow
1076,,,,,Olot,Catalonia,ES,27000,SP-0108,,,Olot
1077,34.4745,135.47518,南区新檜尾台2-1-1 1F,,堺市,大阪府,JP,〒590-0143,JP-2591,072-289-9570,af_komyoike827_info@anytimefitness.jp,堺市 (光明池駅前店)
1078,35.70026,139.76897,外神田2-5-12 タカラビル1F-B1,,千代田区,東京都,JP,〒101-0021,JP-1286,03-6260-8575,af_akb270_info@anytimefitness.jp,千代田区 (秋葉原店)
1079,37.72393,140.47329,黒岩字浜井場10-5 2F,,福島市,福島県,JP,〒960-8153,JP-1684,024-529-6361,af_fukushimakuroiwa672_info@anytimefitness.jp,福島市 (福島黒岩店)
1080,-33.92328,150.8481,20 Mustang Drive,,Hoxton Park,New South Wales,AU,2171,AU-1230,02 8783 7711,hoxtonpark@anytimefitness.com.au,Hoxton Park
1081,41.53873,2.11304,Av Barberà 21 - 33,,Sabadell Barcelona,Catalonia,ES,08203,SP-0051,660192919,sabadell@anytimefitness.es,Sabadell (Barcelona)
1082,-38.14186,145.20819,Shop 11-14 Langwarrin Plaza,,Langwarrin,Victoria,AU,3910,AU-1311,03 8790 8886,langwarrin@anytimefitness.com.au,Langwarrin
1083,-33.86679,151.13026,120 Great N Rd,,Five Dock,New South Wales,AU,2046,AU-1109,02 9712 3220,fivedock@anytimefitness.com.au,Five Dock
1084,33.5488,130.4348,南区横手4-9-1,,福岡市,福岡県,JP,〒811-1311,JP-1174,092-558-1082,afyokote165_info@anytimefitness.jp,福岡市 (横手店)
1085,39.851518,-86.26304,5510 Lafayette Rd,,Indianapolis,Indiana,US,46254,3842,(317) 808-5903,IndianapolisIN7@anytimefitness.com,Indianapolis
1086,36.21247,-81.66884,368 Hwy 105 Ext,,Boone,North Carolina,US,28607,379,(828) 386-1100,BooneNC@anytimefitness.com,Boone
1087,-33.72791,150.72584,Woolworths Shopping Village,,Jordan Springs,New South Wales,AU,2747,AU-1386,0488 855 348,jordansprings@anytimefitness.com.au,Jordan Springs
1088,43.09211,-89.35402,2045 Atwood Ave,,Madison,Wisconsin,US,53704,4442,(608) 286-1050,MadisonWI6@anytimefitness.com,Madison (Atwood Ave)
1089,39.22503,-76.66369,810 Nursery Rd,,Linthicum,Maryland,US,21090,3644,(410) 609-0106,LinthicumMD@anytimefitness.com,Linthicum
1090,46.80498,-96.82646,5050 Timber Pkwy S,,Fargo,North Dakota,US,58104,1655,(701) 566-8507,FargoND@anytimefitness.com,Fargo
1091,33.86937,-112.15132,42407 N Vision Way,,Anthem,Arizona,US,85086,4179,(623) 215-4669,AnthemAZ@anytimefitness.com,Anthem
1092,44.92231,-123.31628,740 Main St,,Dallas,Oregon,US,97338,1024,(503) 623-1131,DallasOR@anytimefitness.com,Dallas
1093,30.49013,-90.74783,29526 Frost Rd,,Livingston,Louisiana,US,70754,899,(225) 686-1178,LivingstonLA@anytimefitness.com,Livingston
1094,41.79246,140.7838,花園町19-1,,函館市,北海道,JP,〒041-0843,JP-1380,0138-82-8010,af_hhanazono373_info@anytimefitness.jp,函館市 (函館花園店)
1095,46.85264,-96.86365,1801 45th St S,,Fargo,North Dakota,US,58103,421,(701) 277-5040,SouthFargo@anytimefitness.com,Fargo (45th St S)
1096,39.98346,-104.824,225 Pavilions Pl,,Brighton,Colorado,US,80601,3659,720-408-9912,BrightonCO@anytimefitness.com,Brighton
1097,35.53111,139.64098,港北区樽町3-2-28 2F,,横浜市,神奈川県,JP,〒222-0001,JP-2699,045-633-7622,af_lgtsunashima935_info@anytimefitness.jp,横浜市 (ライフガーデン綱島店)
1098,-38.14742,144.36196,140 Moorabool Street,,Geelong,Victoria,AU,3220,AU-1193,0477225518,geelong@anytimefitness.com.au,Geelong CBD
1099,38.75106,-108.0492,300 Stafford Ln,,Delta,Colorado,US,81416,1004,(970) 874-5000,DeltaCO@anytimefitness.com,Delta
1100,47.94171,-122.10772,2603 Bickford Ave,,Snohomish,Washington,US,98290,3293,(425) 374-3756,SnohomishWA@anytimefitness.com,Snohomish
1101,-34.62219,138.73921,Gawler Green Shopping Centre,,Evanston,South Australia,AU,5116,AU-1475,08 8522 1196,gawlergreen@anytimefitness.com.au,Gawler Green
1102,28.90363,-81.17207,1382 Howland Blvd,,Deltona,Florida,US,32738,3150,(386) 259-9894,DeltonaFL@anytimefitness.com,Deltona
1103,44.242489,-76.877762,10783 County Rd 2,,Iroquois,Ontario,CA,K7R 3L1,6060,,Iroquois@anytimefitness.ca,Iroquois
1104,30.2713,-82.12282,788 S 6th St,,MacClenny,Florida,US,32063,1247,(904) 397-0370,MacclennyFL@anytimefitness.com,MacClenny
1105,34.8553,135.41697,多田桜木1-4-1 2F,,川西市,兵庫県,JP,〒666-0124,JP-1492,072-744-3000,af_kawanishi481_info@anytimefitness.jp,川西市 (イオンタウン川西店)
1106,-33.59582,150.75106,"Level 1, 10 West Market Street",,Richmond,New South Wales,AU,2753,AU-1303,0452 082 077,richmondnsw@anytimefitness.com.au,Richmond
1107,34.85724,134.67203,田寺7-4-3 1-2F,,姫路市,兵庫県,JP,〒670-0086,JP-1560,079-262-9945,af_himejitadera551_info@anytimefitness.jp,姫路市 (姫路田寺店)
1108,28.58975,-81.7513972,825 North Highway 27,,Minneola,Florida,US,34715,5470,(352) 717-9841,MinneolaFL@anytimefitness.com,Minneola
1109,20.6836,-100.32644,Paseo Tuna 18A Plaza Xentric Local 201,,Queretaro,Querétaro,MX,76269,MX-1026,442 195 15 95,zibata.qro@anytimefitness.com.mx,Querétaro (Zibatá)
1110,-37.87719,145.22244,1332 High Street Road,,Wantirna South,Victoria,AU,3152,AU-1543,0434 435 620,wantirnasouth@anytimefitness.com.au,Wantirna South
1111,43.092239,-88.91509,395 W Tyranena Park Rd,,Lake Mills,Wisconsin,US,53551,3436,(920) 648-2121,LakeMillsWI@anytimefitness.com,Lake Mills
1112,53.53233,-113.98472,3001 43 Ave,,Stony Plain,Alberta,CA,T7Z 0H4,3253,780 903 4977,StonyPlainAB@anytimefitness.ca,Stony Plain
1113,-38.3269,144.31273,39 Baines Crescent,,Torquay,Victoria,AU,3228,AU-1444,0472645537,torquay@anytimefitness.com.au,Torquay
1114,44.30936,-93.29225,1620 17th St NW,,Faribault,Minnesota,US,55021,416,(507) 331-3434,Faribault@anytimefitness.com,Faribault
1115,35.66723,139.89347,北栄1‐11‐24 第2YOSHIDAビル 2F,,浦安市,千葉県,JP,〒279-0002,JP-2715,047-702-8651,af_urayasu950_info@anytimefitness.jp,浦安市 (浦安店)
1116,34.128083,-117.878164,750 W Route 66,,Glendora,California,US,91740,5310,626-629-8827,GlendoraCA@anytimefitness.com,Glendora
1117,42.13884,-83.26404,23796 W Rd,,Brownstown Township,Michigan,US,48183,1048,(734) 675-2447,BrownstownMI@anytimefitness.com,Brownstown Township
1118,39.152901,-76.908779,11850 W Market Place,,Fulton,Maryland,US,20759,5002,443.583.0055,FultonMD@anytimefitness.com,Fulton
1119,33.81027,130.56477,くりえいと1-3-4 1F,,宗像市,福岡県,JP,〒811-4184,JP-1405,0940-62-5168,af_munakata396_info@anytimefitness.jp,宗像市 (くりえいと宗像店)
1120,36.88486,139.97295,太夫塚6-232-8 1F,,那須塩原市,栃木県,JP,〒329-2735,JP-1709,0287-46-5590,af_nishinasuno698_info@anytimefitness.jp,那須塩原市 (西那須野店)
1121,-27.08517,152.94932,60-78 King Street,,Caboolture,Queensland,AU,4510,AU-1057,0402 561 114,caboolture@anytimefitness.com.au,Caboolture
1122,-35.34839,149.08771,92-96 Corinna St,,Phillip,Australian Capital Territory,AU,2606,AU-1100,0431918718,woden@anytimefitness.com.au,Phillip
1123,36.01271,-106.06343,603 Silkey Way ,,Espanola,New Mexico,US,87532,4554,(505) 587-1500,EspanolaNM@anytimefitness.com,Espanola
1124,36.85784,-75.98951,968 Laskin Rd.,,Virginia Beach,Virginia,US,23451,2562,(757) 962-0802,VirginiaBeachVA6@anytimefitness.com,Virginia Beach (Laskin)
1125,1.3552,103.94154,"7 Tampines Grande, Singapore 528736",,Tampines,South East,SG,528736,SG-0151,,TampinesGrande@anytimefitness.sg,Tampines Grande
1126,29.60181,-82.41939,7070 SW Archer Rd,,Gainesville,Florida,US,32608,1114,(352) 338-7722,GainesvilleFL@anytimefitness.com,Gainesville
1127,32.2205,-95.35051,17968 FM 2493,,Flint,Texas,US,75762,2647,(903) 954-2451,FlintTX@anytimefitness.com,Flint
1128,30.298597,-89.75857,544 Robert Blvd,,Slidell,Louisiana,US,70458,4842,985-288-5748 ,SlidellLA2@anytimefitness.com,Slidell
1129,33.76285,130.71513,大字下新入522-2 1F,,直方市,福岡県,JP,〒822-0032,JP-2701,0949-52-6210,af_nogata937_info@anytimefitness.jp,直方市 (直方店)
1130,44.84854,-93.288,8599 Lyndale Ave S,,Bloomington,Minnesota,US,55420,3756,(952) 881-6102,eastbloomingtonmn@anytimefitness.com,Bloomington (East)
1131,30.43623,-90.45414,115 Berryland Shopping Center,,Ponchatoula,Louisiana,US,70454,336,(985) 386-3444,PonchatoulaLA@anytimefitness.com,Ponchatoula (Berryland Shopping Center)
1132,41.69768,-86.18689,4150 A Grape Rd,,Mishawaka,Indiana,US,46545,4595,574-318-3002,MishawakaIN2@AnytimeFitness.com,Mishawaka (McKinley Terrace)
1133,33.56791,130.31482,西区拾六町1-3 2F,,福岡市,福岡県,JP,〒819-0041,JP-1187,092-407-1411,affukushige176_info@anytimefitness.jp,福岡市 (福重店)
1134,34.94882,-80.84742,5090 Ridgeline Ln,,Indian Land,South Carolina,US,29707,3824,(803) 548 9911,IndianLandSC@anytimefitness.com,Indian Land
1135,41.64069,2.71446,"Edificio Comercial Carretera Nacional II Km 6,73, local 12 – 13",,Santa Susanna Barcelona,Catalonia,ES,08398,SP-0064,631 50 22 86,santasusanna@anytimefitness.es,Santa Susanna (Barcelona)
1136,50.96912,-114.08381,9620 Elbow Dr SW,,Calgary,Alberta,CA,T2V 1M2,3023,(403) 255-1200,haysboro@anytimefitness.ca,Calgary (Elbow Dr SW)
1137,-37.78148,144.83296,"Sunshine Plaza, Shop T40 , 324-328 Hampshire Road",,Sunshine,Victoria,AU,3020,AU-1505,03 9311 1020,sunshine@anytimefitness.com.au,Sunshine
1138,26.89254,75.80707,"5th Floor, Pavilion",,Jaipur,Rajasthan,IN,302015,IN-1192,+91 9057403330 +919057403331,bapunagar.jaipur@anytimefitness.in,"Jaipur, Bapu Nagar"
1139,33.57829,130.37661,中央区六本松2-10-3　六本松ロイヤルビル 1-2F,,福岡市,福岡県,JP,〒810-0044,JP-1121,092-406-7415,afropponmatsu88_info@anytimefitness.jp,福岡市 (六本松店)
1140,35.39929,139.53615,戸塚区上倉田町481-1 八恍ビル B1F,,横浜市,神奈川県,JP,〒244-0816,JP-1531,045-392-7980,af_totsuka520_info@anytimefitness.jp,横浜市 (戸塚店)
1141,-34.87604,138.68388,176 Gorge Road,,Newton,South Australia,AU,5074,AU-1644,84268606,newton@anytimefitness.com.au,Newton
1142,44.57335,-93.35344,321 Main St,,Elko-New Market,Minnesota,US,55054,1786,(952) 461-5554,ElkoNewMarketMN@anytimefitness.com,Elko-New Market
1143,43.47054,-80.51354,75 Weber St N,,Waterloo,Ontario,CA,N2J 4S9,1767,226 241 8899,WaterlooON@anytimefitness.ca,Waterloo
1144,-34.88693,138.65785,519 Lower North East Road,,Campbelltown,South Australia,AU,5074,AU-1236,08 8165 3100,campbelltownsa@anytimefitness.com.au,Campbelltown
1145,-27.24152,152.99351,Lillybrook Shopping Village,,Kallangur,Queensland,AU,4503,AU-1353,07 34480110,kallangur@anytimefitness.com.au,Kallangur
1146,34.66416,135.00957,西区伊川谷町有瀬1534-1 1F,,神戸市,兵庫県,JP,〒651-2113,JP-1697,078-940-9803,af_okuradani685_info@anytimefitness.jp,神戸市 (大蔵谷店)
1147,30.82519,-82.0034,3658 S 2nd St,,Folkston,Georgia,US,31537,2197,(912) 496-7200,FolkstonGA@anytimefitness.com,Folkston
1148,27.9028,-81.84278,145 E Van Fleet Dr,,Bartow,Florida,US,33830,4138,863.537.7123,BartowFL@anytimefitness.com,Bartow
1149,62.447029,-114.41084,480 Range Lake Rd,,Yellowknife,Northwest Territories,CA,X1A 3G5,4773,867-873-2424,YellowknifeNT@anytimefitness.ca,Yellowknife
1150,42.02374,-97.43939,2118 Market Ln,,Norfolk,Nebraska,US,68701,237,(402) 371-6600,Norfolk@anytimefitness.com,Norfolk
1151,51.95934,6.28997,C. Missetstraat 49-53,,Doetinchem,Gelderland,NL,7005 AA,NL-1161,+31 (0)314 820 350,doetinchem@anytimefitness.nl,Doetinchem
1152,32.87609,-97.37844,1029 N Saginaw Blvd,,Saginaw,Texas,US,76179,2533,(682) 224-3166,saginawtx@anytimefitness.com,Saginaw
1153,30.19377,-84.37232,635 Wakulla-Arran Rd,,Crawfordville,Florida,US,32327,1416,(850) 926-2010,CrawfordvilleFL@anytimefitness.com,Crawfordville
1154,14.4343,121.04172,"Madison Galeries, 398 Don Jesus Blvd, Cupang, Muntinlupa",,Madison Galeries,Metro Manila,PH,,PH-0141,2570942 / 2570942 / 09753083509,MadisonGaleries@anytimefitness.ph,Madison Galeries
1155,26.27038,73.03752,"3rd Floor, Gk Tower",,Jodhpur,Rajasthan,IN,342002,IN-1079,+919057450000,ratanada.jodhpur@anytimefitness.in,"Jodhpur, Ratanada"
1156,-37.7841,144.93786,36-70 Mt Alexander Road,,Travancore,Victoria,AU,3032,AU-1379,0411 231 115,travancore@anytimefitness.com.au,Travancore
1157,-6.1865,106.8238,"Level 5, Jl. M.H. Thamrin, No.9, RT.2/RW.1, Kb. Sirih",,Kec. Menteng,Jakarta,ID,10340,ID-0015,,MenaraCakrawala@anytimefitness.id,Menara Cakrawala
1158,44.80372,-93.13869,1012 Diffley Rd,,Eagan,Minnesota,US,55123,2563,(651) 688-0324,EaganMN2@anytimefitness.com,Eagan (Diffley Rd)
1159,40.09575,-87.63684,1628 Georgetown Rd,,Tilton,Illinois,US,61833,3230,217-703-1358,TiltonIL@anytimefitness.com,Tilton (South Danville)
1160,-6.18333,106.79621,"Unit LG-01, LG Floor HUB Life Jl. Letjen S. Parman Kav.21 RT 013 RW 001",,Taman Anggrek,Jakarta,ID,,ID-0009,622150105051,TamanAnggrek@anytimefitness.id,Taman Anggrek
1161,29.53505,-98.52179,8055 W Ave,,Castle Hills,Texas,US,78213,3734,(210) 366-9001,CastleHillsTX@anytimefitness.com,Castle Hills
1162,-37.88953,145.04511,"Level 1, 1227 Glen Huntly Road",,Carnegie,Victoria,AU,3163,AU-1392,03 9571 4609,carnegie@anytimefitness.com.au,Carnegie
1163,38.406006,-121.37189,9692 Elk Grove-Florin Rd,,Elk Grove,California,US,95624,4564,916-936-3969,ElkGroveCA@anytimefitness.com,Elk Grove
1164,27.17767,-82.48246,1276 S Tamiami Trail,,Osprey,Florida,US,34229,4727,(941) 441-9600,OspreyFL@anytimefitness.com,Osprey
1165,32.39898,-93.80662,9315 Mansfield Rd,,Shreveport,Louisiana,US,71118,1983,(318) 688-5900,ShreveportLA5@anytimefitness.com,Shreveport (Mansfield Rd)
1166,27.89167,-81.56376,1318 SR 60,,Lake Wales,Florida,US,33853,2827,(863) 678-9999,LakeWalesFL@anytimefitness.com,Lake Wales
1167,28.61854,77.07892,"Ground Floor, First Floor and Second Floor",,Janakpuri,Delhi,IN,110058,IN-1026,+919821808833,c2janakpuri.delhi@anytimefitness.in,"New Delhi, Janakpuri"
1168,35.66194,139.67003,北沢1-40-6 柏サードビル2F,,世田谷区,東京都,JP,〒155-0031,JP-1449,03-5738-8573,af_shimokita448_info@anytimefitness.jp,世田谷区 (下北沢店)
1169,14.57913,120.97846,"3rd Floor YKM Building, United Nations cor. Alhambra Street, Ermita",,Manila,Metro Manila,PH,,PH-0035,0917 5258628,UNAvenue@anytimefitness.ph,UN Avenue
1170,30.3083549,-91.1218509999,745 Hwy 30,,St. Gabriel,Louisiana,US,70776,4808,225-319-7700,StGabrielLA@anytimefitness.com,St. Gabriel
1171,37.75319,-78.8781,81 Callohill Dr,,Lovingston,Virginia,US,22949,1396,(434) 263-5559,LovingstonVA@anytimefitness.com,Lovingston
1172,36.03815,138.10555,高島3-1415-1 1F,,諏訪市,長野県,JP,〒392-0022,JP-2532,0266-75-2636,af_suwa767_info@anytimefitness.jp,諏訪市 (諏訪店)
1173,34.78461,135.53811,岸部中5-1-1　2F,,吹田市,大阪府,JP,〒564-0002,JP-1242,06-6155-9971,af_senrisuita237_info@anytimefitness.jp,吹田市 (千里吹田店)
1174,-33.73417,151.00409,265 Old Northern Road,,Castle Hill,New South Wales,AU,2154,AU-1449,02 9894 6670,castlehillcentral@anytimefitness.com.au,Castle Hill Central
1175,1.43912,103.80263,"31 Woodlands Avenue 6, #05-01/02",,Admiralty,North East,SG,738991,SG-0064,+65 8414 8938,Admiralty@anytimefitness.sg,Admiralty
1176,45.55314,-73.85648,4757 Bd Dagenais O,,Fabreville,Quebec,CA,H7R 1L7,9900019,(450) 627-1100,fabreville@anytimefitness.quebec,Fabreville
1177,14.68473,121.07712,"Roofdeck, The Rock Lifestyle Hub",,Quezon City,Metro Manila,PH,,PH-0008,0917-5666711,HolySpirit@anytimefitness.ph,Quezon City (Holy Spirit)
1178,35.73715,139.48719,美園町1-4-8 美園町ビル 1F,,小平市,東京都,JP,〒187-0041,JP-2832,042-313-6107,af_kodaira1053_info@anytimefitness.jp,小平市 (小平店)
1179,35.68922,139.83049,大島4-7-5　モンテローザケイ 1-2F,,江東区,東京都,JP,〒136-0072,JP-1066,03-5627-6212,afojima62_info@anytimefitness.jp,江東区 (大島店)
1180,-33.76649,151.26793,2002/2004 Dale St,,Brookvale,New South Wales,AU,2100,AU-1011,02 9907 1171,brookvale@anytimefitness.com.au,Brookvale
1181,-33.82959,18.6497,"Shop 8A, The Village Square, c/o Wellington Rd & Chenoweth Street",,Durbanville,Western Cape,ZA,7550,ZA-0002,0713151604,durbanville@anytimefitness.co.za,Durbanville
1182,39.65015,-79.96203,475 Oakland St,,Morgantown,West Virginia,US,26505,3778,(304) 745-2001,MorgantownWV@anytimefitness.com,Morgantown
1183,34.57223,135.60576,沢田1-20-17 1-2F,,藤井寺市,大阪府,JP,〒583-0011,JP-2776,072-959-2640,af_fujiidera1010_info@anytimefitness.jp,藤井寺市 (藤井寺店)
1184,36.39151,140.44877,上水戸3-7-4,,水戸市,茨城県,JP,〒310-0041,JP-2783,029-291-7910,af_kamimito1015_info@anytimefitness.jp,水戸市 (上水戸店)
1185,51.44667,-0.409,1 High Street,,Feltham,Greater London,GB,TW13 4AH,UK-0139,0203 827 8888,feltham@anytimefitness.co.uk,Feltham
1186,34.82194,137.80672,浜北区西中瀬2-15-1 1F,,浜松市,静岡県,JP,〒434-0018,JP-2518,053-588-4335,af_hamakitanakaze753_info@anytimefitness.jp,浜松市 (浜北中瀬店)
1187,35.42181,139.62301,磯子区丸山2-16-18 2F,,横浜市,神奈川県,JP,〒235-0011,JP-1564,045-367-8812,af_isogomaruyama553_info@anytimefitness.jp,横浜市 (磯子丸山店)
1188,48.1922535,-122.1267729,104 S Olympic Ave,,Arlington,Washington,US,98223,4711,(360) 322-6643,ArlingtonWA@anytimefitness.com,Arlington
1189,29.59259,-98.52917,16535 Huebner Rd,,San Antonio,Texas,US,78248,361,(210) 571-9656,Huebner@AnytimeFitness.com,San Antonio (Inwood at Deerfield)
1190,-35.41332,149.12919,1/68 Halley Street,,Chisholm,Australian Capital Territory,AU,2905,AU-1284,02 62922846,chisholm@anytimefitness.com.au,Chisholm
1191,53.42426,-113.4445,6929 Ellerslie Rd SW,,Edmonton,Alberta,CA,T6X 1A3,3833,780 705 7240,Summerside@AnytimeFitness.ca,Edmonton (Ellerslie)
1192,35.70695,139.7802,台東4-27-5　秀和御徒町ビル B1,,台東区,東京都,JP,〒110-0016,JP-1123,03-5826-8320,afnokachimachi121_info@anytimefitness.jp,台東区 (新御徒町店)
1193,13.08648,80.21546,"Plot Number 3978, 2nd Floor, S-Block, 6th Avenue, Anna Nagar, Chennai, Tamil Nadu-600040",,Chennai,Tamil Nadu,IN,600040,IN-1007,+918124087777,annanagar.chennai@anytimefitness.in,"Chennai, Annanagar"
1194,22.27542,114.18242,"1/F OfficePlus@Wan Chai, 303 Hennessy Rd, Wan Chai, Hong Kong",,Wan Chai,HONG KONG ISLAND,HK,000000,HK-0038,+852 9889 0272,WanChai@anytimefitness.hk,Wan Chai
1195,35.05511,-106.73819,9550 Sage Rd SW,,Albuquerque,New Mexico,US,87121,1051,(505) 821-9850,AlbuquerqueNM2@anytimefitness.com,Albuquerque (Sage Rd SW)
1196,35.110116,-81.228804,134 South Main Street,,Clover,South Carolina,US,29710,5342,803.630.8807,CloverSC@anytimefitness.com,Clover
1197,36.55135,139.9026,城東 2-2-25 1-2F,,宇都宮市,栃木県,JP,〒321-0935,JP-1342,028-680-6067,af_utjoto333_info@anytimefitness.jp,宇都宮市 (宇都宮城東店)
1198,26.34369,127.82257,東1-32-5 1F,,沖縄市,沖縄県,JP,〒904-2154,JP-2668,098-923-3805,af_okinawamisato904_info@anytimefitness.jp,沖縄市 (沖縄美里店)
1199,38.350155,-90.984581, 335 N. Commercial Ave.,,St. Clair,Missouri,US,63077,5119,636-322-1055,StClairMO@anytimefitness.com,St. Clair
1200,28.56393,77.33885,"14/1, Basement & Ground Floor",,Noida,Uttar Pradesh,IN,201301,IN-1125,"+918881881822, +918881881821",37.noida@anytimefitness.in,"Noida, Sector 37, Uttar Pradesh"
1201,36.82442,137.41436,吉島226-1 1F,,魚津市,富山県,JP,〒937-0041,JP-1608,0765-32-3105,af_uozu596_info@anytimefitness.jp,魚津市 (魚津店)
1202,20.66181,-103.42413,Avenida Patria 798,,Zapopan,Jalisco,MX,45030,MX-1122,3327679239,laestancia.zapopan@anytimefitness.com.mx,Zapopan (La Estancia)
1203,-27.5406,152.95357,Part of Tenancy 2 / 532 Seventeen Mile Rocks Road,,Sinnamon Park,Queensland,AU,4073,AU-1561,0497706949,sinnamonpark@anytimefitness.com.au,Sinnamon Park
1204,38.73328,-77.55157,10350 Bristow Ctr Dr,,Bristow,Virginia,US,20136,800,(571) 261-9661,BristowVA@anytimefitness.com,Bristow
1205,37.66085,-92.66729,1300 W Elm St,,Lebanon,Missouri,US,65536,1305,(417) 991-2525,LebanonMO@anytimefitness.com,Lebanon
1206,21.09313,-101.6244,"Boulevard Aeropuerto No. 104, Cerrito Juárez",,Leon,Guanajuato,MX,37530,MX-1053,4775577840,plazaaltacia.leon@anytimefitness.com.mx,León (Altacia)
1207,-27.55881,151.95356,323 Ruthven Street,,Toowoomba,Queensland,AU,4350,AU-1196,07 4613 1177,toowoomba@anytimefitness.com.au,Toowoomba
1208,34.75276,-86.71518,1874 Slaughter Rd.,,Madison,Alabama,US,35758,141,(256) 325-0016,Madison@anytimefitness.com,Madison
1209,1.36888,103.94451,Unit #02-12/13/14 Komo Shoppes 963C Upper Changi Rd N. Singapore 506790,,District 19,North East,SG,507663,SG-0145,,UpperChangi@anytimefitness.sg,Upper Changi
1210,26.13977,127.67333,兼城400番地 1F,,糸満市,沖縄県,JP,〒901-0303,JP-2798,098-996-2456,af_itoman1029_info@anytimefitness.jp,糸満市 (糸満店)
1211,46.44806,-120.42216,220 W 1st St,,Wapato,Washington,US,98951,3744,(509) 584-0202,WapatoWA@anytimefitness.com,Wapato
1212,1.37029,103.89511,1187 Upper Serangoon Road #B1-01 The Midtown,,Hougang Central 2,Central Singapore,SG,533971,SG-0074,+65 9275 6373,hougangcentral@anytimefitness.sg,Hougang Central
1213,32.661521,-116.970173,2322 Proctor Valley Rd,,Chula Vista,California,US,91914,3919,619-796-7777,ChulaVistaCA@anytimefitness.com,Chula Vista
1214,35.8275207,-106.2063997,35 Rover Blvd,,White Rock,New Mexico,US,87547,5371,505-393-3933,WhiteRockNM@anytimefitness.com,White Rock
1215,34.61417,135.48149,住之江区東加賀屋4-6-19　 2F,,大阪市,大阪府,JP,〒559-0012,JP-1220,06-4703-3547,afhigashikagaya208_info@anytimefitness.jp,大阪市 (東加賀屋店)
1216,32.4254,-104.22357,400-2 Cascades Ave,,Carlsbad,New Mexico,US,88220,3817,(575) 689-1156,CarlsbadNM@anytimefitness.com,Carlsbad
1217,32.65733,-115.45007,"Calzada Cuauhtémoc, número 100",,Mexicali,Baja California,MX,21230,MX-1123,6862020699,plazasol.mexicali@anytimefitness.com.mx,Mexicali (Plaza Sol)
1218,23.40666,85.31509,"4th Floor, Plot No. 967,968 & 970",,Ranchi,Jharkhand,IN,834008,IN-1111,+919693136668,kanke.ranchi@anytimefitness.in,"Ranchi, Kanke Road"
1219,-25.2885,152.8335,"Central Plaza 2, 11 Central Avenue",,Hervey Bay,Queensland,AU,4655,AU-1724,0433 202 924,herveybay@anytimefitness.com.au,Hervey Bay
1220,35.98714,140.14055,田宮2-28-1 1F,,牛久市,茨城県,JP,〒300-1237,JP-2815,029-846-2317,af_ushiku1046_info@anytimefitness.jp,牛久市 (牛久店)
1221,35.61269,139.71289,中延1丁目5-7,,品川区,東京都,JP,〒142-0053,JP-3016,,af_shinagawanakanobu1227_info@anytimefitness.jp,品川区 (品川中延店)
1222,34.39816,132.44397,中区西十日市町10-15　ＮＴＴ西日本十日市ビル,,広島市,広島県,JP,〒730-0806,JP-1223,082-275-5581,afhiroshimant211_info@anytimefitness.jp,広島市 (広島十日市店)
1223,49.1412,-122.85816,103 - 13177 76 Ave,,Surrey,British Columbia,CA,V3W 2V7,6020,778 504 2210,surrey76ave@anytimefitness.ca,Surrey (76 Ave)
1224,-27.92394,153.33349,Shop 24a Helensvale Plaza,,Helensvale,Queensland,AU,4212,AU-1503,0483130107,helensvale@anytimefitness.com.au,Helensvale
1225,19.25269,-103.72251,Av. De los Maestros #108 local 8,,Colima,Colima,MX,28037,MX-1073,312 159 7818,plazastad.colima@anytimefitness.com.mx,Colima (Plaza Stahl)
1226,29.91125,-90.00053,5163 General Degaulle,,Algiers,Louisiana,US,70131,327,(504) 394-0086,AlgiersLA@anytimefitness.com,Algiers
1227,53.55703,-113.50199,10521 Kingsway Ave,,Edmonton,Alberta,CA,T5H 4K1,3844,780 757 3484,manikb7892@gmail.com,Edmonton (Kingsway)
1228,51.80122,-0.20459,Unit 54,,Welwyn Garden City,East of England,GB,AL8 6HA,UK-0041,01707 830247,welwyngardencity@anytimefitness.co.uk,Welwyn Garden City
1229,35.74376,139.88315,北小岩6-8-15 フィルパーク京成小岩 2-3F,,江戸川区,東京都,JP,〒133-0051,JP-1248,03-6657-8782,af_kkoiwa246_info@anytimefitness.jp,江戸川区 (京成小岩店)
1230,-37.7411,144.96538,114 Bell Street,,Coburg,Victoria,AU,3058,AU-1356,0457 442 282,coburg@anytimefitness.com.au,Coburg
1231,46.13262,-92.86638,418 Main St,,Sandstone,Minnesota,US,55072,3823,(320) 245-3191,SandstoneMN@anytimefitness.com,Sandstone
1232,35.4936,139.64651,神奈川区神之木町1-6 プラザ大口 1F,,横浜市,神奈川県,JP,〒221-0015,JP-1568,045-718-5141,af_oguchi556_info@anytimefitness.jp,横浜市 (大口店)
1233,34.65869,133.99712,東区益野町15-1 1-2F,,岡山市,岡山県,JP,〒704-8175,JP-2781,086-206-6922,af_masuno1013_info@anytimefitness.jp,岡山市 (岡山益野店)
1234,-38.35846,144.89548,1253-1255 Point Nepean Road,,Rosebud,Victoria,AU,3939,AU-1313,03 5981 1002,rosebud@anytimefitness.com.au,Rosebud
1235,51.14469,5.88432,Havenzicht 2,,Maasbracht,Limburg,NL,6051 EC,NL-1004,+ 31 (0) 475-432041,maasbracht@anytimefitness.nl,Maasbracht
1236,34.74162,134.84482,野口町長砂1180-1 1F,,加古川市,兵庫県,JP,〒675-0016,JP-2764,079-451-6701,af_kakogawa999_info@anytimefitness.jp,加古川市 (加古川店)
1237,3.05376,101.78999,"Mahkota Sentral, Jalan Temenggung 21/9, Bandar Mahkota Cheras, 43200 Cheras, Selangor, Malaysia",,Cheras,Selangor,MY,43200,MY-0114,,BandarMahkotaCheras@anytimefitness.my,Bandar Mahkota Cheras
1238,10.33517,123.93399,"3rd Floor SM City J Mall, AS Fortuna St., Mandaue City, Cebu",,Mandaue,Cebu,PH,,PH-0231,,SMJMall@anytimefitness.ph,SM J Mall
1239,51.17153,5.8746,Sint Antoniusstraat 26,,Panheel,Limburg,NL,6097 ND,NL-1065,+31 475 432 034,panheel@anytimefitness.nl,Panheel
1240,33.59454,-96.19308,1909 N Hwy 121,,Bonham,Texas,US,75418,3826,(903) 486-6979,BonhamTX@anytimefitness.com,Bonham
1241,35.69611,139.70774,新宿6-27-28 コンフォリア新宿イーストサイドタワーアネックス棟 1F,,新宿区,東京都,JP,〒160-0022,JP-2555,03-6457-3152,af_shinjuku6790_info@anytimefitness.jp,新宿区 (新宿6丁目店)
1242,40.75984,-84.14342,2119 Elida Rd,,Lima,Ohio,US,45805,2046,(419) 221-0030,LimaOH@anytimefitness.com,Lima
1243,45.34517,-84.97161,2170 Anderson Rd,,Petoskey,Michigan,US,49770,2442,(231) 348-2500,PetoskeyMI@anytimefitness.com,Petoskey
1244,33.8886,-84.38243,4920 Roswell Rd NE,,Atlanta,Georgia,US,30342,3848,404-343-6017 ,AtlantaGA2@anytimefitness.com,Atlanta (North Buckhead)
1245,50.77342,6.0156,Maastrichterlaan 160a,,Vaals,Limburg,NL,6291 EW,NL-1046,+31 (0)43 20 300 50,vaals@anytimefitness.nl,Vaals
1246,43.674,-79.46994,30 Weston Rd,,Toronto,Ontario,CA,M6N 5H3,3764,647 793 4997,TorontoStockyard@anytimefitness.ca,Toronto (Stockyard)
1247,40.54011,-79.7937,1312 Pittsburgh St,,Cheswick,Pennsylvania,US,15024,3864,(724) 826-5466,CheswickPA@anytimefitness.com,Cheswick
1248,14.33279,121.0823,"83MJ+4W7, Manila S Rd, Biñan, Laguna",,Biñan,Laguna,PH,,PH-0214,,CentralMallBinan@anytimefitness.ph,Central Mall Binan
1249,51.83141,4.14775,Struytse Hoeck 55e,,Hellevoetsluis,Zuid-Holland,NL,3224 HA,NL-1115,+31 18 1200004,hellevoetsluis@anytimefitness.nl,Hellevoetsluis
1250,42.074419,-78.461828,2801 W State St,,Olean,New York,US,14760,4884,(814) 427-8036,OleanNY@anytimefitness.com,Olean
1251,37.49649,127.03927,서울특별시 강남구 논현로 406,,서울 역삼,서울,KR,06224,KR-0005,+82269561320,info@anytimefitness.co.kr,서울 역삼
1252,42.28581,-89.02714,1663 North Alpine Road,,Rockford,Illinois,US,61107,64,(815) 986-0676,RockfordIL@anytimefitness.com,Rockford (Edgebrook Plaza)
1253,45.246523,-93.671399,6415 Labeaux Ave NE,,Albertville,Minnesota,US,55301,62,(763) 276-7476,info.albertville@anytimefitness.com,Albertville
1254,1.49618,103.87178,"6k, Jln Suria, Bandar Baru Seri Alam, Masai, 81750, Johor, Malaysia",,Masai,Johor,MY,81750,MY-0034,,SeriAlam@anytimefitness.my,Seri Alam
1255,-37.27837,142.93988,35 Baird Street,,Ararat,Victoria,AU,3377,AU-1539,03 5352 5000,ararat@anytimefitness.com.au,Ararat
1256,34.67017,134.95572,藤江862-1 2F,,明石市,兵庫県,JP,〒673-0044,JP-2788,078-940-9306,af_akashifujie1020_info@anytimefitness.jp,明石市 (明石藤江店)
1257,-33.92557,151.05832,1 The Broadway,,Punchbowl,New South Wales,AU,2196,AU-1312,02 8599 2047,punchbowl@anytimefitness.com.au,Punchbowl
1258,41.13699,-100.75998,310 E 5th St,,North Platte,Nebraska,US,69101,3867,(308) 221-6677,NorthPlatteNE@anytimefitness.com,North Platte
1259,28.40136,77.01993,M3M Broadway Sector 71,,Gurgaon,Haryana,IN,122004,IN-1156,"+91 9289842555, +91 9289843555",71.gurgaon@anytimefitness.in,"Gurgaon, Sector 71"
1260,35.77702,139.63209,成増2-15-18　成増プライム 4F,,板橋区,東京都,JP,〒175-0094,JP-1231,03-6915-6850,afnarimasu218_info@anytimefitness.jp,板橋区 (成増店)
1261,-33.89983,150.99309,753 Hume Highway,,Bass Hill,New South Wales,AU,2197,AU-1409,0481 333 403,bass.hill@anytimefitness.com.au,Bass Hill
1262,35.81702,139.66743,新曽802-2 1F,,戸田市,埼玉県,JP,〒335-0021,JP-1614,048-446-6723,af_toda603_info@anytimefitness.jp,戸田市 (戸田店)
1263,52.04534,4.39324,Markt 1,,Nootdorp,Zuid-Holland,NL,2631 ED,NL-1023,+31 15 20 33 016,nootdorp@anytimefitness.nl,Nootdorp
1264,-33.85035,151.03179,"Auburn Central, Shop 29-32,",,Auburn,New South Wales,AU,2144,AU-1148,02 9643 5963,auburn@anytimefitness.com.au,Auburn
1265,44.73135,-93.19915,6520 150th St W,,Apple Valley,Minnesota,US,55124,165,(952) 432-0100,AppleValley@anytimefitness.com,Apple Valley
1266,35.53694,139.63427,港北区綱島西1-6-6　アーバンシュロス綱島 2F,,横浜市,神奈川県,JP,〒223-0053,JP-1193,045-834-8355,aftsunashima188_info@anytimefitness.jp,横浜市 (綱島店)
1267,45.45128,-75.48425,2272 Tenth Line,,Ottawa,Ontario,CA,K4A 3W6,3485,613 424 6900,OttawaON7@anytimefitness.ca,Ottawa
1268,43.53051,-79.61609,1150 Lorne Park Rd,,Mississauga,Ontario,CA,L5H 3A7,2635,905 271 3300,MississaugaON@anytimefitness.ca,Mississauga (Lorne Park)
1269,34.86428,136.54784,道伯5-23-32 1-2F,,鈴鹿市,三重県,JP,〒513-0823,JP-1530,059-367-7266,af_suzuka519_info@anytimefitness.jp,鈴鹿市 (三重鈴鹿店)
1270,3.06951,101.69237,"2-2 and 2-3, Jalan Radin Bagus, 9, Bandar Sri Petaling",,Sri Petaling,Kuala Lumpur,MY,57000,MY-0064,+60127723715,SriPetaling@anytimefitness.my,Sri Petaling
1271,35.65068,139.69033,青葉台3-17-13　鉄信ビル1Ｆ 1F,,目黒区,東京都,JP,〒153-0042,JP-1021,03-5428-3336,afnakame-ohashi17_info@anytimefitness.jp,目黒区 (中目黒池尻大橋店)
1272,51.54554,-0.07519,568 Kingsland Road,,London,Greater London,GB,E8 4AH,UK-0162,0203 475 3753,dalston@anytimefitness.co.uk,London (Dalston)
1273,35.63417,139.71489,上大崎2-27-1 サンフェリスタ目黒ビル 3F,,品川区,東京都,JP,〒141-0021,JP-2793,03-6275-4908,af_meguro1025_info@anytimefitness.jp,品川区 (目黒店)
1274,46.91109,-96.78892,2614 N Broadway,,Fargo,North Dakota,US,58102,422,(701) 239-1781,NorthFargo@anytimefitness.com,Fargo
1275,1.27626,103.84655,"10 Anson Road, International Plaza, #03-41",,Singapore,Central Singapore,SG,079903,SG-0007,+65 9477 1182,tanjongpagar@anytimefitness.sg,Tanjong Pagar
1276,54.57428,-5.93182,Crannog House,,Belfast,Northern Ireland,GB,BT9 5FL,UK-0345,02890 994928,stranmillis@anytimefitness.co.uk,Stranmillis
1277,13.61633,123.19591,"M Plaza Roxas Avenue, Naga City",,M Plaza Naga,Camarines Sur,PH,4400,PH-0181,0928 898 3522,MPlazaNaga@anytimefitness.ph,M Plaza Naga
1278,45.13464,-76.14049,80 Lansdowne Ave,,Carleton Place,Ontario,CA,K7C 2T7,4318,613 434 1599,CarletonPlaceON@anytimefitness.ca,Carleton Place
1279,24.7956,125.2929,平良西里1003-1 2F,,宮古島市,沖縄県,JP,〒906-0012,JP-2753,0980-79-0680,af_miyakojima988_info@anytimefitness.jp,宮古島市 (宮古島店)
1280,41.94225,12.4715,Via Flaminia Vecchia 575,,Roma,Roma,IT,00191,IT-0030,3801291815,RomaFleming@anytimefitness.it,Roma (Fleming)
1281,3.17679,101.48796,"GF-87a, No.5 & No. 7, Persiaran Garcinia, Seksyen U15, Shah Alam, 40170, Selangor",,Shah Alam,Selangor,MY,,MY-0094,,Elmina@anytimefitness.my,Elmina
1282,14.58014,121.05316,"SMDC Fame Mall, Edsa and Mayflower Street, Barangay Highway Hills",,Mandaluyong,Metro Manila,PH,1550,PH-0207,,SMDCFame@anytimefitness.ph,SMDC Fame
1283,33.57968,130.42437,博多駅南3丁目17-19,,福岡市博多区,福岡県,JP,〒812-0016,JP-3032,092-292-6640,af_hakataekiminami31242_info@anytimefitness.jp,福岡市 (博多駅南3丁目店)
1284,38.582922,-77.766182,6394 Village Center Dr.,,Bealeton,Virginia,US,22712,3890,(540) 340-4898,BealetonVA@anytimefitness.com,Bealeton
1285,51.5664,0.13305,22 - 24 Freshwater Road,,London,Greater London,GB,RM8 1RY,UK-0152,02034757176,chadwellheath@anytimefitness.co.uk,London (Chadwell Heath)
1286,46.87486,-96.72364,1710 Center Ave,,Dilworth,Minnesota,US,56529,89,(218) 227-0010,Moorhead@anytimefitness.com,Dilworth
1287,51.181575,-114.094781,Symons Valley Pkwy NW & 14 St NW,,Calgary,Alberta,CA,T3P,5205,,CalgaryAB25@anytimefitness.ca,Calgary
1288,33.64537,130.67945,片島1-5-32 1F,,飯塚市,福岡県,JP,〒820-0068,JP-2583,0948-52-3121,af_iizuka819_info@anytimefitness.jp,飯塚市 (飯塚片島店)
1289,36.32956,139.09299,新堀町1047 1F,,前橋市,群馬県,JP,〒379-2143,JP-1577,027-289-5984,af_maebashiminami566_info@anytimefitness.jp,前橋市 (前橋みなみモール店)
1290,30.6265,-90.18732,82205 Orange St,,Folsom,Louisiana,US,70437,2672,(985) 796-1050,FolsomLA@anytimefitness.com,Folsom
1291,51.69542,5.21784,De Akker 60,,Vlijmen,Noord-Brabant,NL,5251 CB,NL-1180,+31 73 303 56 54,vlijmen@anytimefitness.nl,Vlijmen
1292,22.28919,114.194,"G/F, 7 Fuk Yuen street,  Rialto Mansion, 177-191 Rialto Mansion,",,Fortress Hill,HONG KONG ISLAND,HK,,HK-0031,+852 69253611,FortressHill@anytimefitness.hk,Fortress Hill
1293,-34.06667,151.01421,24-28 Station Street,,Engadine,New South Wales,AU,2233,AU-1254,02 9548 6006,engadine@anytimefitness.com.au,Engadine
1294,38.72284,-121.2084,9711 Vlg Ctr Dr,,Granite Bay,California,US,95746,2363,(916) 786-3999,GraniteBayCA@anytimefitness.com,Granite Bay
1295,33.218377224,-117.22697404,1280 E Vista Way,,Vista,California,US,92084,4838,760-691-2121,VistaCA@anytimefitness.com,Vista
1296,35.57788,139.57106,宮前区鷺沼1-18-10 フレンドベース 1F,,川崎市,神奈川県,JP,〒216-0004,JP-2998,044-920-8125,af_saginuma1209_info@anytimefitness.jp,川崎市 (鷺沼店)
1297,14.55734,121.01334,"2nd floor Paseo De Roces Don Chino Roces Pio del Pilar,",,Makati City,Metro Manila,PH,,PH-0087,09270165876,ChinoRoces@anytimefitness.ph,Chino Roces Makati
1298,30.78477,-81.64666,109 Haddock Rd,,Kingsland,Georgia,US,31548,1806,(912) 882-5500,KingslandGA@anytimefitness.com,Kingsland
1299,33.39368,130.54788,小郡1274-1 1-2F,,小郡市,福岡県,JP,〒838-0141,JP-1522,0942-65-7676,af_ogori514_info@anytimefitness.jp,小郡市 (福岡小郡店)
1300,39.6344,-86.08478,997 E County Line Rd,,Greenwood,Indiana,US,46143               ,1223,(317) 300-1335,GreenwoodIN@anytimefitness.com,Greenwood
1301,36.2208,139.18331,早稲田の杜2-1-1 1F,,本庄市,埼玉県,JP,〒367-0030,JP-2569,0495-71-7974,af_honjowaseda805_info@anytimefitness.jp,本庄市 (本庄早稲田店)
1302,36.68981,137.25168,経堂3-2-27,,富山市,富山県,JP,〒930-0951,JP-1394,076-464-3390,af_tkyodo385_info@anytimefitness.jp,富山市 (富山経堂店)
1303,3.14675,101.61483,"Lot G.01 (Ground Floor), KPMG Tower, 8 First Avenue Bandar Utama",,Petaling Jaya,Selangor,MY,,MY-0100,,KPMGBandarUtama@anytimefitness.my,KPMG Bandar Utama
1304,22.48773,114.14318,"Shop G16, G/F, Dawning Views Shopping Plaza, 23 Yat Ming Road, Fanling, N.T.,",,Fanling,NEW TERRITORIES,HK,,HK-0036,+852 9883 3028,Fanling@anytimefitness.hk,Fanling
1305,30.61851,-81.51609,474285 E. State Rd. 200,,Fernandina Beach,Florida,US,32034,2800,(904) 432-8120,FernandinaBeachFL2@anytimefitness.com,Fernandina Beach
1306,-27.61637,152.75835,"165 Brisbane Street, Ipswich",,Ipswich,Queensland,AU,4305,AU-1771,0499011132,ipswichcbd@anytimefitness.com.au,Ipswich CBD
1307,33.07335,-97.11352,7160 Justin Rd,,Lantana,Texas,US,76226,3892,940-584-0961,LantanaTX@anytimefitness.com,Lantana
1308,43.17898,-80.38557,1084 Rest Acres Rd,,Paris,Ontario,CA,N3L 0B5,3960,519 302 2333,ParisON@anytimefitness.ca,Paris
1309,36.565,136.62601,入江2-9-1 2F,,金沢市,石川県,JP,〒921-8011,JP-1415,076-272-8510,af_kanairie400_info@anytimefitness.jp,金沢市 (金沢入江店)
1310,52.26073,6.22327,Johan Wagenaarlaan 1,,Deventer-Vijfhoek,Overijssel,NL,7425 GB,NL-1091,+31 570 200 103,Deventer-vijfhoek@anytimefitness.nl,Deventer-Vijfhoek
1311,35.69161,139.76578,内神田1-15-2 神田オーシャンビル B1F,,千代田区,東京都,JP,〒101-0047,JP-2735,03-6273-7017,af_uchikanda970_info@anytimefitness.jp,千代田区 (内神田店)
1312,39.3397,141.11561,村崎野21地割125-1 村崎野NEILo 2F,,北上市,岩手県,JP,〒024-0004,JP-2984,0197-62-8085,af_tdkmurasakino1195_info@anytimefitness.jp,北上市 (村崎野NEILo店)
1313,-37.90315,144.66117,49 Synnot Street,,Werribee,Victoria,AU,3030,AU-1235,03 9731 7934,werribee@anytimefitness.com.au,Werribee
1314,-37.83836,144.69024,Tarneit Central Shopping Centre,,Tarneit,Victoria,AU,3029,AU-1520,0477007803,tarneit@anytimefitness.com.au,Tarneit
1315,37.24028,-81.25209,537 Commerce Dr,,Bluefield,Virginia,US,24605,3909,276-322-7781,BluefieldVA@anytimefitness.com,Bluefield
1316,-37.82198,145.02749,152 Burwood Road,,Hawthorn,Victoria,AU,3122,AU-1485,0476 034 532,hawthorn@anytimefitness.com.au,Hawthorn
1317,34.67236,135.53279,東成区東小橋1-11-48　ビエラ玉造 1F,,大阪市,大阪府,JP,〒537-0024,JP-1042,06-6975-6595,aftamatsukuri38_info@anytimefitness.jp,大阪市 (玉造店)
1318,33.69512,-111.91608,7679 E Pinnacle Peak Rd,,Scottsdale,Arizona,US,85255,3937,(480) 689-5997,ScottsdaleAZ3@anytimefitness.com,Scottsdale
1319,-32.02139,115.83265,761 Canning Highway,,Applecross,Western Australia,AU,6153,AU-1350,0439 318 942,applecross@anytimefitness.com.au,Applecross
1320,32.749736,-117.167243,365 W Washington St,,San Diego,California,US,92103,5249,(619) 837-8378,MissionHillsCA@anytimefitness.com,San Diego
1321,35.51405,139.53801,緑区台村町329-3 ゆたかビル 3F,,横浜市,神奈川県,JP,〒226-0014,JP-2835,045-482-5944,af_nakayama1056_info@anytimefitness.jp,横浜市 (中山店)
1322,40.38099,-105.09849,1107 Eagle Dr,,Loveland,Colorado,US,80537,3954,(970) 669-1059,LovelandCO@anytimefitness.com,Loveland
1323,28.19595,-81.29468,3380 Canoe Crk. Rd.,,St. Cloud,Florida,US,34772,3147,(407) 891-9111,StCloudFL@anytimefitness.com,St. Cloud
1324,22.31134,114.22184,"Shop 1,1/F, Two Sky Parc, 51 Hung To Road Kwun Tong, KOWLOON",,Kwun Tong,KOWLOON,HK,,HK-0007,+852 6121 0138,KwunTong@anytimefitness.hk,Kwun Tong
1325,33.70265,130.44031,美咲3-12-1 2F,,糟屋郡新宮町,福岡県,JP,〒811-0121,JP-1491,092-719-1117,af_shingumisaki482_info@anytimefitness.jp,新宮町 (新宮美咲店)
1326,28.58401,77.05559,2nd & 3rd Floor Antriksh Plaza,,New Delhi,Delhi,IN,110075,IN-1117,+91 8920346374,dwarka10.delhi@anytimefitness.in,"New Delhi, Dwarka 10"
1327,35.73471,139.97692,上山町2-425-1 1-2F,,船橋市,千葉県,JP,〒273-0046,JP-2838,047-404-9516,af_hoten1059_info@anytimefitness.jp,船橋市 (船橋法典店)
1328,41.56388,-88.25756,7166 Caton Farm Rd,,Plainfield,Illinois,US,60586,3959,(815) 733-5172,PlainfieldIL@anytimefitness.com,Plainfield
1329,22.34824,114.20057,"Shop Nos. 703B - 703D, 706A, 7/F, Tsz Wan Shan Shopping Centre, 23 Yuk Wah Street",,Tsz Wan Shan,KOWLOON,HK,,HK-0029,+852 6121 9527,TszWanShan@anytimefitness.hk,Tsz Wan Shan
1330,36.605,138.16839,稲里町中央4-5-22 2F,,長野市,長野県,JP,〒381-2217,JP-1354,026-462-0002,af_naganos345_info@anytimefitness.jp,長野市 (長野南店)
1331,40.91172,14.74871,SS374 Parco Commerciale Movieplex,,Mercogliano,Avellino,IT,83013,IT-0057,3443423502,mercogliano@anytimefitness.it,Mercogliano
1332,-28.21963,152.03489,Lot 3 Building 2 / 74-80 Albion Street,,Warwick,Queensland,AU,4370,AU-1735,0466 522 209,warwick@anytimefitness.com.au,Warwick
1333,46.374166,-120.321079,425 S Elm St,,Toppenish,Washington,US,98948,3972,(509) 314-6677,ToppenishWA@anytimefitness.com,Toppenish
1334,36.59953,136.68007,神谷内町二24-1 1F,,金沢市,石川県,JP,〒920-0801,JP-1485,076-201-8516,af_kanakamiyachi476_info@anytimefitness.jp,金沢市 (金沢神谷内店)
1335,3.18719,101.63575,"G-3-8 Plaza Arkadia, No. 3 Jalan Intisari Perdana Desa Park City, 52200 Kuala Lumpur",,Kuala Lumpur,Kuala Lumpur,MY,52200,MY-0067,012-986 7913,DesaPark@anytimefitness.my,Desa Park
1336,35.32984,139.46961,本鵠沼3-12-33 ベルプラザ 2F,,藤沢市,神奈川県,JP,〒251-0028,JP-2922,0466-52-5290,af_honkugenuma1133_info@anytimefitness.jp,藤沢市 (本鵠沼店)
1337,28.64786,77.11772,C-33 Ground Floor,,New Delhi,Delhi,IN,110027,IN-1139,+919717173707,c33rajouri.delhi@anytimefitness.in,"New Delhi, Rajouri"
1338,51.08668,-114.12951,3820 Brentwood Rd NW,,Calgary,Alberta,CA,T2L 1K8,3403,403 454 3415,Calgary.brentwood@anytimefitness.ca,Calgary (Brentwood)
1339,51.90688,4.49605,Laan op Zuid 65,,Rotterdam (Kop van Zuid),Zuid-Holland,NL,3072 DB,NL-1014,+31 (0)85 77 31 803,kopvanzuid@anytimefitness.nl,Rotterdam (Kop van Zuid)
1340,36.1858,140.30114,東光台2-1-44 1F,,石岡市,茨城県,JP,〒315-0033,JP-2543,0299-56-5127,af_ishioka778_info@anytimefitness.jp,石岡市 (石岡店)
1341,32.74521,-116.93233,2650 Jamacha Rd,,El Cajon,California,US,92019,3996,(619) 741-3211,ElCajonCA@anytimefitness.com,El Cajon (Rancho San Diego)
1342,38.36159,140.87325,富ケ丘1-20-7 1F,,富谷市,宮城県,JP,〒981-3352,JP-1700,022-779-7071,af_tomiya688_info@anytimefitness.jp,富谷市 (富谷店)
1343,35.93659,139.77282,千間台西1-13-5 第一千間台ビル 2F,,越谷市,埼玉県,JP,〒343-0041,JP-1498,048-971-9730,af_sengendai488_info@anytimefitness.jp,越谷市 (せんげん台店)
1344,49.524619,-115.75108,1500 Cranbrook St N,,Cranbrook,British Columbia,CA,V1C 358,4540,888 261 8758,CranbrookBC@anytimefitness.ca,Cranbrook
1345,51.8479,4.5004,Middeldijkerplein 93-95,,Barendrecht,Zuid-Holland,NL,2993 DL,NL-1096,+31 180 200 202,barendrecht@anytimefitness.nl,Barendrecht
1346,33.24729,-111.5616,40601 N Gantzel Rd,,San Tan Valley,Arizona,US,85140,1654,(480) 677-3637,SanTanValleyAZ@anytimefitness.com,San Tan Valley (N Gantzel Rd)
1347,32.2707,-81.22811,501 N Ridge St,,Rincon,Georgia,US,31326,3998,(912) 295-5630,RinconGA@anytimefitness.com,Rincon
1348,1.37626,103.77068,"Unit #03-01, Bukit Panjang Community Club, 8 Pending Road",,Bukit Panjang CC,Central Singapore,SG,,SG-0092,97264881,BukitPanjang@anytimefitness.sg,Bukit Panjang CC
1349,-32.93766,151.71089,"Unit 5, 6 Bradford Close",,Kotara,New South Wales,AU,2289,AU-1085,02 4952 4600,kotara@anytimefitness.com.au,Kotara
1350,32.901362,-96.458858,2318 Greencrest Blvd,,Rockwall,Texas,US,75087,3220,(972) 722-4441,RockwallTX@anytimefitness.com,Rockwall
1351,1.37833,103.75573,"Blk 26 Teck Whye Lane, #01-180 & #01-182",,Choa Chu Kang,North West,SG,680026,SG-0147,,TeckWhye@anytimefitness.sg,Teck Whye
1352,23.48312,120.46306,"嘉義市西區中山路392號 (No. 392, Zhongshan Rd., West Dist., Chiayi City)",,嘉義市 (Chiayi city),嘉義縣,TW,,TW-0025,05 - 228 - 8919,ChiayiZhongShan@anytimefitness.tw,嘉義中山店ZhongShan (Chiayi)
1353,35.44256,140.00319,蔵波台7-9-9 1F,,袖ケ浦市,千葉県,JP,〒299-0245,JP-2868,0438-42-1562,af_kuranami1079_info@anytimefitness.jp,袖ヶ浦市 (袖ヶ浦蔵波店)
1354,35.942443,-84.165088,10926 Spring Bluff Way,,Knoxville,Tennessee,US,37932,4670,865.299.6385,KnoxvilleTN@anytimefitness.com,Knoxville (Hardin Valley)
1355,41.54386,-96.14049,1844 Washington St,,Blair,Nebraska,US,68008,1692,(402) 533-8200,BlairNE@anytimefitness.com,Blair
1356,34.92222,135.69355,開田4-22-5 ボスケット 1F,,長岡京市,京都府,JP,〒617-0826,JP-2611,075-874-1961,af_nagaokakyo847_info@anytimefitness.jp,長岡京市 (長岡京店)
1357,43.35972,-80.29493,5 McLaren Ave,,Cambridge,Ontario,CA,N1R 8G5,2375,(519) 267-7365,CambridgeONGalt@anytimefitness.ca,Cambridge (Galt)
1358,29.529471,-98.685877,9307 W Loop 1604 N,,San Antonio,Texas,US,78254,4547,210-488-7616,SanAntonioTX16@anytimefitness.com,San Antonio (1604 & New Guilbeau)
1359,42.13775,-87.98589,1245 W Dundee Rd,,Arlington Heights,Illinois,US,60004,4672,(224) 347-2914,BuffaloGroveIL@anytimefitness.com,"Buffalo Grove, IL"
1360,-12.47804,130.98823,"Unit 1, 38 Georgine Crescent",,Yarrawonga,Northern Territory,AU,0830,AU-1704,0408 249 695,palmerston@anytimefitness.com.au,Palmerston
1361,41.29608,-72.37659,50 Main St,,Old Saybrook,Connecticut,US,06475,2751,(860) 388-1200,OldSaybrookCT@anytimefitness.com,Old Saybrook
1362,41.89139,-72.65102,1065 Kennedy Rd,,Windsor,Connecticut,US,06095,3387,860-219-0014,WindsorCT@anytimefitness.com,Windsor
1363,35.18117,-80.64487,8124 Blair Rd,,Mint Hill,North Carolina,US,28227,4028,(980) 226-5155,MintHillNC@anytimefitness.com,Mint Hill
1364,14.53308,120.98916,"Macapagal Boulevard corner Pearl Drive, MOA Complex",,Pasay City,Metro Manila,PH,,PH-0041,0927-2475037,scape.macapagal@anytimefitness.ph,Scape Macapagal
1365,51.47424,-109.18761,1319 11th Ave W,,Kindersley,Saskatchewan,CA,S0L 1S2,4181,306 463 4967,KindersleySK@anytimefitness.ca,Kindersley
1366,35.69537,139.7211,河田町3-52 1F,,新宿区,東京都,JP,〒162-0054,JP-2526,03-6384-2080,af_shinjukukawada761_info@anytimefitness.jp,新宿区 (新宿河田町店)
1367,33.58496,130.39587,中央区今泉2-4-28 IMAIZUMI IN PLACE 2F,,福岡市,福岡県,JP,〒810-0021,JP-2985,092-791-6497,af_fukuokaimaizumi1196_info@anytimefitness.jp,福岡市 (福岡今泉店)
1368,43.11762,-83.61812,7441 N Genesee Rd,,Genesee,Michigan,US,48437,4030,(810) 640-7923,GeneseeMI@anytimefitness.com,Genesee
1369,-36.54534,146.00507,"Lot 2, 78 Sydney Road",,Benalla,Victoria,AU,3672,AU-1013,03 5762 7041,benalla@anytimefitness.com.au,Benalla
1370,43.46689,-85.97057,1224 W Main St,,Fremont,Michigan,US,49412,3840,(231) 924-7701,FremontMI@anytimefitness.com,Fremont
1371,44.49847,-80.1961,100 Pretty River Pkwy S,,Collingwood,Ontario,CA,L9Y 5A4,3516,(705) 444-3481,CollingwoodON@anytimefitness.ca,Collingwood
1372,35.36498,-80.78674,10211 Prosperity Park Dr,,Charlotte,North Carolina,US,28269,2459,(980) 219-7552,CharlotteNC@anytimefitness.com,Charlotte (Prosperity)
1373,34.78853,135.4861,東泉丘1-7-3 2F,,豊中市,大阪府,JP,〒561-0861,JP-1454,06-6836-9225,af_toyonakahigashi_458_info@anytimefitness.jp,豊中市 (豊中東店)
1374,-26.70222,153.12673,138-140 Point Cartwright Drive,,Kawana,Queensland,AU,4575,AU-1279,0448354238,kawana@anytimefitness.com.au,Kawana
1375,38.93142,-84.54822,1920 Declaration Dr,,Independence,Kentucky,US,41051,3532,(859) 359-5336,IndependenceKY@anytimefitness.com,Independence
1376,-32.04896,115.75056,17 Queen Victoria Street,,Fremantle,Western Australia,AU,6160,AU-1556,08 6215 0067,fremantle@anytimefitness.com.au,Fremantle
1377,42.074446,-94.880635,1205 Hwy 30 W,,Carroll,Iowa,US,51401,542,(712) 792-7791,CarrollIA@anytimefitness.com,Carroll
1378,30.8775,75.8366,"SCO 90-91, 2nd Floor, Phase-1",,Ludhiana,Punjab,IN,141013,IN-1044,+919200070050,dugri.ludhiana@anytimefitness.in,"Ludhiana, Dugri"
1379,40.5131,-79.84405,111 Allegheny Ave,,Oakmont,Pennsylvania,US,15139,4049,(412) 423-8282,OakmontPA@anytimefitness.com,Oakmont
1380,-27.53807,153.07954,1480 Logan Rd (access and parking via Bothwell Street),,Mount Gravatt East,Queensland,AU,4122,AU-1580,0457153016,mountgravatteast@anytimefitness.com.au,Mount Gravatt East
1381,39.361472,-121.686633,1554 CA-99,,Gridley,California,US,95948,4157,(530) 797-9080,GridleyCA@anytimefitness.com,Gridley
1382,41.65118,-88.57679,3425 Drew Ave,,Sandwich,Illinois,US,60548,3027,(630) 273-2372,SandwichIL@anytimefitness.com,Sandwich
1383,34.496955,-89.035852,220 Starlyn Ave.,,New Albany,Mississippi,US,38652,1851,(662) 534-4009,NewAlbanyMS@anytimefitness.com,New Albany
1384,39.88453,-79.73438,575 Morgantown St.,,Uniontown,Pennsylvania,US,15401,1710,(724) 434-2899,UniontownPA@anytimefitness.com,Uniontown
1385,51.36639,6.15418,Antoniuslaan 272a,,Venlo - Blerick,Limburg,NL,5921 KM,NL-1036,+31 (0)77 20 30 324,blerick@anytimefitness.nl,Venlo - Blerick
1386,35.82089,139.87568,中央1-17-13 1F,,三郷市,埼玉県,JP,〒341-0038,JP-1686,048-954-5231,af_misatochuo674_info@anytimefitness.jp,三郷市 (三郷中央店)
1387,39.97927,-0.03899,Avenida Casalduch 38,,Castellón centro,Castellón,ES,12005,SP-0081,678965726,castellon@anytimefitness.es,Castellón de la Plana (Castellón)
1388,36.50309,-87.25306,2690 Madison St,,Clarksville,Tennessee,US,37043,2331,(931) 820-1051,ClarksvilleTN@anytimefitness.com,Clarksville
1389,34.11134,-117.5765,7890 Haven Ave,,Rancho Cucamonga,California,US,91730,341,(909) 484-6880,RanchoCucamonga@anytimefitness.com,Rancho Cucamonga
1390,35.51979,-79.18333,2563 Hawkins Ave,,Sanford,North Carolina,US,27330,4110,919-776-0211,SanfordNC@anytimefitness.com,Sanford
1391,40.433813,-111.785386,11117 North Alpine Hwy,,Highland,Utah,US,84003,1202,(801) 230-9119,HighlandUT@anytimefitness.com,Highland
1392,51.48396,5.13884,Hilverstraat 105,,Hilvarenbeek,Noord-Brabant,NL,5081 AV,NL-1094,+31 (0)13 202 0000,hilvarenbeek@anytimefitness.nl,Hilvarenbeek
1393,32.682182,-97.194966,4101 W. Green Oaks Blvd.,,Arlington,Texas,US,76016,4170,(817) 672-5040,ArlingtonTX3@anytimefitness.com,Arlington
1394,35.39892,136.30211,加納町下高落303-10 1F,,長浜市,滋賀県,JP,〒526-0804,JP-1583,0749-59-3820,af_nagahamainter572_info@anytimefitness.jp,長浜市 (長浜インター店)
1395,42.88155,-80.7491,678 Broadway St,,Tillsonburg,Ontario,CA,N4G 3S9,3033,(519) 688-3455,TillsonburgON@anytimefitness.ca,Tillsonburg
1396,40.63161,-96.63143,6710 Woodland Blvd,,Hickman,Nebraska,US,68372,4184,402-792-8792,HickmanNE@anytimefitness.com,Hickman
1397,42.43365,-83.64774,20758 Pontiac Tr,,South Lyon,Michigan,US,48178,4471,(248) 573-7730,SouthLyonMI2@anytimefitness.com,South Lyon
1398,35.52021,140.31741,みやこ野2-1-6 1F,,大網白里市,千葉県,JP,〒299-3236,JP-2979,0475-53-6108,af_oamimiyakono1190_info@anytimefitness.jp,大網白里市 (大網みやこ野店)
1399,39.60737,-119.69559,2494 Wingfield Hills Rd,,Spanish Springs,Nevada,US,89436,2322,(775) 626-2500,SpanishSpringsNV@anytimefitness.com,Spanish Springs
1400,32.97275,-82.81062,618 South Harris St,,Sandersville,Georgia,US,31082,3368,(478) 412-2402,SandersvilleGA@anytimefitness.com,Sandersville
1401,28.01431,-82.71133,2522 McMullen Booth Rd,,Clearwater,Florida,US,33761,920,(727) 712-1575,ClearwaterFL@anytimefitness.com,Clearwater (McMullen Booth)
1402,34.7162,135.83562,梅美台1-1-1 1F,,木津川市,京都府,JP,〒619-0215,JP-1597,0774-46-9133,af_kizugawa590_info@anytimefitness.jp,木津川市 (木津川梅美台店)
1403,35.65724,139.64392,赤堤2-10-1 1F,,世田谷区,東京都,JP,〒156-0044,JP-2988,03-6379-3103,af_akatsutsumi1199_info@anytimefitness.jp,世田谷区 (世田谷赤堤店)
1404,1.45955,103.76821,"Lot 1-015 to Lot1-021, R&F Mall Johor Bahru, Tanjung Puteri",,Johor Bahru,Johor,MY,80300,MY-0040,,rfmall@anytimefitness.my,R&F Mall (VM24 Fitness Sdn Bhd 1310704-V)
1405,36.17304,-86.29911,200 Maddox-Simpson Pkwy,,Lebanon,Tennessee,US,37090,1704,(615) 547-4736,LebanonTN@anytimefitness.com,Lebanon
1406,28.071381,-82.632173,13054 Race Track Rd,,Tampa,Florida,US,33626,5009,813.749.0862,RacetrackRdAF@anytimefitness.com,Tampa (Racetrack Rd.)
1407,22.29977,114.17361,"1/F & 2/F, 20 Granville Road, Tsim Sha Tsui ( 九龍尖沙咀加連威路道20號1樓和2樓)",,Tsim Sha Tsui,KOWLOON,HK,,HK-0046,+852 61212783,TsimShaTsui@anytimefitness.hk,Tsim Sha Tsui
1408,31.08315,-97.77893,2802 W Stan Schlueter Loop,,Killeen,Texas,US,76549,3717,(254) 213-3422,KilleenTX@anytimefitness.com,Killeen
1409,1.36675,103.96457,"258 Pasir Ris Street 21, #05-03/04/05 Loyang Point",,Singapore,North East,SG,510258,SG-0079,+65 9023 9602,loyangpoint@anytimefitness.sg,Loyang Point
1410,45.51974,9.10111,Viale Decumano 41,,Milano,Milano,IT,20157,IT-0010,+39 389 54 96 020,milanomind@anytimefitness.it,Milano (Mind)
1411,34.08452,-117.89031,215 S Citrus Ave,,Covina,California,US,91723,4216,626-224-3973,CovinaCA@anytimefitness.com,Covina
1412,34.14859,-84.9051,790 Euharlee Rd,,Cartersville,Georgia,US,30120,4064,470-227-8100 ,EuharleeGA@anytimefitness.com,Cartersville
1413,-33.73355,150.94725,"Shop 3, 1-3 Meridian Place",,Norwest,New South Wales,AU,2153,AU-1448,02 8883 3799,norwest@anytimefitness.com.au,Norwest
1414,32.64956,-97.04281,2360 W Camp Wisdom,,Grand Prairie,Texas,US,75052,4234,(469) 340-4367,GrandPrairieTX@anytimefitness.com,Grand Prairie
1415,37.04194,136.96668,本府中町ハ49-5 1F,,七尾市,石川県,JP,〒926-0021,JP-2609,0767-58-6303,af_nanao845_info@anytimefitness.jp,七尾市 (七尾店)
1416,29.84591,-90.11992,3176 Barataria Blvd,,Marrero,Louisiana,US,70072,424,(504) 267-0856,MarreroLA@anytimefitness.com,Marrero
1417,35.363639,-97.550509,2209 SW 104th St,,Oklahoma City,Oklahoma,US,73159,4459,(405) 814-6222,OklahomaCityOK5@anytimefitness.com,Oklahoma City
1418,29.86344,-97.95997,1917 Dutton Dr,,San Marcos,Texas,US,78666,433,(512) 396-2247,SanMarcos@anytimefitness.com,San Marcos
1419,-6.2153,105.9324,"Jl. Alam Sutera Boulevard No.kav 32, Pakualam, Kec. Serpong Utara, Kota Tangerang Selatan",,Banten,Tangerang,ID,,ID-0041,,ConcourseAlamSutera@anytimefitness.id,Concourse Alam Sutera
1420,51.05083,-114.04103,57 9th St NE,,Calgary,Alberta,CA,T2E 4H7,5166,403 719 1181,bridgelandaf@anytimefitness.ca,Calgary
1421,34.1293,134.48773,奥野乾150-8 1F,,板野郡藍住町,徳島県,JP,〒771-1201,JP-2523,088-602-8864,af_tokuaizumi758_info@anytimefitness.jp,藍住町 (徳島藍住店)
1422,51.57597,-0.24126,1 Cool Oak Lane,,London (West Hendon),South East,GB,NW9 7FJ,UK-0435,02046 196000,westhendon@anytimefitness.co.uk,London (West Hendon)
1423,44.066496,-92.509187,4181 31st Ave NW,,Rochester,Minnesota,US,55901,4243,(507) 226-8081,RochesterMN2@anytimefitness.com,Rochester
1424,35.79273,140.32226,ウイング土屋81-2 1F,,成田市,千葉県,JP,〒286-0029,JP-2534,0476-85-7263,af_naritawing769_info@anytimefitness.jp,成田市 (成田ウイング土屋店)
1425,35.52859,139.44211,南区相模大野7-39-15 2F,,相模原市,神奈川県,JP,〒252-0303,JP-1411,042-705-4290,af_sagamionominami409_info@anytimefitness.jp,相模原市 (相模大野南口店)
1426,44.040076,-92.46333,1629 N Broadway Ave,,Rochester,Minnesota,US,55906,4242,(507) 322-6225,RochesterMN@anytimefitness.com,Rochester
1427,43.96729,-78.16792,500 Division St,,Cobourg,Ontario,CA,K9A 3S4,1819,905 372 9020,CobourgON@anytimefitness.ca,Cobourg
1428,-33.71347,151.29765,1330-1332 Pittwater Road,,Narrabeen,New South Wales,AU,2101,AU-1558,0299707272,narrabeen@anytimefitness.com.au,Narrabeen
1429,35.876,139.92514,おおたかの森北2-50-4 1-2F,,流山市,千葉県,JP,〒270-0119,JP-1421,04-7197-6536,af_ootaka410_info@anytimefitness.jp,流山市 (おおたかの森店)
1430,51.23216,6.0366,Dokter Crasbornplein 5,,Swalmen,Limburg,NL,6071 JX,NL-1155,+31 475 20 10 31,swalmen@anytimefitness.nl,Swalmen
1431,1.35548,103.93465,"866A Tampines Street 83, #03-10,  Tampines Central Community Complex",,Singapore,North East,SG,521866,SG-0039,+65 9623 2183,TampinesCentral@anytimefitness.sg,Tampines Central
1432,44.949508,-93.288851,2910 Lyndale Ave S,,Minneapolis,Minnesota,US,55408,4246,612-345-7753,MinneapolisMN5@anytimefitness.com,Minneapolis (Uptown)
1433,-36.88189,174.85132,261 Morrin Road,,Auckland,Auckland,NZ,1072,NZ-1066,09 268 3499,stjohns@anytimefitness.co.nz,"St Johns, Auckland"
1434,32.70089,129.84746,磯道町5-4 2-3F,,長崎市,長崎県,JP,〒850-0971,JP-1512,095-895-8081,af_snagasaki500_info@anytimefitness.jp,長崎市 (南長崎店)
1435,48.1523,16.29734,Breitenfurterstraße 176,,Wien,Vienna,AT,1230,AT-0013,01 9977079,fabrik1230@anytimefitness.at,Wien
1436,35.32657,-106.57555,4405 Jager Dr. NE,,Rio Rancho,New Mexico,US,87144,425,(505) 867-3111,RioRanchoNM@anytimefitness.com,Rio Rancho (Jager Dr NE)
1437,51.22053,4.06673,Voorhout 69a,,Stekene (België),Oost-Vlaanderen,BE,9190,NL-1103,+32 3 808 14 44,stekene@anytimefitness.be,Stekene
1438,38.069094,-91.405331,602 N Franklin St,,Cuba,Missouri,US,65453,5290,573.812.2348,CubaMO@anytimefitness.com,Cuba
1439,39.30071,-77.82942,136 Patrick Henry Way,,Charles Town,West Virginia,US,25414,4256,(304) 433-5959,CharlesTownWV@anytimefitness.com,Charles Town
1440,-27.48269,153.04096,125-129 Wellington Road,,East Brisbane,Queensland,AU,4169,AU-1550,0499053775,eastbrisbane@anytimefitness.com.au,East Brisbane
1441,41.91069,12.40013,Via Beverino 6,,Roma,Roma,IT,00168,IT-0003,+39066143086,boccea@anytimefitness.it,Roma (Boccea)
1442,34.31246,134.03714,上天神町553-1 1F,,高松市,香川県,JP,〒761-8056,JP-1393,087-813-7335,af_takamatsuchuoh386_info@anytimefitness.jp,高松市 (高松中央通店)
1443,-38.08901,144.33572,"Level 1, Bellpost Shopping Centre",,Lovely Banks,Victoria,AU,3214,AU-1388,03 5275 4970,bellposthill@anytimefitness.com.au,Bell Post Hill
1444,3.24929,101.64687,"LG-51, Lower Ground Floor, 168 Park Selayang, Jln Kuching, 68100 Batu Caves, Selangor, Malaysia",,Gombak,Selangor,MY,53300,MY-0022,+6012-3009167,Setapak@anytimefitness.my,Selayang
1445,35.64762,139.67242,太子堂2-35-1,,世田谷区,東京都,JP,〒154-0004,JP-3034,03-6805-4049,af_sanchataishido1244_info@anytimefitness.jp,世田谷区 (三軒茶屋太子堂店)
1446,50.87059,5.51458,Korenstraat 11A,,Bilzen,Limburg,BE,3740,NL-1098,+32 - 89 33 99 09,bilzen@anytimefitness.be,Bilzen
1447,5.44945,100.29088,"Penang - City Junction, 2, Persiaran Lengkuas 2, Tanjung Tokong, 10470 George Town,",,Pulau Pinang,Penang,MY,10470,MY-0079,,TanjungTokong@anytimefitness.my,Tanjung Tokong George Town
1448,31.49185,-82.84909,1310 S. Madison Ave.,,Douglas,Georgia,US,31533,2354,(912) 331-1501,DouglasGA@anytimefitness.com,Douglas
1449,35.76946,139.91006,二十世紀が丘丸山町1-1 1-2F,,松戸市,千葉県,JP,〒271-0084,JP-2588,047-710-9882,af_nijuseikigaoka824_info@anytimefitness.jp,松戸市 (松戸二十世紀が丘店)
1450,34.70477,135.45844,西淀川区姫里1-26-18 2F,,大阪市,大阪府,JP,〒555-0025,JP-2633,06-6795-9177,af_himejima869_info@anytimefitness.jp,大阪市 (阪神姫島駅前店)
1451,40.83958,-75.3,801 Male Rd,,Wind Gap,Pennsylvania,US,18091,4261,(610) 881-4147,WindGapPA@anytimefitness.com,Wind Gap
1452,44.02202,-88.58105,312 N Koeller St,,Oshkosh,Wisconsin,US,54902,855,(920) 424-5000,OshkoshWI@anytimefitness.com,Oshkosh
1453,3.14017,101.60725,3 Lebuh Bandar Utama,,Bandar Utama,Selangor,MY,47800,MY-0004,012 512 2781,BandarUtama@anytimefitness.my,Bandar Utama (Centre Point)
1454,42.92179,143.20024,西3条南9-25 帯広西3・9スクエアビル 2F,,帯広市,北海道,JP,〒080-0013,JP-2909,0155-65-4827,af_obihiro1120_info@anytimefitness.jp,帯広市 (帯広店)
1455,1.35681,103.73208,"119 Plantation Cresent, Tengah Community Club,#02-01, Singapore 690119.",,Singapore,North West,SG,,SG-0177,,Tengah@anytimefitness.sg,Anytime Fitness Tengah
1456,3.12707,101.61653,"F48 1/F Atria Shopping Gallery,Jalan SS22/23,Damansara Jaya",,"Petaling Jaya,",Selangor,MY,47400,MY-0007,0128008622,DamansaraJaya@anytimefitness.my,Damansara Jaya
1457,44.86251,-93.463976,14711 Martin Dr,,Eden Prairie,Minnesota,US,55344,975,(952) 562-8702,EdenPrairieMN@anytimefitness.com,Eden Prairie
1458,-33.99807,151.04442,273 Fowler Road,,Illawong,New South Wales,AU,2234,AU-1172,02 9543 2074,illawong@anytimefitness.com.au,Illawong
1459,35.63089,139.68388,五本木3-25-15　ハウス五本木 1F,,目黒区,東京都,JP,〒153-0053,JP-1131,03-6712-2675,afgakugeidai127_info@anytimefitness.jp,目黒区 (学芸大学店)
1460,45.69399,9.67801,Via Andrea Fantoni 1/B,,Bergamo,Bergamo,IT,24121,IT-0009,328 376 6401,bergamofantoni@anytimefitness.it,Bergamo (Fantoni)
1461,2.95666,101.55256,"Gamuda Kemuning, 25.7, Persiaran Freesia, 42500 Telok Panglima Garang, Selangor, Malaysia",,Selangor,Selangor,MY,42500,MY-0080,,QuaysideMall@anytimefitness.my,Quayside Mall
1462,41.49567,-87.04322,3020 N Calumet Ave,,Valparaiso,Indiana,US,46383,3430,(219) 242-8799,ValparaisoIN2@anytimefitness.com,Valparaiso
1463,29.57411,-95.10734,2416 Bay Area Blvd,,Houston,Texas,US,77058,4277,(281) 990-0850,ClearLakeTX@anytimefitness.com,Houston
1464,51.92162,4.49493,Burgemeester van Walsumweg 368,,Rotterdam-Centrum,Zuid-Holland,NL,3011 MZ,NL-1078,+31 10 25 40 435,rotterdam-centrum@anytimefitness.nl,Rotterdam-Centrum
1465,35.67498,139.65895,和泉1-22-19,,杉並区,東京都,JP,〒168-0063,JP-3062,,af_daitabashi1272_info@anytimefitness.jp,杉並区 (代田橋)
1466,42.34926,-71.49954,771 Boston Post Rd E,,Marlborough,Massachusetts,US,01752,4645,(508) 658-9090,MarlboroughMA@anytimefitness.com,Marlborough
1467,39.77883,-94.80177,1209 N. Belt Hwy,,St. Joseph,Missouri,US,64506-2411,1187,(816) 232-1315,StJosephMO@anytimefitness.com,St. Joseph
1468,35.22646,136.90899,北区玄馬町234-1 2F,,名古屋市,愛知県,JP,〒462-0018,JP-1436,052-908-4076,af_nkusunoki418_info@anytimefitness.jp,名古屋市 (MEGAドン・キホーテ楠店)
1469,43.04182,-80.88069,111 Charles St E,,Ingersoll,Ontario,CA,N5C 1J9,3646,(519) 926-2407,IngersollON@anytimefitness.ca,Ingersoll
1470,51.43169,0.02106,342 a/b Baring Road,,London ,Greater London,GB,SE12 0DU,UK-0280,0203 371 1677,grovepark@anytimefitness.co.uk,London (Grove Park)
1471,41.43804,2.23928,"Carrer de la Industria, 312.",,Badalona Gorg,Catalonia,ES,08912,SP-0095,+34 665 82 69 17,gorg@anytimefitness.es,El Gorg (Badalona)
1472,1.37333,103.83757,"216 Ang Mo Kio Ave. 4, #02-04 Kebun Baru CC",,Ang Mo Kio,Central Singapore,SG,569897,SG-0131,+6580711983,KebunBaru@anytimefitness.sg,Kebun Baru CC
1473,34.96238,138.39256,駿河区馬渕4-2-6,,静岡市,静岡県,JP,〒422-8063,JP-1165,054-260-7488,afsurugamabuchi160_info@anytimefitness.jp,静岡市 (駿河馬渕店)
1474,3.19311,101.73891,"UG-3, 3A, 5 & 6, Sunway Avila Avenue, No.1, Jalan Seri Wangsa, ,Taman Sri Rampai",,Wangsa Maju,Kuala Lumpur,MY,53300,MY-0059,,WangsaMaju@anytimefitness.my,Wangsa Maju - Sunway Avila
1475,34.63794,133.9183,北区富田508-3 1F,,岡山市,岡山県,JP,〒700-0936,JP-1534,086-238-9032,af_okayamatomita521_info@anytimefitness.jp,岡山市 (岡山富田店)
1476,34.72679,135.48766,淀川区木川西4-2-2 2F,,大阪市,大阪府,JP,〒532-0013,JP-2740,06-6732-9011,af_kikawanishi975_info@anytimefitness.jp,大阪市 (新大阪木川西店)
1477,53.18283,6.16775,De Dellen 2F,,Surhuisterveen,Friesland,NL,9231EB,NL-1172,+31 (0)512 200 001,surhuisterveen@anytimefitness.nl,Surhuisterveen
1478,46.57842,-81.1985,3454 Errington Ave N,,Chelmsford,Ontario,CA,P0M 1L0,4000,705 855 2407,ChelmsfordON@anytimefitness.ca,Chelmsford
1479,42.2716,-71.77539,386 Shrewsbury St,,Worcester,Massachusetts,US,01604,2732,(508) 796-5941,WorcesterMA@anytimefitness.com,Worcester (Shrewsbury)
1480,30.23578,-93.01375,214 S Thompson St,,Iowa,Louisiana,US,70647,4314,(337) 582-1386,IowaLA@anytimefitness.com,Iowa
1481,29.99842,-92.28744,207 Veterans Memorial Dr,,Kaplan,Louisiana,US,70548,4339,337-643-7021,KaplanLA@anytimefitness.com,Kaplan
1482,30.45175,-90.17569,70325 SR 1077,,Covington,Louisiana,US,70433,773,(985) 845-1926,CovingtonLA2@anytimefitness.com,Covington
1483,42.327526,-83.298304,26334 Ford Rd,,Dearborn Heights,Michigan,US,48127,4627,313-444-1175,DearbornheightsMI@anytimefitness.com,Dearborn Heights
1484,50.97565,3.01103,Diksmuidestraat 10,,Staden,West-Vlaanderen,BE,8840,NL-1146,+32 (0)51 28 02 82,staden@anytimefitness.be,Staden
1485,51.82185,4.64781,Laan van Walburg 2,,Zwijndrecht,Zuid-Holland,NL,3332 GJ,NL-1079,+31 (0)78 7633178,zwijndrecht@anytimefitness.nl,Zwijndrecht
1486,-6.35726,106.85722,"l. Raya Bogor KM 29 No. 29, Mekarsari, Kec. Cimanggis, Kota Depok, Jawa Barat 16452",,Jawa Barat,Depok,ID,16452,ID-0069,,Citimall.Cimanggis@anytimefitness.id,Citimall Cimanggis
1487,27.27006,-82.48773,4057 Clark Rd,,Sarasota,Florida,US,34233,1413,(941) 926-3300,SarasotaFL@anytimefitness.com,Sarasota
1488,52.51016,-1.8138,"Unit 12, Fort Dunlop,",,Birmingham (Fort Dunlop),West Midlands,GB,B24 9FD,UK-0483,0121 714 3790,birmingham.fortdunlop@anytimefitness.co.uk,Birmingham (Fort Dunlop)
1489,19.15482,72.84524,"First Floor, Divya Jyot Building, Jawahar Nagar,",,Mumbai,Maharashtra,IN,400062,IN-1105,"+91 8591607628, +91 8591696062",goregaonwest.mumbai@anytimefitness.in,"Mumbai, Goregaon West"
1490,-35.34233,149.05136,6-8 Liardet Street,,Weston,Australian Capital Territory,AU,2611,AU-1460,0404 120 011,weston@anytimefitness.com.au,Weston
1491,20.99718,-89.67431,"Periférico de Mérida Lic. Manuel Berzunza S/N, Local 16,  Centro,",,Mérida,Yucatan,MX,97314,MX-1151,9992653228,caucel.mer@anytimefitness.com.mx,Mérida (Caucel)
1492,34.98962,135.7636,下京区七条通河原町西入材木町470 1F,,京都市,京都府,JP,〒600-8146,JP-1738,075-744-6692,af_kyotoekimae726_info@anytimefitness.jp,京都市 (京都駅前店)
1493,1.28756,103.80089,"1 Queensway #03-51, Queensway Shopping Centre, Singapore 149053",,Queenstown,Central Singapore,SG,149053,SG-0155,,NewQueensway@anytimefitness.sg,New Queensway
1494,29.79868,-98.40315,18670 Hwy 46 Pkwy,,Bulverde,Texas,US,78163,431,(830) 438-8971,BulverdeTX@anytimefitness.com,Bulverde
1495,34.15114,-118.03123,9 E Foothill Blvd,,Arcadia,California,US,91006,4357,626-445-1026,ArcadiaCA@anytimefitness.com,Arcadia
1496,49.895604,-97.264264,354 Saulteaux Crescent,,Winnipeg,Manitoba,CA,R3J 3T2,1554,(204) 896-6135,WinnipegMB@anytimefitness.ca,Winnipeg (St. James)
1497,39.14916,-77.97464,19 1st St,,Berryville,Virginia,US,22611,1357,(540)-300-6928,BerryvilleVA@anytimefitness.com,Berryville
1498,14.31295,121.09862,"Ground Floor, BPO Building, SM City Santa Rosa,",,Sta. Rosa City,Laguna,PH,,PH-0191,,smcitysantarosa@anytimefitness.ph,SM City Santa Rosa
1499,1.32123,103.84156,"101 Thomson Road #B1-15/16/17/34 United Square,",,Novena,Central Singapore,SG,307645,SG-0065,+65 8877 7748,Novena@anytimefitness.sg,Novena
1500,41.52067,-71.29117,288 E Main Rd,,Middletown,Rhode Island,US,02842,4328,401-619-4250,MiddletownRI@anytimefitness.com,Middletown
1501,-37.67792,144.9197,50 Pearcedale Parade,,Broadmeadows,Victoria,AU,3047,AU-1569,03 9302 4705,broadmeadows@anytimefitness.com.au,Broadmeadows
1502,3.20664,101.71779,"PV 12 - Jln Langkawi, Taman Danau Kota, 53300 Kuala Lumpur, Wilayah Persekutuan Kuala Lumpur",,Kuala Lumpur,Kuala Lumpur,MY,,MY-0125,,PV12Setapak@anytimefitness.my,PV 12 Setapak
1503,35.35193,139.53189,大船1-11-7 ヴィコロビル 2F,,鎌倉市,神奈川県,JP,〒247-0056,JP-2724,0467-73-8394,af_ofuna959_info@anytimefitness.jp,鎌倉市 (大船店)
1504,32.52156,-85.02909,5408 Summerville Rd.,,Phenix City,Alabama,US,36867,3109,(334) 332-9200,PhenixCityAL@anytimefitness.com,Phenix City
1505,33.4636,-117.59927,811 Via Suerte,,San Clemente,California,US,92673,2072,(949) 276-8888,SanClementeCA@anytimefitness.com,San Clemente
1506,,,,,Gava,Catalonia,ES,08000,SP-0115,,,Gava
1507,-37.69726,144.77314,"Shop SC210, Watergardens Town Centre",,Taylors Lakes,Victoria,AU,3038,AU-1094,03 8361 5722,watergardens@anytimefitness.com.au,Watergardens
1508,14.59906,120.97563,"2nd Floor, Downtown Center Building, 516 Quintin Paredes Street, Binondo",,Manila,Metro Manila,PH,,PH-0043,09173323942,Binondo@anytimefitness.ph,Binondo
1509,14.60859,120.97854,"Basement 1, Orchard Residences 1311 - 1325, Masangkay St.",,Tondo,Metro Manila,PH,,PH-0173,,Masangkay@anytimefitness.ph,Masangkay
1510,-27.56968,152.87689,3366 Moggill Road,,Moggill,Queensland,AU,4070,AU-1675,0460431222,Moggil@anytimefitness.com.au,Moggill
1511,16.69529,121.31157,"Brgy. Villasis, Maharlika Highway, Santiago City, Isabela",,Santiago,Isabela,PH,,PH-0226,,SantiagoCityIsabela@anytimefitness.ph,"Santiago City, Isabela"
1512,45.43842,11.01561,Via Torbido 2,,Verona,Verona,IT,37133,IT-0031,3888784712,verona@anytimefitness.it,Verona (Torbido)
1513,35.64763,139.73574,南麻布2-11-10　OJビル 1F-B1,,港区,東京都,JP,〒106-0047,JP-1126,03-6459-4521,afs-azabu2-122_info@anytimefitness.jp,港区 (南麻布２丁目店)
1514,39.1592,-77.27815,18319 Leaman Farm Rd.,,Germantown,Maryland,US,20874,2462,(301) 515-4040,GermantownMD@anytimefitness.com,Germantown
1515,35.14768,-90.18457,113 N Missouri St,,West Memphis,Arkansas,US,72301,4370,(870) 629-5262,WestMemphisAR@anytimefitness.com,West Memphis
1516,33.48238,-7.60697,Equipement Privé Résidence Les trois Golfs Tranche 4,,Bouskoura,Casablanca-Settat,MA,27182,MA-0008,,greentown@anytimefitness.ma,Bouskoura
1517,36.66546,-121.8042,120 General Stilwell Dr,,Marina,California,US,93933,4371,(831) 917-9499,MarinaCA@anytimefitness.com,Marina
1518,35.69853,139.74885,飯田橋1-12-12　九段大和エステート 1-3F,,千代田区,東京都,JP,〒102-0072,JP-1117,03-6265-6624,afkudanshita82_info@anytimefitness.jp,中央区 (九段下店)
1519,42.87669,-77.24823,4402 Rte 5-20,,Canandaigua,New York,US,14424,3749,(585) 396-9777,canNY@anytimefitness.com,Canandaigua
1520,42.02654,-70.959227,225 Bedford Street,,East Bridgewater,Massachusetts,US,02333,4879,508-456-4046,EastBridgewaterMA@anytimefitness.com,East Bridgewater
1521,-33.91487,151.2411,73 Belmore Road,,Randwick,New South Wales,AU,2031,AU-1190,0466 228 351,randwick@anytimefitness.com.au,Randwick
1522,29.14585,-82.18835,3930 SW. 42nd St.,,Ocala,Florida,US,34474,1997,(352) 237-1848,OcalaFL2@anytimefitness.com,Ocala (SW 42nd St)
1523,40.68078,-105.00166,6556 Buttercup Dr,,Wellington,Colorado,US,80549,4372,970-472-6556,WellingtonCO@anytimefitness.com,Wellington
1524,41.3931,2.18663,"Sardenya, 69",,Barcelona Ciutadella,Catalonia,ES,08018,SP-0007,93 309 73 68 / 615 645 704,ciutadella@anytimefitness.es,Barcelona (Ciutadella)
1525,35.46563,139.38888,下今泉5-3-7 2F,,海老名市,神奈川県,JP,〒243-0435,JP-2584,046-259-5785,af_ebinakita820_info@anytimefitness.jp,海老名市 (海老名北店)
1526,34.59379,135.47836,堺区鉄砲町32-2 2F,,堺市,大阪府,JP,〒590-0905,JP-1710,072-256-4508,af_sakaiteppocho699_info@anytimefitness.jp,堺市 (堺鉄砲町店)
1527,35.33819,136.29377,宇賀野11 1F,,米原市,滋賀県,JP,〒521-0062,JP-1651,0749-53-3345,af_maibara640_info@anytimefitness.jp,米原市 (米原店)
1528,35.55077,139.54113,市ヶ尾町1063-14,,横浜市青葉区,神奈川県,JP,〒225-0024,JP-3057,045-507-3071,af_ichigao1267_info@anytimefitness.jp,横浜市 (市ヶ尾店)
1529,28.64943,77.3067,"First Floor,",,Delhi,Delhi,IN,110032,IN-1188,+91 9870198080 +91 9870198181,karkardooma.delhi@anytimefitness.in,"New Delhi, Karkardooma"
1530,35.28121,139.66236,本町3-27,,横須賀市,神奈川県,JP,〒238-0041,JP-3075,,af_yokosukashioiri1310_info@anytimefitness.jp,横須賀市 (横須賀汐入)
1531,41.95464,-87.69335,4022 N Rockwell St,,Chicago,Illinois,US,60618,4387,773-977-1300,ChicagoIL2@anytimefitness.com,Chicago
1532,35.85711,139.65437,浦和区高砂2-1-19 2F,,さいたま市,埼玉県,JP,〒330-0063,JP-2787,048-767-8793,af_urawawh1019_info@anytimefitness.jp,さいたま市 (浦和ワシントンホテル店)
1533,30.67289,-97.92101,14365 W State Hwy 29,,Liberty Hill,Texas,US,78642,2953,(512) 778-6844,LibertyHillTX@anytimefitness.com,Liberty Hill
1534,15.0492,120.66484,"3/F Vista Mall Pampanga MacArthur Highway, San Agustin,  San Fernando City Pampanga",,San Fernando,Pampanga,PH,,PH-0037,0917 512 5247,SanFernando@anytimefitness.ph,San Fernando
1535,25.28964,51.51079,950 Al Reem,,Fireej Bin Mahmoud,Doha (Ad Dawha),QA,,QA-0003,,,Fireej Bin Mahmoud
1536,51.49937,-0.02067,Stratus Point,,Isle of Dogs,Greater London,GB,E14 9YN,UK-0394,02046 193924,isleofdogs@anytimefitness.co.uk,Isle of Dogs
1537,19.32309,-81.37836,82 Market St,,"Grand Cayman, Cayman Islands",Grand Cayman,KY,KY1 1201,2232,(345) 946-4748,GrandCayman@anytimefitness.com,"Grand Cayman, Cayman Islands (Camana Bay)"
1538,48.10486,-123.39619,112 Del Guzzi Dr,,Port Angeles,Washington,US,98362,439,(360) 457-3200,PortAngelesWA@anytimefitness.com,Port Angeles
1539,52.42162,4.88455,Noordkaperweg 5,,Amsterdam,Noord-Holland,NL,1035 HA,NL-1102,+31 20 229 80 99,amsterdam-noord@anytimefitness.nl,Amsterdam-noord
1540,,,"Jl. Mayjend. Jonosewojo No.Kav.3, Pradahkalikendal, Kec. Dukuhpakis,",,Jawa Tibur,Surabaya,ID,,ID-0024,,SpazioSurabaya@anytimefitness.id,Spazio Surabaya
1541,14.67826,121.0837,"Unit 23, Ever Commonwealth Center, Barangay Batasan Hills",,Quezon City,Metro Manila,PH,,PH-0092,09663475190,BatasanHills@anytimefitness.ph,Quezon City
1542,41.76669,-76.42232,182 Ennis Lane,,Towanda,Pennsylvania,US,18848,4418,(570) 445-4675,TowandaPA@anytimefitness.com,Towanda
1543,-28.10517,153.42407,23 Central Drive,,Burleigh Heads,Queensland,AU,4220,AU-1756,,,Burleigh Heads
1544,44.73602,-79.91061,9226 County Road 93,,Midland,Ontario,CA,L4R 4K4,3141,(705) 526-3481,MidlandON@anytimefitness.ca,Midland
1545,-37.81201,144.95942,550 Bourke Street,,Melbourne CBD - Bourke Street,Victoria,AU,3000,AU-1216,03 9642 0808,melbournecbd@anytimefitness.com.au,Melbourne CBD - Bourke Street
1546,35.87768,139.82292,レイクタウン8-4-4,,越谷市,埼玉県,JP,〒343-0828,JP-3008,048-971-5371,af_koshigayalt1219_info@anytimefitness.jp,越谷市 (越谷レイクタウン駅前店)
1547,29.356,-98.12661,13857 US Hwy 87 W,,LaVernia,Texas,US,78121,2483,(830) 779-2801,LaVerniaTX@anytimefitness.com,LaVernia
1548,-35.17161,149.09633,15 Kingsland Parade,,Casey,Australian Capital Territory,AU,2913,AU-1146,0448 611 761,casey@anytimefitness.com.au,Casey
1549,51.09945,5.87608,Peijerstraat 7,,Echt,Limburg,NL,6101 GA,NL-1088,+31 (0)475 201009,echt@anytimefitness.nl,Echt
1550,3.17225,101.66378,"Publika, Solaris Dutamas,",,Jalan Dutamas,Kuala Lumpur,MY,50480,MY-0053,+60 12-300 3873,PublikaSolarisDutamas@anytimefitness.my,Publika Solaris Dutamas
1551,35.60409,139.50931,上麻生1丁目2-7,,川崎市麻生区,神奈川県,JP,〒215-0021,JP-3023,044-819-6591,af_shinyuriekimae1234_info@anytimefitness.jp,川崎市 (新百合ヶ丘駅前)
1552,30.18971,-81.38154,"880 A1A N, Ste 17B",,Ponte Vedra Beach,Florida,US,32082,4456,904-395-2500,PonteVedraBeachFL@anytimefitness.com,Sawgrass
1553,40.630001,-77.570295,224 North Logan Blvd.,,Burnham,Pennsylvania,US,17009,3206,717-543-3250,BurnhamPA@anytimefitness.com,Burnham
1554,35.87945,139.62654,本町東1-79-12,,さいたま市中央区,埼玉県,JP,〒338-0003,JP-3066,,af_yonohommachi1301_info@anytimefitness.jp,さいたま市 (与野本町店)
1555,43.69363,-98.01282,1620 S Burr St,,Mitchell,South Dakota,US,57301,306,(605) 292-0833,MitchellSD@anytimefitness.com,Mitchell
1556,36.69306,-121.59539,1594 N Sanborn Rd,,Salinas,California,US,93905,4501,(831) 751-1622,SalinasCA@anytimefitness.com,Salinas
1557,28.37795,76.96056,"Second Floor, 232, Elan Miracle",,Gurugram,Haryana,IN,122004,IN-1150,+91 9711174449,84.gurgaon@anytimefitness.in,"Gurgaon, Sector 84"
1558,-27.58905,153.06147,21 Farne Street,,Sunnybank,Queensland,AU,4109,AU-1457,0499114511,sunnybankhills@anytimefitness.com.au,Sunnybank
1559,37.77311,-100.01693,2203 Central Ave,,Dodge City,Kansas,US,67801,1671,(620) 225-3303,DodgeCity@anytimefitness.com,Dodge City
1560,35.65615,139.7023,桜丘町1-4 渋谷サクラステージ SHIBUYAサイド B1-1F,,渋谷区,東京都,JP,〒150-0031,JP-2921,03-6712-7591,af_shibuya1132_info@anytimefitness.jp,渋谷区 (渋谷店)
1561,36.54472,136.58927,横江町土地区画整理事業地6-12 1F,,白山市,石川県,JP,〒924-0011,JP-2608,076-259-5742,af_hakusanyokoe844_info@anytimefitness.jp,白山市 (白山横江店)
1562,52.33187,4.87188,Wijenburg 90A,,Amsterdam,Noord-Holland,NL,1082 VW,NL-1038,+31 20 66 11 908,zuidas@anytimefitness.nl,Zuidas
1563,42.50322,-83.19089,3144 12 Mile Rd,,Berkley,Michigan,US,48072,1765,(248) 629-7745,BerkleyMI@anytimefitness.com,Berkley
1564,36.606704,-121.922336,1146 Forest Ave,,Pacific Grove,California,US,93950,4502,831-324-4004,PacificGroveCA@anytimefitness.com,Pacific Grove
1565,32.93724,-96.719354,904 Audelia Rd,,Richardson,Texas,US,75081,4508,972-808-6768,RichardsonTX3@anytimefitness.com,Richardson
1566,51.09011,5.52388,Genkerbaan 14,,Oudsbergen,Limburg,BE,3670,NL-1232,+32 469 169 399,oudsbergen@anytimefitness.be,Oudsbergen
1567,35.00663,135.72034,右京区山ノ内西裏町6 1F,,京都市,京都府,JP,〒615-0071,JP-2511,075-874-2095,af_ojishijo746_info@anytimefitness.jp,京都市 (京都葛野大路四条店)
1568,35.77763,139.7177,赤羽西1-33-3　ライオンズタワー赤羽 2F,,北区,東京都,JP,〒115-0055,JP-1079,03-5963-4733,afakabane75_info@anytimefitness.jp,北区 (赤羽店)
1569,41.32052,-93.09962,213 Roche St,,Knoxville,Iowa,US,50138,1065,(641) 842-2447,KnoxvilleIA@anytimefitness.com,Knoxville
1570,35.05317,-114.59105,3699 Hwy 95,,Bullhead City,Arizona,US,86442,2890,(928) 704-0774,BullheadCityAZ@anytimefitness.com,Bullhead City
1571,33.58546,130.40582,渡辺通3‐1‐16,,福岡市中央区,福岡県,JP,〒810-0004,JP-3048,,af_watanabedori3chome1258_info@anytimefitness.jp,福岡市 (AF渡辺通3丁目)
1572,35.69286,139.72219,住吉町8-14　メゾン・ド・K 1F-B1,,新宿区,東京都,JP,〒162-0065,JP-1049,03-5362-3077,afakebonobashi45_info@anytimefitness.jp,新宿区 (曙橋店)
1573,33.333643,-105.683789,2927 Sudderth Dr,,Ruidoso,New Mexico,US,88345,4629,(575) 502-5438,RuidosoNM@anytimefitness.com,Ruidoso
1574,-33.91698,151.03235,19 Marion St,,Bankstown,New South Wales,AU,2190,AU-1226,02 9791 9891,bankstown@anytimefitness.com.au,Bankstown
1575,28.03559,-80.62601,1515 Palm Bay Rd,,Melbourne,Florida,US,32905,2097,(321) 473-8923,MelbourneFL@anytimefitness.com,Melbourne (Palm Bay Rd)
1576,35.39567,139.46548,湘南台2-13-10 B1F,,藤沢市,神奈川県,JP,〒252-0804,JP-1346,0466-86-7246,af_shonand340_info@anytimefitness.jp,藤沢市 (湘南台店)
1577,36.95598,-81.0955,1155 N 4th St,,Wytheville,Virginia,US,24382,4744,276-335-2122,WythevilleVA@anytimefitness.com,Wytheville
1578,52.70599,6.53811,Het Hoekje 40A,,Hollandscheveld,Drenthe,NL,7913 BD,NL-1105,+31 (0)528 20 00 06,hollandscheveld@anytimefitness.nl,Hollandscheveld
1579,51.36977,-0.48984,Unit E,,Addlestone,South East,GB,KT15 2GB,UK-0353,01932 301247,addlestone.manager@anytimefitness.co.uk,Addlestone
1580,41.36863,2.0705,Avenida Barcelona 79,,Sant Joan Despi,Catalonia,ES,08970,SP-0104,,,Sant Joan Despí
1581,35.81214,139.92053,馬橋1907-1 2F,,松戸市,千葉県,JP,〒271-0051,JP-2980,047-711-5187,af_matsudomabashi1191_info@anytimefitness.jp,松戸市 (松戸馬橋店)
1582,35.79882,139.5696,野火止8-15-45,,新座市,埼玉県,JP,〒352-0011,JP-1244,048-458-0085,af_niizan240_info@anytimefitness.jp,新座市 (新座野火止店)
1583,-31.48783,152.73523,"unit 1, 29 Commerce Street",,Wauchope,New South Wales,AU,2444,AU-1869,0477262006,wauchope@anytimefitness.com.au,Wauchope
1584,35.37469,139.18901,堀西94‐1、94‐2他,,秦野市,神奈川県,JP,〒259-1322,JP-2999,,af_hadanoshibusawa1210_info@anytimefitness.jp,秦野市 (秦野渋沢店)
1585,35.80778,139.54864,大和田2-5-6 1-2F,,新座市,埼玉県,JP,〒352-0004,JP-1753,048-424-2712,af_niizaowada741_info@anytimefitness.jp,新座市 (新座大和田店)
1586,22.37219,114.11152,"1/F, 68 Heung Wo Street",,Tsuen Wan,NEW TERRITORIES,HK,,HK-0008,852 5595 7151,tsuenwan@anytimefitness.hk,Tsuen Wan
1587,35.1446,136.90509,中区金山2-14-9 1F,,名古屋市,愛知県,JP,〒460-0022,JP-1212,052-684-5646,afkanayama206_info@anytimefitness.jp,名古屋市 (金山店)
1588,1.35152,103.7194,442 Jurong West Ave 1 #01-746/ #01-748 Singapore 640442,,Jurong West,South West,SG,640442,SG-0136,,Jurong@anytimefitness.sg,Jurong
1589,35.87553,139.78749,南越谷 4-6-17 1-2F,,越谷市,埼玉県,JP,〒343-0845,JP-1352,048-940-1022,af_shinkoshi343_info@anytimefitness.jp,越谷市 (新越谷店)
1590,-34.69276,138.68694,Munno Para Shopping City,,Munno Para,South Australia,AU,5114,AU-1088,08 8254 8156,smithfield.sa@anytimefitness.com.au,Smithfield
1591,41.34171,-83.08508,1800 E State St,,Fremont,Ohio,US,43420,4316,(419) 208-0820,FremontOH@anytimefitness.com,Fremont
1592,50.9154,6.05087,Hovenstraat 126,,Landgraaf (Ubach over Worms),Limburg,NL,6374 HG,NL-1209,+31 45 203 09 04,waubach@anytimefitness.nl,Waubach
1593,-33.73236,150.78178,Ropes Crossing Village,,Ropes Crossing,New South Wales,AU,2760,AU-1501,0466 409 735,ropescrossing@anytimefitness.com.au,Ropes Crossing
1594,52.26171,4.49194,Dorpsstraat 23,,Noordwijkerhout,Zuid-Holland,NL,2211 GA,NL-1173,+31 25 27 45 859,noordwijkerhout@anytimefitness.nl,Noordwijkerhout
1595,30.08907,-91.94133,156 Heritage Pkwy,,Broussard,Louisiana,US,70518,225,(337) 856-1711,seeyou@anytimefitness.com,Broussard
1596,37.94365,-121.69591,7750 Brentwood Blvd,,Brentwood,California,US,94513,1154,(925) 513-7001,BrentwoodCA@anytimefitness.com,Brentwood
1597,33.83849,132.77663,旭町28-1 1F,,松山市,愛媛県,JP,〒790-0876,JP-1432,089-968-2106,af_sanbancho423_info@anytimefitness.jp,松山市 (松山三番町通店)
1598,42.34947,-83.4606,8501 N Lilley Rd,,Canton,Michigan,US,48187,1446,(734) 254-9191,CantonMI@anytimefitness.com,Canton
1599,38.67908,-90.50179,62 Four Season Shopping Ctr,,Chesterfield,Missouri,US,63017,3942,(314) 485-8986,ChesterfieldMO@anytimefitness.com,Chesterfield
1600,14.45669,121.03601,"Santana Grove, Dr. A. Santos Ave",,Paranaque,Metro Manila,PH,1718,PH-0039,09072182705,santanagrove@anytimefitness.ph,Santana Grove
1601,35.63854,-106.02895,4641 Airport Rd,,Santa Fe,New Mexico,US,87507,2238,(505) 424-9770,SantaFeNM2@anytimefitness.com,Santa Fe (Airport Rd)
1602,53.34365,-6.29702,"Unit 9, Sancton Wood Building",,Kilmainham,Dublin,IE,8,UK-0053,00353 1 513 6748,kilmainham@anytimefitness.ie,Kilmainham
1603,32.746256,-117.210026,3165 Rosecrans St,,San Diego,California,US,92110,4634,(619) 323-1993,PointLomaCA@anytimefitness.com,San Diego
1604,35.70429,139.62407,荻窪4-32-6　イズミアネックスビルⅡ 2-3F,,杉並区,東京都,JP,〒167-0051,JP-1107,03-6276-9785,afogikubo107_info@anytimefitness.jp,杉並区 (荻窪店)
1605,3.0052,101.53571,No. 1D(4th Floor),,Shah Alam,Selangor,MY,40460,MY-0005,012-2292 097,Kota.Kemuning@anytimefitness.my,Kota Kemuning (Shah Alam)
1606,31.535824,-97.18625,4700 Bosque Blvd,,Waco,Texas,US,76710,4658,(254) 224-6366,WacoTX@anytimefitness.com,Waco
1607,28.70174,77.11657,"202, 2nd Floor, N N Mall, Plot no 15",,Delhi,Delhi,IN,110085,IN-1096,+91 9911999082,rohini3.delhi@anytimefitness.in,"Delhi, Rohini sector 3"
1608,49.329058,-123.156989,503 15th St,,West Vancouver,British Columbia,CA,V7T 2S6,4824,236 978 7887,WestVancouverBC@anytimefitness.ca,West Vancouver
1609,48.92605,-123.72777,3055 Oak St,,Chemainus,British Columbia,CA,V0R 1K1,4275,(250) 324-4464,ChemainusBC@anytimefitness.ca,Chemainus
1610,39.37013,-94.78004,347 Main St,,Platte City,Missouri,US,64079,2185,(816) 858-7007,PlatteCityMO@anytimefitness.com,Platte City
1611,29.782419,-95.720465,20045 Katy Fwy,,Katy,Texas,US,77450,4721,832-802-7999,HoustonTX5@anytimefitness.com,Katy
1612,17.97763,-92.94282,Av. Velodromo de la ciudad deportiva esquina Av. Heroico Colegio Militar  S/N,,Villahermosa,Tabasco,MX,86100,MX-1065,9936-88-36-13,deportiva.tab@anytimefitness.com.mx,Villahermosa (Deportiva)
1613,35.69543,139.79333,両国3-26-2,,墨田区,東京都,JP,130-0026,JP-3024,03-5669-0610,af_ryogokuekimae1235_info@anytimefitness.jp,墨田区 (両国駅前店)
1614,21.379386,-157.931244,99-084 Kauhale St,,Aiea,Hawaii,US,96701,4664,(808) 200-1400,AieaHI@anytimefitness.com,Aiea
1615,35.925302,-84.042277,7808 Montvue Center Way,,Knoxville,Tennessee,US,37919,4689,865-342-7777,TNKnoxville@anytimefitness.com,Knoxville
1616,52.200587,-105.124813,701 9th St,,Humboldt,Saskatchewan,CA,S0K 2A0,4578,306 682 6644,HumboldtSK@anytimefitness.ca,Humboldt
1617,3.15129,101.66331,"L1-09, L1-10 & L2-09 (Duplex) Level 1 & 2, Damansara City Mall",,Damansara Heights,Kuala Lumpur,MY,50490,MY-0047,+60 17-738 1025; 03-2011 7466 (landline),dcmall@anytimefitness.my,"DC Mall, Bukit Damansara"
1618,44.950638,-93.028532,1700 Suburban Ave,,St. Paul,Minnesota,US,55106,467,(651) 772-0600,StPaulMN@anytimefitness.com,St. Paul (East Side)
1619,28.53579,77.25862,"1st, 2nd and 3rd Floor, J-101",,New Delhi,Delhi,IN,110019,IN-1163,+91 8860606126,kalkaji.Delhi@anytimefitness.in,"New Delhi, Kalkaji"
1620,28.52444,77.29325,"Second Floor, Block D2",,New Delhi,Delhi,IN,110044,IN-1178,"+91 9412099099,  +91 9457099099",saritavihar.delhi@anytimefitness.in,"New Delhi, Sarita Vihar"
1621,35.67697,139.64267,永福4-4-4 1-2F,,杉並区,東京都,JP,〒168-0064,JP-2967,03-6304-3481,af_eifukuchosf1178_info@anytimefitness.jp,杉並区 (永福町駅前店)
1622,32.86339,130.73295,須屋1935-5 2F,,合志市,熊本県,JP,〒861-1102,JP-1571,096-285-9162,af_koshi565_info@anytimefitness.jp,合志市 (合志店)
1623,35.05292,137.15089,御幸本町3-86 1F,,豊田市,愛知県,JP,〒473-0901,JP-1734,0565-85-7517,af_miyukihonmachi722_info@anytimefitness.jp,豊田市 (豊田御幸本町店)
1624,35.32491,139.41801,東海岸北5-16‐59 2F,,茅ヶ崎市,神奈川県,JP,〒253-0053,JP-2530,0467-50-0591,af_chigasakihigashi765_info@anytimefitness.jp,茅ヶ崎市 (茅ヶ崎東海岸北店)
1625,-33.88677,150.88874,38/100 Bonnyrigg Avenue,,Bonnyrigg,New South Wales,AU,2177,AU-1251,0298236450,bonnyrigg@anytimefitness.com.au,Bonnyrigg
1626,39.31906,140.55578,横手町上真山157 1F,,横手市,秋田県,JP,〒013-0061,JP-2908,0182-23-5356,af_yokotemachi1119_info@anytimefitness.jp,横手市 (横手町店)
1627,33.88137,132.75257,谷町甲138-4 1F,,松山市,愛媛県,JP,〒791-8002,JP-1741,089-995-8117,af_matsutanimachi729_info@anytimefitness.jp,松山市 (松山谷町店)
1628,35.45904,133.06931,西津田6-2-15,,松江市,島根県,JP,〒690-0017,JP-2810,0852-67-2951,af_nishitsuda1041_info@anytimefitness.jp,松江市 (松江西津田店)
1629,-35.3535,149.23368,71 Monaro Street,,Queanbeyan,New South Wales,AU,2620,AU-1180,0427933411,queanbeyan@anytimefitness.com.au,Queanbeyan
1630,45.06108,7.64201,Via Caraglio 84,,Torino,Torino,IT,10141,IT-0050,3756960155,torinolancia@anytimefitness.it,Torino (Lancia)
1631,-33.8159,150.97151,326 Great Western Highway,,Wentworthville,New South Wales,AU,2145,AU-1307,02 9636 2273,wentworthville@anytimefitness.com.au,Wentworthville
1632,41.59971,-87.92251,12513 W 159th St,,Homer Glen,Illinois,US,60491,3934,(708) 300-1230,HomerGlenIL@anytimefitness.com,Homer Glen
1633,32.86755,-95.75578,909 E Lennon Dr,,Emory,Texas,US,75440,4701,(903) 473-1277,EmoryTX@anytimefitness.com,Emory
1634,35.7005,139.50747,本町1-18-8 2-3F,,小金井市,東京都,JP,〒184-0004,JP-2565,042-316-7255,af_musashikoganei801_info@anytimefitness.jp,小金井市 (武蔵小金井店)
1635,35.650765,-80.461542,319 Faith Rd,,Salisbury,North Carolina,US,28146,4822,704-603-3299,SalisburyNC@anytimefitness.com,Salisbury
1636,35.92193,140.00356,戸頭1125 1F,,取手市,茨城県,JP,〒302-0034,JP-1574,0297-85-6037,af_toride563_info@anytimefitness.jp,取手市 (取手店)
1637,34.65867,135.52736,天王寺区堂ケ芝1-10-6　1-3F,,大阪市,大阪府,JP,〒543-0033,JP-1199,06-4305-7203,afmomodani190_info@anytimefitness.jp,大阪市 (桃谷店)
1638,34.71934,135.25216,東灘区御影1丁目1-5 1F,,神戸市,兵庫県,JP,〒658-0047,JP-1226,078-855-2901,af_mikage219_info@anytimefitness.jp,神戸市 (御影店)
1639,32.72918,-80.065044,3293 Maybank Hwy,,Johns Island,South Carolina,US,29455,2715,(843) 559-1000,JohnsIslandSC@anytimefitness.com,Johns Island
1640,34.46152,133.39218,新涯町3-20-3　ハローズ新涯店 1F,,福山市,広島県,JP,〒721-0955,JP-1034,084-920-2577,afshingai30_info@anytimefitness.jp,福山市 (福山新涯店)
1641,37.881619,-90.513882,2 Embry Dr,,Desloge,Missouri,US,63628,5215,573.516.0482,DeslogeMO@anytimefitness.com,Desloge
1642,51.25826,-0.0045,145-157 Station Road East,,Oxted,South East,GB,RH8 0QE,UK-0442,01883 779 644,Oxted@anytimefitness.co.uk,Oxted
1643,51.37358,0.0979,313 High Street,,Orpington,Greater London,GB,BR6 0NN,UK-0035,01689 422027,orpington@anytimefitness.co.uk,Orpington
1644,35.80346,140.11683,中央北1-3-2 1-2F,,印西市,千葉県,JP,〒270-1350,JP-1550,0476-85-6023,af_chibanewtown544_info@anytimefitness.jp,印西市 (千葉ニュータウン店)
1645,26.48096,80.31673,"113 / 138 & 139 ,2nd & 3rd floor Swaroop Nagar",,Kanpur,Uttar Pradesh,IN,208002,IN-1055,+918448449361,swaroopnagar.kanpur@anytimefitness.in,"Kanpur, Swarup Nagar"
1646,28.7345,77.11332,"4th Floor , Anushka Tower-2",,New Delhi,Delhi,IN,110085,IN-1174,+91 9266107778 +91 9266107779,rohini11.delhi@anytimefitness.in,"new Delhi, Rohini 11"
1647,39.25899,-84.79375,10501 New Haven Rd,,Harrison,Ohio,US,45030,3258,(513) 367-2400,HarrisonOH@anytimefitness.com,Harrison
1648,32.95953,131.86691,鶴岡西町2-172 1F,,佐伯市,大分県,JP,〒876-0047,JP-1539,0972-28-5172,af_saiki526_info@anytimefitness.jp,佐伯市 (コスモタウン佐伯店)
1649,41.74833,-88.17037,1271 Rickert Dr,,Naperville,Illinois,US,60540,2619,(630) 219-4114,NapervilleIL@anytimefitness.com,Naperville (Rickert Dr)
1650,51.4593,-2.11794,Unit 3 31-33 High Street,,Chippenham,South East,GB,SN15 3EY,UK-0531,,chippenham@anytimefitness.co.uk,Chippenham
1651,34.8259,134.70685,市之郷町4-20 1F,,姫路市,兵庫県,JP,〒670-0943,JP-1339,079-280-1506,af_himeji332_info@anytimefitness.jp,姫路市 (姫路店)
1652,35.4606,-86.78074,712 N Ellington Pkwy,,Lewisburg,Tennessee,US,37091,3101,(931) 492-9556,LewisburgTN@anytimefitness.com,Lewisburg
1653,41.06103,-85.21871,5984 W Jefferson Blvd,,Fort Wayne,Indiana,US,46804,3932,(260) 436-8680,FortWayneIN4@anytimefitness.com,Fort Wayne
1654,14.56268,121.01723,Lerato Mall Malugay,,Makati,Metro Manila,PH,1203,PH-0117,,Malugay@anytimefitness.ph,Makati
1655,42.63107,-83.75176,1812 Old US 23,,Howell,Michigan,US,48843,1847,(810) 632-0022,HartlandMI2@anytimefitness.com,Howell (Hartland)
1656,28.65874,77.36664,"Plot No. CP-6, First Floor, Sector-11",,Ghaziabad,Uttar Pradesh,IN,201012,IN-1141,+91 8750077774,vasundhara.ghaziabad@anytimefitness.in,"Ghaziabad, Vasundhara"
1657,43.04488,141.34279,中央区南11条西11-2-1 M34札幌山鼻ビル 2F,,札幌市,北海道,JP,〒064-0811,JP-1337,011-206-1809,af_syamahana327_info@anytimefitness.jp,札幌市 (札幌山鼻店)
1658,43.08131,-73.80378,60 West Ave,,Saratoga Springs,New York,US,12866,4733,518-415-5551,SaratogaSpringsNY@anytimefitness.com,Saratoga Springs
1659,35.9161,-84.57493,1225 S. Roane St.,,Harriman,Tennessee,US,37748,3359,(865) 590 7429,HarrimanTN@anytimefitness.com,Harriman
1660,3.14642,101.66203,"Lot No. 8T-1F-SAT2, Level 1, Menara 8trium @ Bandar Sri Damansara",,Sri Damansara,Kuala Lumpur,MY,52200,MY-0027,012 772 3715,SriDamansara@anytimefitness.my,Sri Damansara
1661,42.97557,-87.98865,6015 W Forest Home Ave,,Milwaukee,Wisconsin,US,53220,1014,(414) 259-9999,MilwaukeeWI4@anytimefitness.com,Milwaukee (City of Greenfield)
1662,34.73863,135.4835,淀川区西三国4-8-19 三国ビルディング 2F,,大阪市,大阪府,JP,〒532-0006,JP-2694,06-6151-5429,af_nishimikuni930_info@anytimefitness.jp,大阪市 (西三国店)
1663,34.82721,137.20771,竹谷町蟹洗14-1 1F,,蒲郡市,愛知県,JP,〒443-0046,JP-1573,0533-56-3155,af_gamagori561_info@anytimefitness.jp,蒲郡市 (蒲郡店)
1664,50.81296,-1.91207,Unit 1 Lindbergh Road,,Ferndown,South West,GB,BH21 7SP,UK-0405,01202 818247,Ferndown@anytimefitness.co.uk,Ferndown
1665,33.12917,-96.724195,8480 TX-121,,McKinney,Texas,US,75070,4743,214-310-3868,McKinneyTX4@anytimefitness.com,McKinney (Craig Ranch)
1666,35.72605,139.69463,南長崎1-25-4　スカイフラット10 B1,,豊島区,東京都,JP,〒171-0052,JP-1119,03-3565-6217,afshiinamachi115_info@anytimefitness.jp,豊島区 (椎名町店)
1667,35.57227,139.72944,大森西3-16-11 1F,,大田区,東京都,JP,〒143-0015,JP-1288,03-6410-8256,af_omorimachi274_info@anytimefitness.jp,大田区 (大森町店)
1668,14.70825,121.0366,SM City Novaliches,,Novaliches,Metro Manila,PH,,PH-0126,0998 958 6538,Novaliches@anytimefitness.ph,SM City Novaliches
1669,52.32779,-106.58154,701 Centennial Blvd. N.,,Warman,Saskatchewan,CA,S0K 4S0,3115,(306) 242-4945,WarmanSK@anytimefitness.ca,Warman
1670,37.6807,-97.46303,215  S Maize Rd,,Wichita,Kansas,US,67209,2020,(316) 260-1254,WichitaKS3@anytimefitness.com,Wichita (West)
1671,44.8502,-123.2061,1399 Monmouth St,,Independence,Oregon,US,97351,1738,(503) 837-0949,IndependenceOR@anytimefitness.com,Independence
1672,35.592384,-84.476486,787 New Hwy 68,,Sweetwater,Tennessee,US,37874,5011,423-271-6118,SweetwaterTN@anytimefitness.com,Sweetwater
1673,32.902304,-96.941527,6941 Riverside Dr,,Irving,Texas,US,75039,4549,972-957-3666,IrvingTX3@anytimefitness.com,Irving
1674,35.66425,139.85774,西葛西6-8-1　松岡西葛西ビル 2-3F,,江戸川区,東京都,JP,〒134-0088,JP-1099,03-5878-1651,afnishikasai89_info@anytimefitness.jp,江戸川区 (西葛西店)
1675,43.86211,-79.71581,12730 Hwy 50,,Bolton,Ontario,CA,L7E 4G1,1831,905 857 8857,BoltonON@anytimefitness.ca,Bolton
1676,-37.88482,145.00503,14 Ripon Grove,,Elsternwick,Victoria,AU,3185,AU-1261,0475 900 811,elsternwick@anytimefitness.com.au,Elsternwick
1677,27.21032,-81.83822,1309 East Oak St,,Arcadia,Florida,US,34266,4009,(863) 240-0871,ArcadiaFL@anytimefitness.com,Arcadia
1678,28.56237,77.26888,"Building no.7, Community Centre,",,New Delhi,Delhi,IN,110025,IN-1057,+919667185125,nfc.delhi@anytimefitness.in,"New Delhi, New Friends Colony"
1679,34.82578,135.69653,田口山3-5-40,,枚方市,大阪府,JP,573-0001,JP-3045,072-896-9511,af_hirakatanagao1255_info@anytimefitness.jp,枚方市 (枚方長尾)
1680,33.58239,130.40814,中央区清川1-5-13　ロイヤルコンフォート渡辺通252 1F,,福岡市,福岡県,JP,〒810-0005,JP-1140,092-791-6925,afwatanabedori101_info@anytimefitness.jp,福岡市 (渡辺通店)
1681,1.34887,103.93565,"5 Tampines Avenue 3, #02-03, Tampines West Community Club",,Singapore,North East,SG,529705,SG-0045,+65 8186 7478,tampineswest@anytimefitness.sg,Tampines West
1682,35.81241,139.45536,花園1-2315-1,,所沢市,埼玉県,JP,〒359-0047,JP-2916,04-2937-3391,af_shintokorozawa1127_info@anytimefitness.jp,所沢市 (新所沢店)
1683,51.4113,6.0372,Raadhuisplein 8,,Sevenum,Limburg,NL,5975 BK,NL-1005,085-773 88 45,sevenum@anytimefitness.nl,Sevenum
1684,46.39073,-116.99071,102 Thain Rd,,Lewiston,Idaho,US,83501,917,(208) 743-7100,LewistonID@anytimefitness.com,Lewiston
1685,29.49987,-98.7281,6820 Alamo Pkwy,,San Antonio,Texas,US,78253,3627,(210) 688-0024,SanAntonioTX9@anytimefitness.com,San Antonio (Alamo Ranch)
1686,34.817628,-82.600466,1011 S Pendleton St,,Easley,South Carolina,US,29642,4774,(864) 307-9924,EasleySC@anytimefitness.com,Easley
1687,35.17004,136.92119,中区葵1-22-13 佐鳴ビル B1F,,名古屋市,愛知県,JP,〒460-0006,JP-2978,052-508-8368,af_shinsakaeaoi1189_info@anytimefitness.jp,名古屋市 (新栄葵店)
1688,35.66224,139.8734,東葛西6-2-1 3F,,江戸川区,東京都,JP,〒134-0084,JP-1110,03-5878-1292,afkasai109_info@anytimefitness.jp,江戸川区 (葛西店)
1689,51.42755,5.39132,Heibocht 10,,Veldhoven,Noord-Brabant,NL,5508 VX,NL-1211,+31 40 218 06 18,veldhoven@anytimefitness.nl,Veldhoven
1690,43.4661,-89.7695,434 WI-136,,Baraboo,Wisconsin,US,53913,2770,(608) 356-3633,BarabooWI@anytimefitness.com,Baraboo
1691,34.80733,135.70842,津田山手1丁目19-1,,枚方市,大阪府,JP,〒573-0128,JP-1311,072-845-4023,af_htyamate304_info@anytimefitness.jp,枚方市 (枚方津田山手店)
1692,43.118039,-76.159408,7165 Buckley Rd,,Liverpool,New York,US,13088,4777,(315) 715-3311,LiverpoolNY@anytimefitness.com,Liverpool
1693,35.61842,139.72991,大崎1-20-8 INOビル大崎 2F,,品川区,東京都,JP,〒141-0032,JP-2934,03-5747-9785,af_osaki1145_info@anytimefitness.jp,品川区 (大崎店)
1694,36.22548,137.97941,筑摩1-2-34 1F,,松本市,長野県,JP,〒390-0821,JP-2940,0263-31-6391,af_tsukama1151_info@anytimefitness.jp,松本市 (松本つかま店)
1695,40.535,-112.29949,227 N Main St,,Tooele,Utah,US,84074,908,435-882-1811,TooeleUT@anytimefitness.com,Tooele
1696,10.25879,123.67116,"Star Mall Talisay 7R5F+GC8, N Bacalso,",,Talisay,Cebu,PH,6045,PH-0138,,StarmallTalisay@anytimefitness.ph,Star Mall Talisay
1697,35.78368,139.90129,松戸1228-1 松戸ステーションビル 6F,,松戸市,千葉県,JP,〒271-0092,JP-2927,047-710-2028,af_matsudoekimae1138_info@anytimefitness.jp,松戸市 (松戸駅前店)
1698,-37.63906,144.93275,"Roxburgh Park Shopping Centre, 250 Somerton Road",,Roxburgh Park,Victoria,AU,3064,AU-1432,0439923496,roxburghpark@anytimefitness.com.au,Roxburgh Park
1699,-32.60556,149.59832,20D Sydney Road,,Mudgee,New South Wales,AU,2850,AU-1222,02 6372 6387,mudgee@anytimefitness.com.au,Mudgee
1700,44.55336,-94.22262,518 Main Ave,,Gaylord,Minnesota,US,55334,48,(507) 237-3700,FitCoMN@gmail.com,Gaylord
1701,35.12083,136.9365,瑞穂区瑞穂通7-25-2 STAビル 1-3F,,名古屋市,愛知県,JP,〒467-0806,JP-1270,052-842-8562,af_mizuhodouri262_info@anytimefitness.jp,名古屋市 (瑞穂通店)
1702,41.6991,-93.03175,1707 1st Ave E,,Newton,Iowa,US,50208,475,(641) 792-3880,newtonia@anytimefitness.com,Newton
1703,41.82821,12.47355,"Via dell'Arte, 65",,Roma,Roma,IT,00144,IT-0076,,,Roma (Eur)
1704,-27.58785,153.28092,"Victoria Point Shopping Centre, 2-34 Bunker Road",,Victoria Point,Queensland,AU,4165,AU-1639,0491656840,victoriapoint@anytimefitness.com.au,Victoria Point
1705,1.2841,103.84567,"531 Upper Cross Street #01-07, Hong Lim Complex",,Singapore,South East,SG,050531,SG-0042,+65 9859 4392,uppercrossst@anytimefitness.sg,Upper Cross Street
1706,38.32959,-85.89719,3684 Hwy 150,,Floyds Knobs,Indiana,US,47119,621,(812) 923-2348,FloydsKnobs@anytimefitness.com,Floyds Knobs
1707,-35.07563,138.5229,3 Hutt Close,,Sheidow Park,South Australia,AU,5158,AU-1420,0426412776,hallettcove@anytimefitness.com.au,Hallett Cove
1708,33.8581925,-118.0444621,5100 Orangethorpe Ave.,,La Palma,California,US,90623,4819,(562) 725-3539,LaPalmaCA@anytimefitness.com,La Palma
1709,34.66822,135.16661,兵庫区浜崎通4-5 2F,,神戸市,兵庫県,JP,〒652-0807,JP-2893,078-945-7983,af_hyogost1104_info@anytimefitness.jp,神戸市 (兵庫駅前店)
1710,1.30107,103.86268,The Concourse 300 Beach Road #02-01A/02 Singapore 199555,,Singapore,Central Singapore,SG,199555,SG-0166,,TheConcourse@anytimefitness.sg,The Concourse
1711,-6.9296,107.43413,"Jl. Peta No.241, Suka Asih, Kec. Bojongloa Kaler, Kota  Bandung, Jawa Barat 40232",,Kota Bandung,Bandung,ID,40232,ID-0070,,FestivalCitylinkBandung@anytimefitness.id,Anytime Fitness Festival Citylink Bandung
1712,32.47438,-100.39795,1000-C E. Broadway St,,Sweetwater,Texas,US,79556,2712,(325) 236-6366,SweetwaterTX@anytimefitness.com,Sweetwater
1713,-27.69346,153.07704,"3/514 Green Road, Crestmead, QLD 4132",,Crestmead,Queensland,AU,4132,AU-1672,0455 257 107,crestmead@anytimefitness.com.au,Crestmead
1714,36.09004,136.24705,高柳2-114 1F,,福井市,福井県,JP,〒910-0837,JP-1575,0776-97-9601,af_fukuitakayanagi562_info@anytimefitness.jp,福井市 (福井高柳店)
1715,45.45304,9.11271,Via Bisceglie 68,,Milano,Milano,IT,20152,IT-0058,3513886893,milanobisceglie@anytimefitness.it,Milano (Bisceglie)
1716,-34.55309,146.40773,37 Kurrajong Avenue,,Leeton,New South Wales,AU,2705,AU-1080,02 69533235,leeton@anytimefitness.com.au,Leeton
1717,30.226371,-95.522417,3759 FM 1488,,The Woodlands,Texas,US,77382,5489,(936) 207-2979,TheWoodlandsTX@anytimefitness.com,The Woodlands
1718,-37.86953,144.9943,16-20 William Street,,Balaclava,Victoria,AU,3183,AU-1674,03 9063 4061,balaclava@anytimefitness.com.au,Balaclava
1719,35.88144749,-106.2857432,195 East Rd,,Los Alamos,New Mexico,US,87544,4843,(505) 551-0551,LosAlamosNM@anytimefitness.com,Los Alamos
1720,1.43028,103.83647,"1 Northpoint Drive, #02-175-178 South Wing of Northpoint City",,Yishun,North East,SG,768019,SG-0054,+65 6481 4737,NorthpointCity@anytimefitness.sg,Northpoint City
1721,36.1191,137.94364,大門桔梗ケ原1079-61 ユメックスビル 2F,,塩尻市,長野県,JP,〒399-0745,JP-2727,0263-31-6289,af_shiojiri962_info@anytimefitness.jp,塩尻市 (塩尻店)
1722,-6.13813,106.87095,"Jl. Danau Sunter Utara No.Kav.II, RT.14/RW.13, Sunter Agung, Tj. Priok, Kota Jkt Utara,",,Sunter Mall,Jakarta,ID,14350,ID-0006,,SunterMall@anytimefitness.id,Sunter Mall
1723,1.35083,103.87233,"23 Serangoon Central, #04-73/74/75 Nex,",,Serangoon Central,Central Singapore,SG,556083,SG-0010,+65 6555 3400,nex@anytimefitness.sg,Nex
1724,45.48252,9.20206,Via Ruggiero Boscovich 14,,Milano,Milano,IT,20124,IT-0007,389 552 9217,milanocentrale@anytimefitness.it,Milano (Centrale)
1725,18.9635,72.8048,"2nd Floor, Turquoise Building, August Kranti Marg,",,Mumbai,Maharashtra,IN,400036,IN-1086,+917977753478,kempscorner.mumbai@anytimefitness.in,"Mumbai,  Kemps Corner"
1726,42.98286,-79.25824,95 Lincoln St W,,Welland,Ontario,CA,L3C 7C3,4074,905-788-2407,WellandCA@anytimefitness.ca,Welland
1727,14.58786,120.99666,Level 2 Robinsons Place Otis,,Otis,Metro Manila,PH,,PH-0118,09958818851,Otis@anytimefitness.ph,Otis
1728,38.95784,-85.87683,840 E Tipton St,,Seymour,Indiana,US,47274,2018,(812) 680-4639,SeymourIN@anytimefitness.com,Seymour
1729,49.1323,-123.92254,50 10th St,,Nanaimo,British Columbia,CA,V9R 6L1,2081,(250) 753-2336,NanaimoBC@anytimefitness.ca,Nanaimo
1730,28.64371,77.17263,"23/14, first floor, east patel nagar market, East Patel Nagar",,New Delhi,Delhi,IN,110008,IN-1011,+919811122872,patelnagar.delhi@anytimefitness.in,"New Delhi, East Patel Nagar"
1731,42.91239,-82.49688,3270 Gratiot Ave,,Marysville,Michigan,US,48040,3075,(810) 937-5974,MarysvilleMI@anytimefitness.com,Marysville
1732,38.89778,-77.07072,1919 N Lynn St,,Arlington,Virginia,US,22209,4710,571.339.1919,RosslynVA@anytimefitness.com,Arlington (Rosslyn)
1733,-35.14118,138.49687,"Colonnades Shopping Centre, Shop LE100 Lot 54 Beach Rd, Noarlunga Centre",,Colonnades,South Australia,AU,5168,AU-1202,0477 077 347,colonnades@anytimefitness.com.au,Colonnades
1734,32.90348,129.95668,幸町25-198 1-2F,,大村市,長崎県,JP,〒856-0836,JP-1464,0957-47-6816,af_omura417_info@anytimefitness.jp,大村市 (長崎大村店)
1735,-33.9416,151.23951,205 Maroubra Road,,Maroubra,New South Wales,AU,2035,AU-1315,02 9344 6191,maroubra@anytimefitness.com.au,Maroubra
1736,38.65146,-87.15328,101 Cherry Tree Plz,,Washington,Indiana,US,47501,723,(812) 254-2200,WashingtonIN@anytimefitness.com,Washington
1737,-33.48275,150.15464,1 Naomi Street,,Lithgow,New South Wales,AU,2790,AU-1299,02 6351 4251,lithgow@anytimefitness.com.au,Lithgow
1738,14.39857,120.93932,"City Mall Aguinaldo H-way, Anabu 1B, Imus City 4103, Cavite",,Imus,Cavite,PH,,PH-0051,09276957002,imus@anytimefitness.ph,"City Mall, Imus"
1739,36.95673,-122.0412,1640 Mission St,,Santa Cruz,California,US,95060,4906,(831) 777-3999,SantaCruzCA@anytimefitness.com,Santa Cruz
1740,39.54663,-83.4253,240 Washington Sq,,Washington Court House,Ohio,US,43160,3005,(740) 606-9257,WACourtHouseOH@anytimefitness.com,Washington Court House
1741,33.1705,-96.89014,2701 Little Elm Pkwy,,Little Elm,Texas,US,75068,3271,(469) 200-0291,LittleElmTX@anytimefitness.com,Little Elm
1742,40.84386,-81.76718,301 W High St,,Orrville,Ohio,US,44667,5253,(937) 450-1170,OrrvilleOH@anytimefitness.com,Orrville
1743,35.91701,140.63704,平泉281-25 2F,,神栖市,茨城県,JP,〒314-0146,JP-1438,0299-94-8730,af_kamisu420_info@anytimefitness.jp,神栖市 (神栖店)
1744,-37.83778,144.99393,21 Daly Street,,South Yarra,Victoria,AU,3141,AU-1603,0407 222 579,southyarra@anytimefitness.com.au,South Yarra
1745,35.7303,139.72045,東池袋3-20-3　東池袋SSビル B1,,豊島区,東京都,JP,〒170-0013,JP-1054,03-5956-3321,afe-ikebukuro50_info@anytimefitness.jp,豊島区 (東池袋店)
1746,34.71318,135.49946,北区豊崎5-3-15 2-3F,,大阪市,大阪府,JP,〒531-0072,JP-3005,06-6136-8977,af_umedanakatsu1216_info@anytimefitness.jp,大阪市 (梅田中津店)
1747,35.67144,139.90347,南行徳1-16-17 グランヴィア南行徳 1-2F,,市川市,千葉県,JP,〒272-0138,JP-1368,047-323-6705,af_sgyotoku360_info@anytimefitness.jp,市川市 (南行徳店)
1748,-34.95656,138.64456,548 Portrush Road,,Glen Osmond,South Australia,AU,5064,AU-1441,0491141561,glenosmond@anytimefitness.com.au,Glen Osmond
1749,40.80649,140.75453,緑3-10-33 1F,,青森市,青森県,JP,〒030-0845,JP-1472,017-718-8038,af_aosunroad461_info@anytimefitness.jp,青森市 (青森サンロード店)
1750,13.7055,100.6014,"Century Plaza, 2089 Sukhumvit Rd,",,"Phra Khanong Nuea, Watthana",Bangkok,TH,10260,TH-0015,,CenturyOnnut@anytimefitness.co.th,Century Onnut
1751,53.628757,-113.491931,Castle Downs Rd NW & 167 Ave NW,,Edmonton,Alberta,CA,T5X,5411,,EdmontonAB11@anytimefitness.ca,Edmonton
1752,19.03407,-98.23463,"Boulevard Osa Mayor, número 4929",,Puebla,Puebla,MX,72193,MX-1106,221 179 02 71,angelopolis.puebla@anytimefitness.com.mx,Puebla (Angelópolis)
1753,55.79009,-4.27833,10 Busby Road,,Clarkston,Scotland,GB,G76 7XL,UK-0242,0141 2551247,clarkston@anytimefitness.co.uk,Clarkston
1754,34.77034,134.80142,中島1-178 1F,,高砂市,兵庫県,JP,〒676-0001,JP-2928,079-490-4557,af_takasagonakashima1139_info@anytimefitness.jp,Takasago Shi (高砂中島店)
1755,14.6198,121.0933,"Ayala Malls Feliz - Marikina-Infanta Hwy, Marikina, 1800 Metro Manila, Philippines",,Marikina,Metro Manila,PH,1800,PH-0224,,AyalaMallsFeliz@anytimefitness.ph,Ayala Malls Feliz
1756,36.659221,-121.659271,1128 S Main St,,Salinas,California,US,93901,4916,(831) 484-7878,SouthSalinasCA@Anytimefitness.com,South Salinas
1757,14.40919,120.85702,2nd Floor SM City Rosario Gen. Trias Dr.,,Rosario,Cavite,PH,4106,PH-0105,0966-712-0528,AFRosario@anytimefitness.ph,Rosario
1758,33.924485,-118.395012,630 N Pacific Coast Hwy,,El Segundo,California,US,90245,3849,(424) 277-9000,ElSegundoCA@anytimefitness.com,El Segundo
1759,34.47414,132.51638,安佐北区落合南4-2-10 1-2F,,広島市,広島県,JP,〒739-1732,JP-2789,082-516-5425,af_koyo1021_info@anytimefitness.jp,広島市 (高陽店)
1760,26.19642,127.677,鏡原町34-36 アクロスプラザ小禄 2F,,那覇市,沖縄県,JP,〒901-0151,JP-2520,098-851-7452,af_kyohara755_info@anytimefitness.jp,那覇市 (鏡原店)
1761,20.65231,-87.07641,Av. Chemuyil Manzana 1 Lote 3 Local 102,,Playa del Carmen,Quintana Roo,MX,77710,MX-1036,(98) 4169 1516,plazacobaqr@anytimefitness.com.mx,Playa del Carmen (Plaza Coba)
1762,52.03734,6.60603,Schrijnwerker 1,,Groenlo,Gelderland,NL,7141 PR,NL-1042,+31 (0)544 200 003,groenlo@anytimefitness.nl,Groenlo
1763,51.52576,-0.21399,332 Ladbroke Grove,,London,Greater London,GB,W10 5AD,UK-0129,0203 149 2030,ladbrokegrove@anytimefitness.co.uk,London (Ladbroke Grove)
1764,34.4469,132.39594,安佐南区大塚西6-12-1 A.CTIYプラザ 2F,,広島市,広島県,JP,〒731-3167,JP-2817,082-225-8617,af_seifushinto1048_info@anytimefitness.jp,広島市 (ひろしま西風新都店)
1765,35.56171,139.70294,多摩川1-1-10　ライオンズマンション森田多摩川 1F,,大田区,東京都,JP,〒146-0095,JP-1104,03-6451-9720,afyaguchinowatashi92_info@anytimefitness.jp,大田区 (矢口渡店)
1766,35.50148,-82.52424,1863 Hendersonville Rd,,Asheville,North Carolina,US,28803,3299,(828) 920-4040,Asheville@anytimefitness.com,"Asheville, NC (South)"
1767,32.1897848,-95.4343016,20071 Hwy 155 S,,Flint,Texas,US,75762,4920,903-833-4394,FlintTX2@anytimefitness.com,Flint (Lake Palestine)
1768,35.77614,139.83307,谷中2-10-7 エムケイビル 2F,,足立区,東京都,JP,〒120-0006,JP-1482,03-5849-3061,af_kitaayase472_info@anytimefitness.jp,足立区 (北綾瀬店)
1769,35.44685,139.62758,中区宮川町3-83　IWASAKI BLDG 2F,,横浜市,神奈川県,JP,〒231-0065,JP-1143,045-309-6271,afhinodecho143_info@anytimefitness.jp,横浜市 (日ノ出町店)
1770,34.63831,135.49535,西成区花園南2-6-14 2F,,大阪市,大阪府,JP,〒557-0015,JP-2736,06-4703-3597,af_tengachaya971_info@anytimefitness.jp,大阪市 (天下茶屋店)
1771,-33.99415,150.78226,"Shop 1CD, Emerald Hills Shopping Village",,Leppington,New South Wales,AU,2179,AU-1544,,emeraldhill@anytimefitness.com.au,Emerald Hills
1772,41.95092,12.51624,Via Montaione 50,,Roma,Roma,IT,00139,IT-0062,3758470052,romamontaione@anytimefitness.it,Roma (Montaione)
1773,38.302228,-77.466058,710 Amelia St,,Fredericksburg,Virginia,US,22401,4973,540-680-5955,FredericksburgVA2@anytimefitness.com,Fredericksburg
1774,35.5951633,-97.658014452,8003 NW 122nd St,,Oklahoma City,Oklahoma,US,73142,590,(405) 730-6620,OklahomaCityOK2@anytimefitness.com,Oklahoma City (Northwest)
1775,35.66306,139.6553,松原5丁目26-11,,世田谷区,東京都,JP,〒156-0043,JP-1053,03-6265-8602,afe-matsubara49_info@anytimefitness.jp,世田谷区 (東松原店)
1776,33.63247,130.46135,東区土井2丁目8-6,,福岡市,福岡県,JP,〒813-0032,JP-3003,092-410-2030,af_fukuokadoi1214_info@anytimefitness.jp,福岡市 (福岡土井店)
1777,35.70222,139.94115,本中山7-22-6　ベルシオン原木中山 1F,,船橋市,千葉県,JP,〒273-0035,JP-1167,047-369-6061,afbarakinakayama155_info@anytimefitness.jp,船橋市 (原木中山店)
1778,20.08171,-98.72814,Blvd. Luis Donaldo Colosio Km8 S/N,,Pachuca,Hidalgo,MX,42186,MX-1006,(77) 1791-2024,plazaqhgo@anytimefitness.com.mx,Pachuca (Plaza Q)
1779,14.5838,121.12429,"CK Square Mall, Ortigas Ave. Ext.",,Cainta,Rizal,PH,1900,PH-0166,0917 672 6342 / 0919 074 4124,CKMallBrookside@anytimefitness.ph,CK Mall Brookside
1780,52.46519,4.73945,Dorpsstraat 344,,Assendelft,Noord-Holland,NL,1566 BR,NL-1099,+31 (0)75 201 02 22,assendelft@anytimefitness.nl,Assendelft
1781,34.425732,-117.566409,4371 Phelan Rd,,Phelan,California,US,92371,4959,442-936-9200,PhelanCA@anytimefitness.com,Phelan
1782,3.08469,101.67336,Pearl Point Shopping Centre Jalan Klang Lama,,Pearl Point,Kuala Lumpur,MY,58000,MY-0038,,pearlpoint@anytimefitness.my,Pearl Point
1783,41.4316,2.21625,"Carrer Josep Royo, 24",,Sant Adrià de Besòs Barcelona,Catalonia,ES,08930,SP-0085,608002647,santadria@anytimefitness.es,Sant Adrià de Besòs (Barcelona)
1784,40.13626,-79.83757,156 Finley Rd,,Belle Vernon,Pennsylvania,US,15012,4288,(724) 929-2100,BelleVernonPA@anytimefitness.com,Belle Vernon
1785,51.23425,-0.32791,Unit 3,,Dorking,South East,GB,RH4 1RL,UK-0164,01306 400247,dorking@anytimefitness.co.uk,Dorking
1786,51.1079,-113.96789,3650 Westwinds Dr NE,,Calgary,Alberta,CA,T3J 5H2,3300,(403) 475-4643,CalgaryAB5@anytimefitness.com,Calgary (Westwinds)
1787,36.519779,-119.557588,939 Sierra St,,Kingsburg,California,US,93631,5003,(559) 634-3555,KingsburgCA@anytimefitness.com,Kingsburg
1788,45.33442,-75.69166,228 Hunt Club Rd,,Ottawa,Ontario,CA,K1V 1C1,3090,(613) 731-1234,ottawahuntclub@anytimefitness.ca,Ottawa (Hunt Club and Riverside)
1789,3.11902,101.57781,"2, Jalan PJU 1a/3, Ara Damansara,",,Petaling Jaya,Selangor,MY,47301,MY-0070,,AraDamansara@anytimefitness.my,Ara Damansara
1790,36.67555,138.21095,檀田2-21-12 1-2F,,長野市,長野県,JP,〒381-0052,JP-1600,026-219-3484,af_naganon586_info@anytimefitness.jp,長野市 (長野北店)
1791,42.087388,-80.138842,2921 W 26th St,,Erie,Pennsylvania,US,16506,5015,(814) 315-1280,EriePA@anytimefitness.com,Erie
1792,51.52145,-0.71755,Cooper Court,,Maidenhead,South East,GB,SL6 1LF,UK-0439,01628 769888,maidenhead@anytimefitness.co.uk,Maidenhead
1793,51.2958,-0.33086,11-15 North Street,,Leatherhead,South East,GB,KT22 7AX,UK-0422,01372 898 247,leatherhead@anytimefitness.co.uk,Leatherhead
1794,36.02591,140.17575,本郷3-2 1F,,稲敷郡阿見町,茨城県,JP,〒300-1159,JP-1648,029-893-2125,af_ami637_info@anytimefitness.jp,阿見町 (阿見店)
1795,35.55087,139.67471,幸区鹿島田1-10-3 T.M2鹿島田駅前ビルⅡ 1-2F,,川崎市,神奈川県,JP,〒212-0058,JP-2805,044-280-6875,af_kashimada1036_info@anytimefitness.jp,川崎市 (鹿島田店)
1796,35.00409,135.8805,馬場1-19-1 2-3F,,大津市,滋賀県,JP,〒520-0802,JP-1611,077-511-9803,af_otsuzeze609_info@anytimefitness.jp,大津市 (大津膳所店)
1797,29.52377,-95.1949,810 S Friendswood Dr,,Friendswood,Texas,US,77546,1253,(281) 648-3100,FriendswoodTX@anytimefitness.com,Friendswood
1798,3.11378,101.61071,"Second Floor, Megah Rise, No. 3, Jalan SS24/9, 47301",,Petaling Jaya,Kuala Lumpur,MY,,MY-0056,+6012 6637265,MegahRise@anytimefitness.my,Megah Rise
1799,20.68748,-103.39145,Av. Eulogio Parra #3200 - A17,,Guadalajara,Jalisco,MX,44670,MX-1010,(33) 9627-7366,providenciaJal@anytimefitness.com.mx,Guadalajara (Providencia)
1800,-36.85885,174.74829,44 Pollen Street,,"Ponsonby, Auckland",Auckland,NZ,1011,NZ-1006,09 3605488,ponsonby@anytimefitness.co.nz,"Ponsonby, Auckland"
1801,43.903,-80.11894,224 Centennial Rd,,Orangeville,Ontario,CA,L9W 5K2,3190,519 940 4848,OrangevilleON@anytimefitness.ca,Orangeville
1802,51.4098,-0.22904,16 Coombe Lane,,London,Greater London,GB,SW20 8ND,UK-0060,0203 7456665,raynespark@anytimefitness.co.uk,London (Wimbledon - Raynes Park)
1803,52.14782,-106.566816,160-1804 McOrmond Dr,,Saskatoon,Saskatchewan,CA,S7S 0A6,4793,306 952 1111,SaskatoonsaSK@anytimefitness.ca,Saskatoon (University Heights)
1804,-33.67485,150.92108,Unit 4/593 Withers Rd,,Rouse Hill North,New South Wales,AU,2155,AU-1598,0400407005,rousehillnorth@anytimefitness.com.au,Rouse Hill North
1805,41.38405,-72.43543,190 Main St,,Deep River,Connecticut,US,06417,4188,(860) 322-3987,DeepRiverCT@anytimefitness.com,Deep River
1806,37.90234,139.07071,中央区紫竹山3-4-3 1F,,新潟市,新潟県,JP,〒950-0914,JP-1458,025-384-0466,af_niigatashichiku440_info@anytimefitness.jp,新潟市 (新潟紫竹山店)
1807,1.31978,103.88415,"Blk 119, #01-80/82/84, Aljunied Avenue 2, Singapore 380119",,Geylang,South East,SG,,SG-0159,,Aljunied119@anytimefitness.sg,Anytime Fitness Aljunied 119
1808,34.88332,136.82619,りんくう町2-20-3 1F,,常滑市,愛知県,JP,〒479-0882,JP-2859,0569-47-6281,af_tokoname1070_info@anytimefitness.jp,常滑市 (イオンモール常滑店)
1809,3.08441,101.52334,"Lot No B 2 & 3, Berandah, Plaza Shah Alam",,Plaza Shah Alam,Selangor,MY,40100,MY-0020,,shah.alam@anytimefitness.my,Plaza Shah Alam
1810,29.524445,-95.752483,1636 Minonite Rd,,Rosenberg,Texas,US,77469,5035,(832) 612-2828,RichRoseTX@anytimefitness.com,Rosenberg (FM 2977 N)
1811,44.902907,-76.255868,58 Wilson St,,Perth,Ontario,CA,K7H 2N4,4385,613 201 2424,PerthON@anytimefitness.ca,Perth
1812,34.0029,-83.913,720 Dacula Rd,,Dacula,Georgia,US,30019,928,(770) 236-8700,DaculaGA@anytimefitness.com,Dacula
1813,19.18385,72.95298,"4th Floor, 360 Degree Business Park, Z-1991, Lal Bahadur Shastri Marg",,Mumbai,Maharashtra,IN,400080,IN-1200,+91 8655431325,mulundwest.mumbai@anytimefitness.in,"Mulund West, Mumbai, Maharashtra"
1814,31.13437,-87.0676,1650 Douglas Ave,,Brewton,Alabama,US,36426,3866,(251) 314-1411,BrewtonAL@anytimefitness.com,Brewton
1815,31.73848,130.76018,国分中央3-39-10 2F,,霧島市,鹿児島県,JP,〒899-4332,JP-1463,0995-55-1226,af_kokubu454_info@anytimefitness.jp,霧島市 (国分中央店)
1816,28.46392,77.06555,"First Floor and Second Floor, SCO No. 318",,Gurgaon,Haryana,IN,122009,IN-1203,"+91 9220707992, +91 9220707993",29.gurgaon@anytimefitness.in,"Gurgaon, Sector 29"
1817,19.10288,72.83917,"Cosmos, CTS NO. 399. S.V. ROAD, Above Millennium Toyota Showroom, Vile parle( West )",,Mumbai,Maharashtra,IN,400056,IN-1024,+919867555235,vileparlewest.mumbai@anytimefitness.in,"Mumbai, Vile Parle(West)"
1818,35.52719,139.54886,都筑区川和町3030 ベルクフォルテ横浜川和町 1F,,横浜市,神奈川県,JP,〒224-0057,JP-2834,045-479-9505,af_kawawacho1055_info@anytimefitness.jp,横浜市 (川和町店)
1819,35.90172,139.7303,岩槻区美園東2-14-25 2F,,さいたま市,埼玉県,JP,〒339-0028,JP-2957,080-1007-9247,af_urawamisono1168_info@anytimefitness.jp,さいたま市 (浦和美園店)
1820,35.42587,133.32769,久米町146 1F,,米子市,鳥取県,JP,〒683-0824,JP-2564,0859-46-0920,af_yonago799_info@anytimefitness.jp,米子市 (米子店)
1821,30.009127,-97.15908,314 Main St,,Smithville,Texas,US,78957,5378,512-360-0050,SmithvilleTX@anytimefitness.com,Smithville
1822,1.42924,103.78134,"30 Woodlands Avenue Woodgrove Drive #02-12/13 & #02-01-02/03/04 The Woodgrove, &, 739065",,Woodgrove,North West,SG,739065,SG-0072,+65 8711 9300,Woodgrove@anytimefitness.sg,Woodgrove
1823,40.74659,-99.7428,210 Frontier St,,Lexington,Nebraska,US,68850,478,(308) 324-3481,LexingtonNE@anytimefitness.com,Lexington
1824,-30.35394,153.09225,"Toormina Gardens Shopping Centre, 5 Toormina Road",,Toormina,New South Wales,AU,2452,AU-1510,0433 922 911,toormina@anytimefitness.com.au,Toormina
1825,47.58329,-122.38606,2222 California Ave SW,,Seattle,Washington,US,98116,1993,(206) 306-6676,WestSeattle@anytimefitness.com,Seattle (California Ave)
1826,38.24873,140.91055,若林区大和町2-1-38　 1-2F,,仙台市,宮城県,JP,〒984-0042,JP-1077,022-782-5225,afmiyagihagi73_info@anytimefitness.jp,仙台市 (宮城の萩大通り店)
1827,-30.12318,153.19504,5 Featherstone Drive,,Woolgoolga,New South Wales,AU,2456,AU-1708,0451 231 221,woolgoolga@anytimefitness.com.au,Woolgoolga
1828,35.9831,139.85108,七光台4-2 1F,,野田市,千葉県,JP,〒278-0051,JP-1672,04-7197-6545,af_nodananakodai661_info@anytimefitness.jp,野田市 (イオンタウン野田七光台店)
1829,42.45411,-83.37439,22078 Farmington Rd,,Farmington,Michigan,US,48336,4104,(248) 479-6500,FarmingtonMI@anytimefitness.com,Farmington
1830,-32.26417,150.8883,Colonial Arcade,,Muswellbrook,New South Wales,AU,2333,AU-1004,02 7205 5150,muswellbrook@anytimefitness.com.au,Muswellbrook
1831,50.57621,-111.89584,831 1st St W,,Brooks,Alberta,CA,T1R 2B6,4100,1-888-261-8758,BrooksAB@anytimefitness.ca,Brooks
1832,41.9332851,-87.9386057,1061 S York Rd,,Bensenville,Illinois,US,60106,4635,(630) 354-7777,BensenvilleIL@anytimefitness.com,Bensenville
1833,35.0831,137.1496,小坂本町6-8-3 1-3F,,豊田市,愛知県,JP,〒471-0034,JP-1640,0565-85-7333,af_kozakahonmachi629_info@anytimefitness.jp,豊田市 (豊田小坂本町店)
1834,22.28707,114.14188,"Basement, Andes Plaza, 323 Queen's Road West",,Sai Ying Pun,HONG KONG ISLAND,HK,,HK-0003,+852 9690 7946,Saiyingpun@anytimefitness.hk,Sai Ying Pun (Sai Ying Pun)
1835,14.53603,121.0186,"3rd Level, South Park Plaza Bldg. Paseo de Magallanes",,Makati City,Metro Manila,PH,,PH-0059,02 8105515,AFMagallanes@anytimefitness.ph,Magallanes
1836,35.75585,139.7375,王子1-14-3　D・B王子 2F-4F,,北区,東京都,JP,〒114-0002,JP-1196,03-5933-6816,afoji186_info@anytimefitness.jp,北区 (王子店)
1837,41.89518,12.50936,"Via Giovanni Giolitti, 329",,Roma,Roma,IT,00185,IT-0065,3513264453,romagiolitti@anytimefitness.it,Roma (Giolitti)
1838,35.91908,139.91109,山崎2641 東京理科大学野田キャンパス 1F,,野田市,千葉県,JP,〒278-0022,JP-2996,04-7190-5284,af_rikadainoda1207_info@anytimefitness.jp,東京理科大学野田キャンパス (東京理科大学野田キャンパス店)
1839,35.71147,139.53761,新町4-7-1 1F,,西東京市,東京都,JP,〒202-0023,JP-1426,0422-38-8800,af_koganeip412_info@anytimefitness.jp,西東京市 (小金井公園店)
1840,54.432115,-110.206877,Tri-City Mall Access & 51st St,,Cold Lake,Alberta,CA,T9M 1Z9,5412,,EdmontonAB11@anytimefitness.com,Cold Lake
1841,37.05002,140.87633,内郷御厩町前田114,,いわき市,福島県,JP,〒973-8402,JP-2653,0246-38-5348,af_iwakiuchigo889_info@anytimefitness.jp,いわき市 (いわき内郷店)
1842,36.46488,139.82591,あけぼの町8-7 1F,,下都賀郡壬生町,栃木県,JP,〒321-0206,JP-2656,0282-25-5321,af_omocha892_info@anytimefitness.jp,壬生町 (おもちゃのまち店)
1843,34.7507,135.39444,南武庫之荘1-8-24 ソラリスビル 3F,,尼崎市,兵庫県,JP,〒661-0033,JP-1388,06-6415-7608,af_mukonoso377_info@anytimefitness.jp,尼崎市 (武庫之荘店)
1844,29.49916,-82.871333,1220 NW 21st Ave,,Chiefland,Florida,US,32626,5059,352.221.9988,ChieflandFL@anytimefitness.com,Chiefland
1845,38.91662,139.85879,日の出町1-1-13 1F,,酒田市,山形県,JP,〒998-0863,JP-2624,0234-31-7475,af_sakata860_info@anytimefitness.jp,酒田市 (酒田店)
1846,33.31932,130.55406,東合川5-7-30 1-2F,,久留米市,福岡県,JP,〒839-0809,JP-1545,0942-65-7156,af_higashiaikawa534_info@anytimefitness.jp,久留米市 (久留米東合川店)
1847,40.4518,-86.13065,2935 S Washington St,,Kokomo,Indiana,US,46902,1495,(765) 319-0306,KokomoIN@anytimefitness.com,Kokomo
1848,51.53502,-2.54866,Willow Brook Centre,,Bristol,South West,GB,BS32 8BS,UK-0009,0117 9277225,bradleystoke@anytimefitness.co.uk,Bristol (Bradley Stoke)
1849,37.91221,140.11252,中央1丁目2-17 1F,,米沢市,山形県,JP,〒992-0045,JP-2763,0238-27-7910,af_yonezawa998_info@anytimefitness.jp,米沢市 (米沢店)
1850,35.7492,139.70294,大山東町58-2 2-3F,,板橋区,東京都,JP,〒173-0014,JP-1725,03-6905-7921,af_oyama713_info@anytimefitness.jp,板橋区 (大山店)
1851,52.46242,-1.81308,Units 24-25 Swan Centre,,Birmingham,West Midlands,GB,B25 8UJ,UK-0033,0121 2858262,yardley@anytimefitness.co.uk,Birmingham (Yardley)
1852,51.54467,-0.17629,5 Harben Parade,,London (Swiss Cottage),Greater London,GB,NW3 6JP,UK-0423,0207 449 0384,swisscottage@anytimefitness.co.uk,London (Swiss Cottage)
1853,43.1354,-79.2173,306 Glendale Ave,,St. Catharines,Ontario,CA,L2T 2L5,2636,905 348 8755,St.Catharines@anytimefitness.ca,St. Catharines
1854,35.02628,135.74304,上京区伊勢殿構町276 Roots Plus 4-5F,,京都市,京都府,JP,〒602-8297,JP-2959,075-334-8150,af_senbonichijo1170_info@anytimefitness.jp,京都市 (千本一条店)
1855,43.226583,-79.951145,821 Golf Links Road,,Ancaster,Ontario,CA,L9K 1L5,4191,905-234-6768,AncasterON@anytimefitness.ca,Ancaster
1856,-6.27242,106.74301,"Jl. Bintaro Utama 3A No.81, Pd. Karya, Kec. Pd. Aren, Kota Tangerang Selatan, Banten 15225",,Tangerang,Tangerang,ID,15225,ID-0038,,BintaroPlaza@anytimefitness.id,Bintaro Plaza
1857,26.21759,127.69369,安里2-1-1 2F,,那覇市,沖縄県,JP,〒902-0067,JP-2814,098-975-5305,af_makishi1045_info@anytimefitness.jp,那覇市 (牧志店)
1858,45.11874,-94.49174,2226 E Frontage Rd,,Litchfield,Minnesota,US,55355,1787,(320) 593-0001,LitchfieldMN2@anytimefitness.com,Litchfield
1859,51.4565,-2.60639,48 Queens Road,,Bristol,South West,GB,BS8 1RE,UK-0001,0117 9277225,bristol@anytimefitness.co.uk,Bristol (Clifton)
1860,17.45594,78.3651,"Building Name - Ektha Pearl, 4th Floor",,Hyderabad,Andhra Pradesh,IN,500081,IN-1204,8977712480,Kondapur.hyderabad@anytimefitness.in,"Kondapur, Hyderabad, Telangana"
1861,47.30646,-122.58317,5275 Olympic Dr NW,,Gig Harbor,Washington,US,98335,1369,(253) 509-2747,GigHarborWA@anytimefitness.com,Gig Harbor
1862,35.63707,139.74713,芝浦4-17-3　芝浦ビル 2F,,港区,東京都,JP,〒108-0023,JP-1035,03-5439-5661,afshibaura31_info@anytimefitness.jp,港区 (芝浦店)
1863,31.73973,-106.42788,Av. Valle de Juárez #6515,,Ciudad Juárez,Chihuahua,MX,32320,MX-1114,6563605319,sanlorenzo.cdj@anytimefitness.com.mx,Ciudad Juárez (San Lorenzo)
1864,35.78782,139.47259,日吉町3-5 KRP Ave 3F,,所沢市,埼玉県,JP,〒359-1123,JP-2873,04-2968-8471,af_prope1084_info@anytimefitness.jp,所沢市 (所沢プロペ通り店)
1865,47.6818,-117.28451,8901 E Trent Ave,,Spokane,Washington,US,99212,504,(509) 315-5023,MillwoodWA@anytimefitness.com,Spokane (Millwood)
1866,29.858591,-89.989835,8126 LA-23,,Belle Chasse,Louisiana,US,70037,5138,504-571-5040,BelleChasseLA@anytimefitness.com,Belle Chasse
1867,31.43541,-97.74112,1409 E Main St,,Gatesville,Texas,US,76528,2884,(254) 499-1080,GatesvilleTX@anytimefitness.com,Gatesville
1868,-36.38148,145.4076,Tenancy 1,,Shepparton,Victoria,AU,3630,AU-1069,03 5822 0206,shepparton@anytimefitness.com.au,Shepparton
1869,34.67733,135.58754,長田西2-7-24 2F,,東大阪市,大阪府,JP,〒577-0016,JP-1243,06-6743-6630,af_nagatanishi239_info@anytimefitness.jp,東大阪市 (長田西店)
1870,36.0651,138.06783,長地権現町1-1-45 1F,,岡谷市,長野県,JP,〒394-0081,JP-2708,0266-75-5686,af_okaya944_info@anytimefitness.jp,岡谷市 (岡谷店)
1871,1.30374,103.89678,"372 Tanjong Katong, Mountbatten",,Tanjong Katong,South East,SG,437129,SG-0143,9276 0599,Mountbatten@anytimefitness.sg,Mountbatten
1872,35.43823,139.62508,中区曙町4-61　 1-3F,,横浜市,神奈川県,JP,〒231-0057,JP-1067,045-260-0053,afbandobashi63_info@anytimefitness.jp,横浜市 (阪東橋店)
1873,30.69127,76.85169,"SCO NO. 16, 1ST AND 2ND FLOOR",,Panchkula,Haryana,IN,134106,IN-1123,+91 7710330326,10.panchkula@anytimefitness.in,"Panchkula, Sector-10, Haryana"
1874,40.69877,-79.722682,141 Mulone Dr.,,Sarver,Pennsylvania,US,16055,5155,724-540-1141,SarverPA@anytimefitness.com,Sarver
1875,35.23119,136.95585,勝川町7-37 1F,,春日井市,愛知県,JP,〒486-0945,JP-2684,0568-27-5833,af_kachigawa920_info@anytimefitness.jp,春日井市 (勝川店)
1876,50.94198,-2.62911,"4/6 Frederick Place, Quedam Shopping Centre",,Yeovil,South West,GB,BA20 1LD,UK-0300,01935-350247,Yeovil@anytimefitness.co.uk,Yeovil
1877,45.41677,-75.702742,110 - 221 Lyon St. N,,Ottawa,Ontario,CA,K1R 7X5,9900084,,Lyon@anytimefitness.ca,Ottawa
1878,30.189151,-85.661264,107 W. 23rd Street,,Panama City,Florida,US,32405,5481,(850) 818-8184,PanamaCityFL@anytimefitness.com,Panama City
1879,32.93616,-96.60039,2380 Firewheel Pky,,Garland,Texas,US,75040,1193,(972) 495-6565,GarlandTX@anytimefitness.com,Garland (Firewheel  Pky)
1880,38.424538,-77.430045,815 Wonder Road,,Stafford,Virginia,US,22554,5208,703-891-1972,StaffordVA2@anytimefitness.com,Stafford
1881,52.0193,4.29773,Madridweg 42,,Den Haag - Wateringse Veld,Zuid-Holland,NL,2548 VK,NL-1168,+31 (0)70 – 219 97 45,denhaag-wateringseveld@anytimefitness.nl,Den Haag-Wateringse Veld
1882,50.78738,-0.97691,"First Floor, 10 Mengham Road",,Hayling Island,South East,GB,PO11 9BL,UK-0475,,haylingisland@anytimefitness.co.uk,Hayling Island
1883,36.40423,138.23876,常磐城2-1-10,,上田市,長野県,JP,〒386-0027,JP-1702,0268-71-6991,af_ueda690_info@anytimefitness.jp,上田市 (上田店)
1884,37.331976,-119.658264,40050 Hwy 49,,Oakhurst,California,US,93644,4319,559-683-2513,OakhurstCA@anytimefitness.com,Oakhurst
1885,1.31495,103.85816,294A/B Lavender Street Singapore 338807,,Boon Keng,Central Singapore,SG,,SG-0067,+65 8388 3512,BoonKeng@anytimefitness.sg,Boon Keng
1886,41.92401,-70.80641,100 N Main St,,Carver,Massachusetts,US,02330,2436,(508) 465-0468,CarverMA@anytimefitness.com,Carver
1887,42.43670868,-89.332344,426 N Center St,,Durand,Illinois,US,61024,4852,779-204-6504,DurandIL@anytimefitness.com,Durand
1888,37.11034,-113.55359,250 Red Cliffs Dr,,St. George,Utah,US,84790,5184,(435) 900-3090,StGeorgeUT@anytimefitness.com,St. George
1889,37.89122,-122.27974,1820 Solano Ave,,Berkeley,California,US,94707,3170,(510) 526-4900,BerkeleyCA@anytimefitness.com,Berkeley
1890,42.19653,-83.21321,15345 Dix-Toledo Rd,,Southgate,Michigan,US,48195,2329,(734) 250-7531,Southgate@anytimefitness.com,Southgate
1891,14.44241,120.99813,"Robinsons Place Las Pinas,",,Paranaque,Metro Manila,PH,,PH-0189,0977-609-6240,LasPinas@anytimefitness.ph,Las Pinas
1892,43.11242,-89.36203,1193 N Sherman Ave,,Madison,Wisconsin,US,53704,693,(608) 245-1616,MadisonWI3@anytimefitness.com,Madison (N Sherman Ave)
1893,45.21895,-93.3537,3450 Bunker Lake Blvd NW,,Andover,Minnesota,US,55304,525,(763) 421-1005,AndoverMN@anytimefitness.com,Andover
1894,34.60506,135.58982,南木の本2-19-1 2F,,八尾市,大阪府,JP,〒581-0042,JP-1418,072-940-7083,af_yaominami408_info@anytimefitness.jp,八尾市 (八尾南店)
1895,28.65641,77.19704,"Building no- 31, 3rd Floor, New Rohtak Rd, above ICICI BANK, Block 57,",,Delhi,Delhi,IN,110005,IN-1088,+918070610610,karolbagh.delhi@anytimefitness.in,"Delhi, Karol Bagh"
1896,42.09355,-83.27122,24619 Gibraltar Rd,,Flat Rock,Michigan,US,48134,683,(734) 782-3482,FlatRockMI@anytimefitness.com,Flat Rock
1897,41.58599,-85.84627,712 W Lincoln Ave,,Goshen,Indiana,US,46526,2102,(574) 533-3444,GoshenIN@anytimefitness.com,Goshen
1898,35.46176,139.6094,西区浅間町3-174-3　横浜製綿ビル 2F,,横浜市,神奈川県,JP,〒220-0072,JP-1136,045-594-6525,afy-sengen128_info@anytimefitness.jp,横浜市 (横浜浅間町店)
1899,-33.26656,151.43641,"Unit 2, Building 2 1-10 Amy Close",,Wyong,New South Wales,AU,2259,AU-1589,0455667332,wyong@anytimefitness.com.au,Wyong
1900,15.46712,120.95439,"SM CITY Cabanatuan, Brgy. H. Concepcion, Along, 1, Cabanatuan City, 3100 Nueva Ecija",,Cabanatuan,Nueva Ecija,PH,3100,PH-0217,,SMCityCabanatuan@anytimefitness.ph,SM City Cabanatuan
1901,35.637836,-97.481124,58 E 15th St,,Edmond,Oklahoma,US,73013,4887,(405) 938-1818,EdmondOK2@anytimefitness.com,Edmond
1902,45.475399,-73.607224,5166 Sherbrooke Street West,,Montreal,Quebec,CA,H4A 1T4,9900051,(438) 383-8883,Marlowe@anytimefitness.quebec,Montreal
1903,39.68416,141.14371,向中野1-9-40 1-2F,,盛岡市,岩手県,JP,〒020-0851,JP-1479,019-658-8360,af_moriokaminami467_info@anytimefitness.jp,盛岡市 (盛岡南店)
1904,28.88052,-82.58263,2010 SE US Hwy 19,,Crystal River,Florida,US,34429,2523,(352) 794-6161,crystalriverfl@anytimefitness.com,Crystal River
1905,34.85017,-82.39782,100 E Washington St,,Greenville,South Carolina,US,29601,258,(864) 242-9222,GreenvilleSC@anytimefitness.com,Greenville (East Washington)
1906,30.31813,-89.34754,614 Blue Meadow Rd,,Bay St. Louis,Mississippi,US,39520,1802,(228) 466-2511,BayStLouisMS@anytimefitness.com,Bay St. Louis
1907,46.483055,-93.957185,5 3rd St. NW,,Crosby,Minnesota,US,56441,5656,218-296-3427,CrosbyMN@anytimefitness.com,Crosby
1908,27.20318,78.00123,"Fifth Floor, Ram Raghu Plazzo",,Agra,Uttar Pradesh,IN,282002,IN-1180,+918006666422,civillines.agra@anytimefitness.in,"Agra, Civil Lines, Uttar Pradesh"
1909,42.42177,-88.60408,717 E. Diggins St.,,Harvard,Illinois,US,60033,2292,(815) 943-2407,HarvardIL@anytimefitness.com,Harvard
1910,49.090306,-123.078415,5259 Ladner Trunk Rd.,,Delta,British Columbia,CA,V4K 1W3,4987,(778) 669-0205,LadnerBC@anytimefitness.ca,Delta
1911,44.5349,-88.05481,450 N Military Ave,,Green Bay,Wisconsin,US,54303,574,(920) 569-6351,GreenbayWI@anytimefitness.com,Green Bay (N Military)
1912,38.01144,-81.12836,345 Mall Rd,,Oak Hill,West Virginia,US,25901,4096,(304) 469-5204,OakhillWV@anytimefitness.com,Oak Hill
1913,45.15293,-122.87491,2247 Country Club Rd,,Woodburn,Oregon,US,97071,1439,(503) 982-3645,WoodburnOR@anytimefitness.com,Woodburn
1914,40.41235,-120.63768,2635 Main St,,Susanville,California,US,96130,2022,(530) 257-7770,SusanvilleCA@anytimefitness.com,Susanville
1915,38.66059,-120.96758,3490 Palmer Dr  #3E,,Cameron Park,California,US,95682,3144,(530) 676-4111,CameronParkCA@anytimefitness.com,Cameron Park
1916,28.47944,77.01758,"Khasra No 3045/2, Railway Road, Sector 5",,Gurgaon,Haryana,IN,122001,IN-1183,+91 9999995648,5.gurgaon@anytimefitness.in,"Gurgaon, Sector 5"
1917,19.51445,-96.85714,Blvd Europa #220 Fraccionamiento Ingenio Central de Abastos,,Xalapa,Veracruz,MX,91194,MX-1103,2281384063,cdcentral.xalapa@anytimefitness.com.mx,Xalapa (Ciudad Central)
1918,30.40278,-87.33677,9075 W Hwy 98,,Pensacola,Florida,US,32506,3978,(850) 435-4300,PensacolaFL4@anytimefitness.com,Pensacola (Hwy 98 & Blue Angel)
1919,33.77247,130.4848,宮司1-1-9,,福津市,福岡県,JP,〒811-3305,JP-2765,0940-62-5517,af_fukutsu991_info@anytimefitness.jp,福津市 (福津店)
1920,51.57738,4.75471,Dr. Struyckenplein 63,,Breda,Noord-Brabant,NL,4812 TA,NL-1024,+31 76 20 30 031,breda-west@anytimefitness.nl,Breda West
1921,34.0789,134.57686,住吉6丁目 6-24 1F,,徳島市,徳島県,JP,〒770-0861,JP-1455,088-624-7550,af_tokusumiyoshi433_info@anytimefitness.jp,徳島市 (徳島住吉店)
1922,40.07294,-75.195029,7709 Crittenden St,,Philadelphia,Pennsylvania,US,19118,4978,610.492.2211,ChestnuthillPA@anytimefitness.com,Philadelphia (Chestnut Hill)
1923,42.50441,14.16954,Via Torrente Piomba 6,,Montesilvano,Pescara,IT,64015,IT-0059,3755981696,montesilvano@anytimefitness.it,Montesilvano
1924,39.24704,-114.87064,1500 Great Basin Blvd,,Ely,Nevada,US,89301,2646,(775) 289-8855,ElyNV@anytimefitness.com,Ely
1925,38.290418,-121.300147,10530 Twin Cities Rd,,Galt,California,US,95632,5302,(209) 314-1600,GaltCA@anytimefitness.com,Galt
1926,35.12297,137.18175,井上町4-141 2F,,豊田市,愛知県,JP,〒470-0372,JP-2883,0565-41-5220,af_sanage1094_info@anytimefitness.jp,豊田市 (豊田猿投店)
1927,34.74177,137.40998,佐藤3-19-10 1F,,豊橋市,愛知県,JP,〒440-0853,JP-1627,0532-21-6860,af_toyohashisato614_info@anytimefitness.jp,豊橋市 (豊橋佐藤町店)
1928,-6.24426,106.80266,"Pasaraya Blok M, GF Gedung B, Jl. Iskandarsyah Raya, No.2, RT.3/RW.1, Melawai,",,Daerah Khusus Ibukota,Jakarta,ID,12160,ID-0029,,PasarayaBlokM@anytimefitness.id,Pasaraya Blok M
1929,45.17797,-93.86623,610 Crossroads Campus Dr.,,Buffalo,Minnesota,US,55313,532,(763) 682-9999,BuffaloMN@anytimefitness.com,Buffalo
1930,28.95184,77.72827,K-6 PVS Mall Road,,Meerut,Uttar Pradesh,IN,250004,IN-1148,+91 7533807807,shastrinagar.meerut@anytimefitness.in,"Meerut, Shastri Nagar"
1931,48.38103,-123.72988,101-2193 Otter Point Rd,,Sooke,British Columbia,CA,V9Z 1R4,5431,778 352 2555,SookeBC@anytimefitness.ca,Sooke
1932,38.44831,-105.22506,304 N 16th St,,Canon City,Colorado,US,81212,1098,(719) 657-7771,CanonCityCO@anytimefitness.com,Canon City
1933,33.96944,-88.45884,60383 Cotton Gin Port Rd,,Amory,Mississippi,US,38821,1881,(662) 257-6330,AmoryMS@anytimefitness.com,Amory
1934,37.92185,139.04059,中央区寄居町332番1 パーク寄居町ビル 1-2F,,新潟市,新潟県,JP,〒951-8113,JP-1324,025-378-1056,af_niigatayorii316_info@anytimefitness.jp,新潟市 (新潟寄居町店)
1935,29.51711,-98.6613,8126 Tezel Rd,,San Antonio,Texas,US,78250,3775,(210) 960-1320,SanAntonio3@anytimefitness.com,San Antonio (Tezel)
1936,19.2822,-81.3469,"Harbour Walk, Edgewater Way, Grand Harbour",,George Town,Grand Cayman,KY,KY-1110,5357,345-946-4748,GeorgetownCaymanIslands@anytimefitness.com,George Town (Harbour Walk)
1937,31.51348,-87.31847,465 Pike St.,,Monroeville,Alabama,US,36460,4751,(251) 302-2431,MonroevilleAL@anytimefitness.com,Monroeville
1938,29.97186,-92.09625,3015 Veterans Memorial Dr,,Abbeville,Louisiana,US,70510,2233,(337) 385-2812,AbbevilleLA@anytimefitness.com,Abbeville
1939,35.52617,139.68194,鶴見区尻手3-1-8 まち～クプラザ尻手 3F,,横浜市,神奈川県,JP,〒230-0003,JP-2862,045-642-3851,af_shitte1073_info@anytimefitness.jp,横浜市 (鶴見尻手店)
1940,-6.19106,106.76793,"Jl. Panjang No.5, Kebon Jeruk",,Kebun Jeruk,Jakarta,ID,11610,ID-0030,,MenaraAKR@anytimefitness.id,Menara AKR Tower
1941,30.89016,75.79945,3rd and 4th Floor,,Ludhiana,Punjab,IN,141003,IN-1205,"+91 9815924555, +91 9815942555",ferozepurroad.ludhiana@anytimefitness.in,"Ludhiana, Ferozepur Road"
1942,46.35595,-94.22654,14091 Baxter Dr,,Baxter,Minnesota,US,56425,1476,(218) 454-2000,Baxter@anytimefitness.com,Baxter
1943,36.17346,-94.54089,1007 S Mt Olive St,,Siloam Springs,Arkansas,US,72761,2166,(479) 373-1122,SiloamSpringsAR@anytimefitness.com,Siloam Springs
1944,-34.87954,138.49172,42 Frederick Road,,West Lakes,South Australia,AU,5021,AU-1483,0411 934 698,westlakes@anytimefitness.com.au,West Lakes
1945,42.62163,-71.58789,536 Main St,,Groton,Massachusetts,US,01450,541,(978) 448-6720,GrotonMA@anytimefitness.com,Groton
1946,31.78764,-106.50564,3800 N Mesa,,El Paso,Texas,US,79912,3370,(915) 257-5990,ElPasoTX2@anytimefitness.com,El Paso
1947,33.96032,131.24155,若松町6-7 1F,,宇部市,山口県,JP,〒755-0061,JP-1698,0836-39-7671,af_ubeshinkawa686_info@anytimefitness.jp,宇部市 (宇部新川店)
1948,35.6302,140.16298,若葉区桜木北1-4-16 1-2F,,千葉市,千葉県,JP,〒264-0029,JP-1641,043-312-6296,af_chibasakuragi630_info@anytimefitness.jp,千葉市 (千葉桜木店)
1949,50.98098,-3.20686,Unit 5a/5d,,Wellington,South West,GB,TA21 9AD,UK-0298,01823 241247,wellington@anytimefitness.co.uk,Wellington
1950,38.99068,-94.668391,7620 Metcalf Ave,,Overland Park,Kansas,US,66204,5394,913-648-9474,DowntownOverlandParkKS@anytimefitness.com,Overland Park
1951,46.65177,-120.53006,201 S 1st St,,Selah,Washington,US,98942,4002,(509) 698-3500,SelahWA@anytimefitness.com,Selah
1952,32.74304,-96.44241,1012 Hwy 80,,Forney,Texas,US,75126,1271,(972) 552-1038,ForneyTX@anytimefitness.com,Forney
1953,39.415746,-86.405807,391 Grand Valley Blvd.,,Martinsville,Indiana,US,46151,2674,(765) 342-3600,MartinsvilleIN@anytimefitness.com,Martinsville
1954,-33.75303,150.65895,Lennox Shopping Centre,,Emu Plains,New South Wales,AU,2750,AU-1364,02 4761 1067,emuplains@anytimefitness.com.au,Emu Plains
1955,-33.73894,151.07277,375 Pennant Hills Rd,,Pennant Hills,New South Wales,AU,2120,AU-1112,02 9980 2293,pennanthills@anytimefitness.com.au,Pennant Hills
1956,44.992565,-93.148383,1139 Larpenteur Ave W,,Roseville,Minnesota,US,55113,252,(651) 489-3600,RosevilleMN@anytimefitness.com,Roseville
1957,-33.69244,150.90622,2 Conferta Avenue,,Tallawong,New South Wales,AU,2762,AU-1647,0488 773 905,tallawong@anytimefitness.com.au,Tallawong
1958,41.22206,1.71456,Menéndez i Pelayo 13,,Gimnasio Vilanova i la Geltrú,Catalonia,ES,Vilanova,SP-0044,+34 605170278,vilanova@anytimefitness.es,Vilanova i la Geltrú (Barcelona)
1959,36.03086,139.41958,五領町16-14 1-2F,,東松山市,埼玉県,JP,〒355-0031,JP-2640,0493-59-8626,af_higashimatsuyama876_info@anytimefitness.jp,東松山市 (東松山店)
1960,39.51986,-84.7584,5276 College Corner Pike,,Oxford,Ohio,US,45056,2901,(513) 524-3212,OxfordOH@anytimefitness.com,Oxford
1961,29.97994,-90.10909,4900 Canal St,,New Orleans,Louisiana,US,70119,1539,(504) 373-5659,NewOrleansCanalSt@anytimefitness.com,New Orleans (Canal St)
1962,50.7068,-119.25215,2890 10th Ave NE,,Salmon Arm,British Columbia,CA,V1E 2S7,2819,778 489 5323,SalmonArmBC@anytimefitness.ca,Salmon Arm
1963,-32.92659,151.75979,896 Hunter St,,Newcastle West,New South Wales,AU,2302,AU-1081,02 4961 3833,newcastlewest@anytimefitness.com.au,Newcastle West
1964,34.19544,-84.79648,10 Slopes Dr.,,Cartersville,Georgia,US,30120,1510,(770) 387-0784,CartersvilleGA@anytimefitness.com,Cartersville
1965,7.05005,125.58785,"2F SM City Davao, Quimpo Boulevard cor. Tulip Drive",,Ecoland Davao City,Davao del Sur,PH,,PH-0038,0919-928-2031,AFEcoland@anytimefitness.ph,"SM City Ecoland, Davao"
1966,42.29704,-71.44783,19 Temple St,,Framingham,Massachusetts,US,01702,2941,(508) 405-1300,FraminghamMA@anytimefitness.com,Framingham
1967,33.051527,-117.261759,260G N El Camino Real,,Encinitas,California,US,92024,5153,(760) 642-5566 ,EncinitasCA@anytimefitness.com,Encinitas
1968,43.38811,-123.34084,332 Dakota St,,Sutherlin,Oregon,US,97479,550,(541) 459-4348,Sutherlin@anytimefitness.com,Sutherlin
1969,46.56535,-120.47959,2529 Main St,,Union Gap,Washington,US,98903,4732,(509) 469-4990,UnionGapWA@anytimefitness.com,Union Gap
1970,34.672794,-86.536236,2075 Cecil Ashburn Drive SE,,Huntsville,Alabama,US,35802,4853,(256) 970-1400  ,jonesvalley.hsv@anytimefitness.com,Huntsville
1971,34.76496,135.61916,大利町1-3,,寝屋川市,大阪府,JP,〒572-0048,JP-1256,072-800-3035,af_neyagawa245_info@anytimefitness.jp,寝屋川市 (寝屋川店)
1972,34.62051,135.55926,平野区平野南3-1-5　 2F,,大阪市,大阪府,JP,〒547-0031,JP-1224,06-4305-3201,afhiranominami213_info@anytimefitness.jp,大阪市 (平野南店)
1973,41.76998,-70.95624,1 Chace Rd,,Freetown,Massachusetts,US,02717,3379,774-855-5200,FreetownMA@anytimefitness.com,Freetown
1974,26.18784,127.65802,宮城1-18-1 3F,,那覇市,沖縄県,JP,〒901-0147,JP-1317,098-851-9613,af_oroku312_info@anytimefitness.jp,那覇市 (小禄店)
1975,-36.84461,174.65189,"543 Te Atatu Rd, Te Atatu",,Auckland,Auckland,NZ,0610,NZ-1025,099508540,teatatu@anytimefitness.co.nz,"Te Atatu, Auckland"
1976,34.66555,135.52892,天王寺区下味原町3-9 下味原BWIビル 2-3F,,大阪市,大阪府,JP,〒543-0025,JP-1723,06-4392-7432,af_tsuruhashi711_info@anytimefitness.jp,大阪市 (鶴橋店)
1977,35.41464,139.59736,港南区最戸1-6-2 第一オーヴァルビル 2F,,横浜市,神奈川県,JP,〒233-0008,JP-1309,045-334-8831,af_kamioka300_info@anytimefitness.jp,横浜市 (上大岡店)
1978,34.934385,-80.749368,1150 N Broome St.,,Waxhaw,North Carolina,US,28173,4284,,WaxhawNC@anytimefitness.com,Waxhaw
1979,39.74464,141.12413,みたけ2-9-55 1F,,盛岡市,岩手県,JP,〒020-0122,JP-1452,019-681-2035,af_moriokamitake442_info@anytimefitness.jp,盛岡市 (盛岡みたけ店)
1980,43.13385,-115.66895,2600 American Legion Blvd,,Mountain Home,Idaho,US,83647,1493,(208) 587-4122,MountainHomeID@anytimefitness.com,Mountain Home
1981,35.32324,139.38771,浜見平10 2F,,茅ヶ崎市,神奈川県,JP,〒253-0062,JP-2707,0467-40-3295,af_bchigasaki943_info@anytimefitness.jp,茅ヶ崎市 (BRANCH茅ヶ崎店)
1982,34.85423,138.25801,小石川町2-15-24 1F,,藤枝市,静岡県,JP,〒426-0033,JP-2718,054-631-5672,af_fujieda953_info@anytimefitness.jp,藤枝市 (藤枝小石川店)
1983,29.90473,-82.609925,20492 N US Hwy 441,,High Springs,Florida,US,32643,5381,386-433-3233,HighSpringsFL@anytimefitness.com,High Springs
1984,35.8638,139.52552,ふじみ野東2-9-11 2-3F,,富士見市,埼玉県,JP,〒354-0036,JP-1323,049-265-3551,af_fujiminoe312_info@anytimefitness.jp,富士見市 (ふじみ野東店)
1985,-33.7183,150.92014,"Shop T21-22, Stanhope Village Shopping Centre",,Stanhope Gardens,New South Wales,AU,2768,AU-1786,stanhopegardens@anytimefitness.com.au,,Stanhope Gardens
1986,30.41208,-87.20967,100 S. Alcaniz St.,,Pensacola,Florida,US,32502,559,(850) 469-1144,PensacolaFL@anytimefitness.com,Pensacola (S Alcaniz St)
1987,23.09998,72.54844,The Riseonic,,Ahmedabad,Gujarat,IN,382481,IN-1194,+91 7359091010,gota.ahmedabad@anytimefitness.in,"Gota, Ahmedabad, Gujarat"
1988,19.18726,72.83235,"201, 202, Accord Nidhi, New Link Road, Evershine Nagar, Malad West",,Mumbai,Maharashtra,IN,400064,IN-1109,"+918591160620, +918591144050",maladwest.mumbai@anytimefitness.in,"Mumbai, Malad West, Maharashtra"
1989,31.88555,-106.57076,7456 Cimarron Market,,El Paso,Texas,US,79911,3431,915-247-3800,ElPasoTX7@anytimefitness.com,El Paso
1990,3.08248,101.64078,"150 Mall Lotus's Mutiara Lotus's Mutiara No. 8 Jalan PJU 7/4,Mutiara Damansara",,Petaling Jaya,Selangor,MY,47800,MY-0060,,MutiaraDamansara@anytimefitness.my,Mutiara Damansara
1991,31.772947,-106.368778,9120 Viscount Blvd,,El Paso,Texas,US,79925,3736,(915) 257-5973,ElPasoTX8@anytimefitness.com,El Paso
1992,-38.19875,144.34728,"Unit 1, 40 Essington Street",,Grovedale,Victoria,AU,3216,AU-1211,0400 804 882,grovedale@anytimefitness.com.au,Grovedale
1993,51.53142,-0.10559,"361-373 City Road,",,London (Angel),Greater London,GB,EC1V 1LR,UK-0160,020 3093 7717,angel@anytimefitness.co.uk,London (Angel)
1994,1.3067,103.90628,174/176 East Coast Road,,Katong,South East,SG,,SG-0071,90187538,Katong@anytimefitness.sg,Katong
1995,35.8724,139.64711,浦和区北浦和3-2-11 モンクール北浦和ビル 2F,,さいたま市,埼玉県,JP,〒330-0074,JP-1328,048-762-7275,af_nurawa321_info@anytimefitness.jp,さいたま市 (北浦和店)
1996,1.41622,103.90141,"407 Northshore Drive, #01-20 to 25,  Northshore Plaza I",,Singapore,North East,SG,820407,SG-0089,+65 9789 0337,NorthshorePlaza@anytimefitness.sg,Northshore Plaza
1997,30.11,-92.00812,1700 Chemin Metairie Pkwy,,Youngsville,Louisiana,US,70592,601,(337) 857-5060,YoungsvilleLA@anytimefitness.com,Youngsville
1998,50.8833,5.9256,Kerkplein 1,,Voerendaal,Limburg,NL,6367 EN,NL-1104,+31 45 20 30 903,sales.voerendaal@anytimefitness.nl,Voerendaal
1999,14.56801,121.08956,"Unit 301, Mercedes Retail Building",,Pasig,Metro Manila,PH,,PH-0205,,MercedesAvenue@anytimefitness.ph,Mercedes Avenue
2000,32.76951,129.86439,浜口町3-1 2-3F,,長崎市,長崎県,JP,〒852-8107,JP-1749,095-894-6125,af_nagasakihamaguchi737_info@anytimefitness.jp,長崎市 (長崎浜口町店)
2001,22.28767,114.21057,"2/F, King's House, 971 King's Road",,Quarry Bay,HONG KONG ISLAND,HK,,HK-0026,+852 6018 1282,QuarryBay@anytimefitness.hk,Quarry Bay
2002,37.91407,139.06013,中央区東大通1-2-30　第三マルカビル 2F,,新潟市,新潟県,JP,〒950-0087,JP-1254,025-385-6955,af_niigatastf244_info@anytimefitness.jp,新潟市 (新潟駅前店)
2003,31.798795,-106.321969,10910 Montana,,El Paso,Texas,US,79936,4905,915.257.4070,ElPasoTX9@anytimefitness.com,El Paso
2004,38.712762,-120.84272,3964 Missouri Flat Rd.,,Placerville,California,US,95667,2666,(530) 295-3600,PlacervilleCA@anytimefitness.com,Placerville
2005,-34.02727,150.83326,2/1 Swettenham Road,,Minto,New South Wales,AU,2566,AU-1238,(02) 8711 8822,minto@anytimefitness.com.au,Minto
2006,31.758559,-106.268536,1861 Joe Battle Blvd,,El Paso,Texas,US,79936,4995,(915) 600-2818,elpasotx10@anytimefitness.com,El Paso
2007,-33.23854,151.49988,"Unit T03, Lake Haven Mega Centre, Cnr Pacific Hwy & Lake Haven Dr",,Lake Haven,New South Wales,AU,2263,AU-1055,02 43921811,lakehaven@anytimefitness.com.au,Lake Haven
2008,34.69679,135.6054,中鴻池町3-3-3 1F,,東大阪市,大阪府,JP,〒578-0975,JP-2713,06-4307-5103,af_konoike948_info@anytimefitness.jp,東大阪市 (東大阪鴻池店)
2009,49.218824,-122.557787,11939 240 St,,Maple Ridge,British Columbia,CA,V4R 1M7,4747,(604) 477-5552,MapleRidgeBC@anytimefitness.ca,Maple Ridge
2010,35.79414,139.51624,東所沢5-5-12 1-2F,,所沢市,埼玉県,JP,〒359-0021,JP-1444,04-2968-9048,af_etokorozawa432_info@anytimefitness.jp,所沢市 (東所沢店)
2011,35.13104,136.10712,鷹飼町北3-1-3 1F,,近江八幡市,滋賀県,JP,〒523-0896,JP-1676,0748-36-3440,af_omihachiman664_info@anytimefitness.jp,近江八幡市 (近江八幡店)
2012,31.703037,-106.321359,501 N Zaragoza Rd,,El Paso,Texas,US,79907,4996,800-575-3478,ElPasoTX13@anytimefitness.com,El Paso
2013,35.7228,140.08377,大和田新田111-1 1-2F,,八千代市,千葉県,JP,〒276-0046,JP-1637,047-455-3078,af_yachiyomidori626_info@anytimefitness.jp,八千代市 (八千代緑が丘店)
2014,51.08932,-115.34975,802 Bow Valley Tr,,Canmore,Alberta,CA,T1W 1N6,3911,1-888-261-8758,CanmoreAB@anytimefitness.ca,Canmore
2015,35.51444,134.20255,千代水1-171,,鳥取市,鳥取県,JP,〒680-0911,JP-3017,0857-51-0505,af_tottori1228_info@anytimefitness.jp,鳥取市 (鳥取店)
2016,28.90159,-82.4794,2668 W Woodview Ln,,Lecanto,Florida,US,34461,2958,(352) 270-8868,LecantoFL@anytimefitness.com,Lecanto
2017,20.61532,-100.3617,"Av campanario 109 condominio 3 local 47,48,49",,Queretaro,Querétaro,MX,76146,MX-1156,4422479815,campanario.qro@anytimefitness.com.mx,Querétaro (El Campanario)
2018,41.61564,-94.01473,215 S 6th St,,Adel,Iowa,US,50003,608,(515) 993-3333,AdelIA@anytimefitness.com,Adel
2019,28.644,-106.12486,"Paseo Central Chihuahua, Periferico de la Juventud, Haciendas",,Chihuahua,Chihuahua,MX,31216,MX-1120,6142202001,paseocentral.chi@anytimefitness.com.mx,Chihuahua (Paseo Central)
2020,35.33563,139.62425,金沢区泥亀2-13-1,,横浜市,神奈川県,JP,〒236-0021,JP-1197,045-352-7385,afkanazawabunko185_info@anytimefitness.jp,横浜市 (金沢文庫店)
2021,41.61058,-70.49162,681 Falmouth Rd,,Mashpee,Massachusetts,US,02649,3239,(508) 477-7872,MashpeeMA@anytimefitness.com,Mashpee
2022,33.5589,133.53448,本町3-2-15,,高知市,神奈川県,JP,780-0870,JP-2570,088-802-7051,af_kochihommachi806_info@anytimefitness.co.jp,高知市 (高知本町)
2023,33.59767,130.41755,博多区千代2-1-24 2F,,福岡市,福岡県,JP,〒812-0044,JP-1656,092-260-8137,af_hakatachiyo645_info@anytimefitness.jp,福岡市 (博多千代店)
2024,29.99108,-91.80416,507 Jefferson Terrace Blvd,,New Iberia,Louisiana,US,70560,602,(337) 256-8609,NewIberiaLA@anytimefitness.com,New Iberia
2025,14.64951,121.07546,"Unit 198 Ground Floor, UP Town Center",,Quezon City,Metro Manila,PH,,PH-0003,0917-170-64-43 / 8-02-946-34-03,uptown@anytimefitness.ph,UP Town Center (UP Town Center)
2026,32.40342,-99.75737,4102 Buffalo Gap Rd,,Abilene,Texas,US,79605,2289,(325) 232-8694,AbileneTX3@anytimefitness.com,Abilene (Buffalo Gap Rd)
2027,31.9972667,-106.5891154,1801 Antonio St ,,Anthony,Texas,US,79821,4997,915-277-1448,AnthonyTX@anytimefitness.com,Anthony
2028,40.5343,-80.06524,251 Mt. Nebo Pointe Dr,,Pittsburgh,Pennsylvania,US,15237,2515,(412) 635-2407,NorthPittsburghPA@anytimefitness.com,Pittsburgh
2029,-34.1837,142.16046,159 Madden Avenue,,Mildura,Victoria,AU,3502,AU-1422,(03) 5000 1774,mildura@anytimefitness.com.au,Mildura
2030,45.21084,-93.5552,14142 Northdale Blvd,,Rogers,Minnesota,US,55374,143,(763) 428-1799,RogersMN@anytimefitness.com,Rogers
2031,-34.81648,138.61908,9B Park Way,,Mawson Lakes,South Australia,AU,5095,AU-1597,0882625594,mawsonlakes@anytimefitness.com.au,Mawson Lakes
2032,45.45893,9.14649,"Via Fezzan, 9",,Milano,Milano,IT,20146,IT-0032,3510723887,milanofezzan@anytimefitness.it,Milano (Fezzan)
2033,33.50775,-117.65939,31107 Rancho Viejo Rd,,San Juan Capistrano,California,US,92675,2894,(949) 481-2220,SanJuanCapistranoCA@anytimefitness.com,San Juan Capistrano
2034,43.59213,-79.66679,660 Eglinton Ave W,,Mississauga,Ontario,CA,L5R 3V2,2797,(905) 507-6453,MississaugaON3@anytimefitness.ca,Mississauga (Eglinton)
2035,38.99168,-119.16367,243 N Main St,,Yerington,Nevada,US,89447,1152,(775) 463-3848,YeringtonNV@anytimefitness.com,Yerington
2036,34.93285,135.7646,伏見区京町3-173 3F,,京都市,京都府,JP,〒612-8083,JP-2654,075-644-5854,af_fushimimomo890_info@anytimefitness.jp,京都市 (伏見桃山店)
2037,1.37826,103.9428,93 Pasir Ris Drive 3 #01-05 Pasir Ris Elias Community Centre,,Pasir Ris Elias,North East,SG,,SG-0088,+65 8869 1517,eliascc.ba@anytimefitness.sg,Elias CC
2038,41.14401,-73.86182,218 S Highland Avenue,,Ossining,New York,US,10562,4704,(914) 487-8033,OssiningNY@anytimefitness.com,Ossining
2039,31.1357,-83.44059,1221 W 4th St,,Adel,Georgia,US,31620,1552,(229) 223-3195,AdelGA@anytimefitness.com,Adel
2040,35.70629,139.37934,玉川町4丁目9-32,,昭島市,東京都,JP,〒196-0034,JP-2734,042-519-7613,af_akishima969_info@anytimefitness.jp,昭島市 (昭島店)
2041,34.75812,135.49561,豊津町14-8 江坂オッツ 6F,,吹田市,大阪府,JP,〒564-0051,JP-1321,06-6105-9017,af_esaka313_info@anytimefitness.jp,吹田市 (江坂店)
2042,40.277888,-86.4808,2419 E Wabash Street,,Frankfort,Indiana,US,46041,4332,765.601.6161,FrankfortIN@anytimefitness.com,Frankfort
2043,28.77927,-82.55434,5723 S Suncoast Blvd,,Homosassa,Florida,US,34446,2260,(352) 503-6856,HomosassaSpringsFL@anytimefitness.com,Homosassa
2044,35.72426,139.61544,下井草5-19-14 スカイビュー井荻 2F,,杉並区,東京都,JP,〒167-0022,JP-3000,03-6913-7106,af_iogi1211_info@anytimefitness.jp,杉並区 (井荻店)
2045,30.42725,-84.22123,3219 Apalachee Pkwy,,Tallahassee,Florida,US,32311,614,(850) 671-2225,TallahasseeFL@anytimefitness.com,Tallahassee (Apalachee Pkwy)
2046,10.68436,122.95614,"2F T.U. Square, BS Aquino Drive cor. Lacson St.",,Bacolod,Negros Occidental,PH,6100,PH-0149,,LacsonBacolod@anytimefitness.ph,"TU Square Lacson, Bacolod"
2047,-34.76592,138.66841,Level 1/Shop 20 - 82 Saints Rd,,Saints Road Shopping Centre,South Australia,AU,5109,AU-1362,08 7480 3849,saintsroad@anytimefitness.com.au,Saints Road Shopping Centre
2048,-33.91173,151.20428,17-19 Dunning Ave,,Rosebery,New South Wales,AU,2018,AU-1532,0447066220,zetland@anytimefitness.com.au,Zetland
2049,35.1468,-106.52445,5809 Juan Tabo NE,,Albuquerque,New Mexico,US,87111,622,(505) 934-0524,AlbuquerqueNM@anytimefitness.com,Albuquerque
2050,49.059414,-122.812016,3189 King George Hwy,,Surrey,British Columbia,CA,V4P 1B8,4467,778 294 0099,SurreyBC8@anytimefitness.ca,South Surrey (South Surrey)
2051,28.4064,-97.73485,1320 E Houston,,Beeville,Texas,US,78102,1053,(361) 362-2000,BeevilleTX@anytimefitness.com,Beeville
2052,43.41759,-80.49992,720 Westmount Rd E,,Kitchener,Ontario,CA,N2E 2M6,1766,(519) 571-7365,KitchenerONWest@anytimefitness.ca,Kitchener (Westmount Rd)
2053,50.71741,-1.98599,5th Floor,,Poole,South West,GB,BH15 1AE,UK-0114,01202 835 970,poole@anytimefitness.co.uk,Poole
2054,39.43978,-75.26404,597 Shiloh Pike,,Bridgeton,New Jersey,US,08302,3394,(856) 391-5900,BridgetonNJ@anytimefitness.com,Bridgeton
2055,29.70602,-91.20121,1340 Elm St.,,Morgan City,Louisiana,US,70380,2008,(985) 384-7426,MorganCityLA@anytimefitness.com,Morgan City
2056,51.039976,-113.37517,287 Edgefield Place,,Strathmore,Alberta,CA,T1P 0E8,3409,888 261 8758,StrathmoreAB@anytimefitness.ca,Strathmore
2057,35.12346,-80.65407,15040 Idlewild Rd,,Matthews,North Carolina,US,28104,3235,(704) 989-1354,MatthewsNC@anytimefitness.com,Matthews
2058,35.66206,139.7364,六本木3-16-33 青葉六本木ビルディング 2F,,港区,東京都,JP,〒106-0032,JP-2818,03-6277-6602,af_roppongi1049_info@anytimefitness.jp,港区 (六本木店)
2059,36.31794,139.19762,緑町6-16 1F,,伊勢崎市,群馬県,JP,〒372-0043,JP-1634,0270-27-5673,af_isesakimidoricho623_info@anytimefitness.jp,伊勢崎市 (伊勢崎緑町店)
2060,39.95067,-86.28236,1570 W Oak St,,Zionsville,Indiana,US,46077,649,(317) 733-4333,ZionsvilleIN@anytimefitness.com,Zionsville
2061,35.18434,136.79787,七宝町遠島萱苅島海田1950-1 1-2F,,あま市,愛知県,JP,〒497-0002,JP-2723,052-756-3150,af_amashippo958_info@anytimefitness.jp,あま市 (あま七宝店)
2062,40.43744,-3.70405,"Bravo Murillo, 36",,Bravo Murillo,Madrid,ES,28015,SP-0062,653878777,bravomurillo@anytimefitness.es,Bravo Murillo (Madrid)
2063,10.30295,123.96496,"U401 Mactan Economic Zone II, Pueblo Verde, Brgy. Basak, Mactan",,Lapu-Lapu,Cebu,PH,6015,PH-0158,,LapuLapu@anytimefitness.ph,Lapu-Lapu
2064,28.58981,77.03172,"Upper Ground, First Floor & Second Floor,",,Delhi,Delhi,IN,110075,IN-1142,"+91 7982164266, +91 8287913709",dwarka17.delhi@anytimefitness.in,"New Delhi, Dwarka 17"
2065,35.74904,139.54317,谷戸町2-15-13　フィル・パークひばりヶ丘 1-3F,,西東京市,東京都,JP,〒188-0001,JP-1303,042-439-8361,af_hibari296_info@anytimefitness.jp,西東京市 (ひばりヶ丘店)
2066,39.606542,-119.223128,1201 Penny Ln,,Fernley,Nevada,US,89408,1153,(775) 575-9300,FernleyNV@anytimefitness.com,Fernley
2067,45.57232,-93.22476,113 Main St S,,Cambridge,Minnesota,US,55008,1,(763) 552-2348,cambridge@anytimefitness.com,Cambridge
2068,-30.64322,153.00324,15 Bowra Street,,Nambucca Heads,New South Wales,AU,2448,AU-1695,0451 860 123,nambucca@anytimefitness.com.au,Nambucca Heads
2069,32.96143,-96.7508,819 W Arapaho Rd,,Richardson,Texas,US,75080,4101,(972) 427-4001,RichardsonTX2@anytimefitness.com,Richardson (W. Arapaho Rd)
2070,29.54296,-95.05655,3202 Marina Bay Dr,,League City-Kemah,Texas,US,77565,680,(281) 535-5700,LeagueCityTX@anytimefitness.com,League City-Kemah
2071,1.2863,103.82724,302 Tiong Bahru Road #01-128/129 Tiong Bahru Plaza,,Tiong Bahru Plaza,South West,SG,,SG-0084,+65 8686 4340,TiongBahruPlaza@anytimefitness.sg,Tiong Bahru Plaza
2072,39.45252,-74.7287,6016 Main St,,Mays Landing,New Jersey,US,08330,4060,(609) 625-1999,MaysLandingNJ@anytimefitness.com,Mays Landing
2073,43.53232,-90.01345,101 W Main St,,Reedsburg,Wisconsin,US,53959,2842,(608) 524-2444,ReedsburgWI@anytimefitness.com,Reedsburg
2074,-34.40294,150.89091,"Unit 5, 135-143 Princes Highway",,Fairy Meadow,New South Wales,AU,2519,AU-1019,0418 988 178,fairymeadow@anytimefitness.com.au,Fairy Meadow
2075,37.23792,-107.82282,125 Mercado St.,,Durango,Colorado,US,81301,1499,(970) 259-3007,DurangoCO@anytimefitness.com,Durango
2076,36.53976,136.64071,有松3-5-24,,金沢市,石川県,JP,〒921-8161,JP-1250,076-255-7267,af_kanaarimatsu226_info@anytimefitness.jp,金沢市 (金沢有松店)
2077,46.72215,-122.97046,515 Harrison Ave.,,Centralia,Washington,US,98531,1872,(360) 736-1900,CentraliaWA@anytimefitness.com,Centralia
2078,35.40889,136.70105,河渡3-34 1F,,岐阜市,岐阜県,JP,〒501-0105,JP-1576,058-215-1185,af_gifugodo560_info@anytimefitness.jp,岐阜市 (岐阜河渡店)
2079,51.99972,5.6766,Van Slootenplein 4,,Bennekom,Gelderland,NL,6721 JH,NL-1147,+31 (0)318 200 121,bennekom@anytimefitness.nl,Bennekom
2080,52.36496,6.46448,Grotestraat 49 ,,Nijverdal,Overijssel,NL,7443 BB ,NL-1114,+31 548 200 124,nijverdal@anytimefitness.nl,Nijverdal
2081,33.98212,-83.71272,217 E May St,,Winder,Georgia,US,30680,696,(770) 307-6865,WinderGA@anytimefitness.com,Winder
2082,-33.97593,150.80944,187 Rickard Road,,Leppington,New South Wales,AU,2179,AU-1493,02 8103 5430,leppington@anytimefitness.com.au,Leppington
2083,35.30127,-93.1382,2005 N Arkansas Ave,,Russellville,Arkansas,US,72802,4395,(479) 957-9156,RussellvilleAR@anytimefitness.com,Russellville
2084,34.72214,135.7496,中登美ヶ丘3-1 1F,,奈良市,奈良県,JP,〒631-0003,JP-1517,0742-93-9680,af_ntomigaoka506_info@anytimefitness.jp,奈良市 (奈良登美ヶ丘店)
2085,37.90318,-78.34191,68 Heritage Dr.,,Palmyra,Virginia,US,22963,3067,(434) 591-1105,PalmyraVA@anytimefitness.com,Palmyra (Lake Monticello)
2086,43.57356,-90.8902,1218 N Main St,,Viroqua,Wisconsin,US,54665,4523,(608) 638-3481,ViroquaWI@anytimefitness.com,Viroqua
2087,34.7585,135.51541,泉町1-17-10 シャルムマンション1-2F,,吹田市,大阪府,JP,〒564-0041,JP-1433,06-6170-1303,af_hsuitas416_info@anytimefitness.jp,吹田市 (阪急吹田駅前店)
2088,45.86299,-95.38023,301 30th Ave W,,Alexandria,Minnesota,US,56308,702,(320) 763-8989,Alexandria@anytimefitness.com,Alexandria
2089,35.62834,140.0717,美浜区高洲3-10-1　サンフラワービレッジ稲毛海岸 1F,,千葉市,千葉県,JP,〒261-0004,JP-1200,043-306-6061,afinagekaigan191_info@anytimefitness.jp,千葉市 (稲毛海岸駅前店)
2090,34.95797,135.76805,伏見区深草西浦町5-50 2F,,京都市,京都府,JP,〒612-0029,JP-1707,075-644-6966,af_kyotofujinomori695_info@anytimefitness.jp,京都市 (京都藤の森店)
2091,48.9216,2.24647,85 Rue Gabriel Péri,,Colombes,Paris Region,FR,92700,FR-1007,+33749142496,colombes@anytimefitness.fr,Colombes
2092,-33.72692,150.90464,"Shop 4, 216 Farnham Rd",,Quakers Hill,New South Wales,AU,2763,AU-1132,02 9626 3956,quakershill@anytimefitness.com.au,Quakers Hill
2093,35.85274,139.63884,南区鹿手袋2-11-21 1F,,さいたま市,埼玉県,JP,〒336-0031,JP-2800,048-767-5708,af_nakaurawa1031_info@anytimefitness.jp,さいたま市 (中浦和店)
2094,34.73168,135.60902,島頭3-8-13 1F,,門真市,大阪府,JP,〒571-0016,JP-1529,072-803-6977,af_shimagashira518_info@anytimefitness.jp,門真市 (門真島頭店)
2095,3.03096,101.5344,"K-4-1, Level 4, Persiaran Wawasan, Pusat Bandar Puchong, 47160 Puchong, Selangor, Malaysia",,Selangor,Selangor,MY,47160,MY-0030,,Setiawalk.puchong@anytimefitness.my,"Setiawalk, Puchong"
2096,45.16148,-93.39004,11460 Marketplace Dr,,Champlin,Minnesota,US,55316,284,(763) 422-9236,Champlin@anytimefitness.com,Champlin
2097,41.10017,-111.94225,1330 E Hwy 193,,Layton,Utah,US,84040,703,(801) 771-5100,LaytonUT@anytimefitness.com,Layton
2098,33.4508,-82.19716,107 E Robinson Ave,,Grovetown,Georgia,US,30813,3233,(706) 910-1220,GrovetownGA@anytimefitness.com,Grovetown
2099,35.68155,139.70332,千駄ヶ谷4-30-3 B1F,,渋谷区,東京都,JP,〒151-0051,JP-2710,03-6910-5131,af_yoyogi945_info@anytimefitness.jp,渋谷区 (代々木店)
2100,10.37967,123.96229,SM City Consolacion Lamac Consolacion,,Cebu,Cebu,PH,,PH-0211,,SMCityConsolacion@anytimefitness.ph,SM City Consolacion
2101,51.12296,-114.19717,1829 Ranchlands Blvd NW,,Calgary,Alberta,CA,T3G 2A7,4226,(587) 899-6681,CalgaryAB14@anytimefitness.ca,Calgary (Ranchlands)
2102,34.45676,132.46765,安佐南区大町東1-8-25 カサグランデⅠ 2F,,広島市,広島県,JP,〒731-0124,JP-1281,082-225-7435,af_omachie273_info@anytimefitness.jp,広島市 (広島大町東店)
2103,45.12013,-92.5385,144 W 3rd St,,New Richmond,Wisconsin,US,54017,775,(715) 246-4500,NewRichmondWI@anytimefitness.com,New Richmond
2104,50.282621,-119.274171,4800 Anderson Way,,Vernon,British Columbia,CA,V1T 9V2,5328,250-307-6928,VernonBC@anytimefitness.ca,Vernon
2105,35.37916,139.59531,磯子区洋光台3-13-3 2F,,横浜市,神奈川県,JP,〒235-0045,JP-1731,045-374-3823,af_yokodai719_info@anytimefitness.jp,横浜市 (洋光台店)
2106,35.82666,139.93627,小金きよしヶ丘4-10-20 2F,,松戸市,千葉県,JP,〒270-0013,JP-1499,047-382-6095,af_matsudokogane480_info@anytimefitness.jp,松戸市 (松戸小金店)
2107,35.44384,139.64747,中区山下町78-8　横浜イーストゲートビル 5F,,横浜市,神奈川県,JP,〒231-0023,JP-1018,045-680-1071,afyamashita10_info@anytimefitness.jp,横浜市 (横濱山下町店)
2108,35.8441,-78.61137,4500 Falls of Neuse Rd,,Raleigh,North Carolina,US,27609,4016,(919) 533-5722,RaleighNC3@anytimefitness.com,Raleigh
2109,38.26179,140.86953,青葉区国分町1-7-18,,仙台市,宮城県,JP,〒980-0803,JP-1203,022-796-9921,afhirosedori195_info@anytimefitness.jp,仙台市 (広瀬通り店)
2110,40.17801,-105.11685,1111 Francis St,,Longmont,Colorado,US,80501,78,(303) 776-2633,Longmont@anytimefitness.com,Longmont
2111,38.73838,-104.73404,6436 S Hwy 85/87,,Fountain,Colorado,US,80817,1780,(719) 698-7913,FountainCO@anytimefitness.com,Fountain
2112,-30.9757,150.25173,"Shop 4, Gunnedah Shopping Centre",,Gunnedah,New South Wales,AU,2380,AU-1002,02 6742 0555,gunnedah@anytimefitness.com.au,Gunnedah
2113,1.32733,103.93096,445 Bedok North Street 1,,Singapore,Central Singapore,SG,469661,SG-0006,+65 8168 1012,Bedokcentral@anytimefitness.sg,Bedok Central
2114,27.44682,-80.32928,701 Orange Ave,,Fort Pierce,Florida,US,34950,2343,(772) 461-2348,FortPierceFL@anytimefitness.com,Fort Pierce
2115,49.17634,-122.86648,12830 96th Ave.,,Surrey,British Columbia,CA,V3V 6A8,3052,(604) 583-3133,SurreyBC3@anytimefitness.ca,Surrey (96th Avenue)
2116,35.5043,139.4644,下鶴間2081-1 1F,,大和市,神奈川県,JP,〒242-0001,JP-1740,046-244-5238,af_shimotsuruma728_info@anytimefitness.jp,大和市 (下鶴間店)
2117,46.92092,-95.05479,200 Gilbert Ave.,,Park Rapids,Minnesota,US,56470,1028,(218) 237-3737,ParkRapidsMN@anytimefitness.com,Park Rapids
2118,35.65261,139.75227,芝2-5-10 芝公園NDビル 1F,,港区,東京都,JP,〒105-0014,JP-1344,03-6722-0112,af_shibah334_info@anytimefitness.jp,港区 (芝浜松町店)
2119,44.0961,-93.23446,1010 Hoffman Dr.,,Owatonna,Minnesota,US,55060,84,(507) 451-0144,Owatonna@anytimefitness.com,Owatonna
2120,-37.76934,144.99789,9-13 Arthurton Road,,Northcote,Victoria,AU,3070,AU-1337,03 9482 2388,northcote@anytimefitness.com.au,Northcote
2121,1.26458,103.81867,"3 HarbourFront Place, Unit #01-01",,HabourFront,South East,SG,099254,SG-0028,+65 9150 6564,HarbourFront@anytimefitness.sg,HarbourFront
2122,49.12577,-122.70557,101-18655 Fraser Hwy.,,Surrey,British Columbia,CA,V3S 7Y3,2025,604 574 4777,SurreyBC@anytimefitness.ca,Surrey (Clayton Heights)
2123,34.45436,135.45968,のぞみ野2-5-11 タカハシビル 1-2F,,和泉市,大阪府,JP,〒594-1105,JP-2537,0725-92-9690,af_nozomino772_info@anytimefitness.jp,和泉市 (のぞみ野店)
2124,3.03534,101.7625,"02-11, 02-12, 02-13, 02-13a, Residensi Cheras Selatan 2, Jalan Dataran Cheras 7, 43200",,Cheras,Selangor,MY,43200,MY-0083,,CherasTradersPark@anytimefitness.my,Cheras Traders Park
2125,39.49281,-86.06357,1168 N Main St,,Franklin,Indiana,US,46131,1181,(317) 736-4377,FranklinIN@anytimefitness.com,Franklin
2126,34.70597,135.50372,北区中崎西1-3-4　エステムプラザ梅田・中崎町Ⅱ 1-2F,,大阪市,大阪府,JP,〒530-0015,JP-1070,06-6311-5888,afumedahigashi66_info@anytimefitness.jp,大阪市 (梅田東店)
2127,20.67472,-101.37147,Av Las Arboledas 4681,,Irapuato,Guanajuato,MX,36515,MX-1079,462 215 39 84,jacarandas.irapuato@anytimefitness.com.mx,Irapuato
2128,43.70382,-70.28881,91 Auburn St,,Portland,Maine,US,04103,2878,207-560-4105,PortlandNorthGate@anytimefitness.com,Portland (Auburn St)
2129,37.13913,-93.33464,2767 W Republic Rd,,Springfield,Missouri,US,65807,901,(417) 887-2348,SpringfieldMO@anytimefitness.com,Springfield (West Republic Road)
2130,33.5153,130.43144,松木1-67 1-2F,,那珂川市,福岡県,JP,〒811-1251,JP-2917,092-408-3630,af_nakagawa1128_info@anytimefitness.jp,那珂川市 (那珂川店)
2131,39.60511,-85.44385,222 S Main St,,Rushville,Indiana,US,46173,320,(765) 938-3055,RushvilleIN@anytimefitness.com,Rushville
2132,43.39074,-112.11839,301 Anderson Rd,,Shelley,Idaho,US,83274,906,(208) 357-7490,Acrux@anytimefitness.com,Shelley
2133,14.61944,121.05469,3rd Floor Cyber Park Tower 1 Araneta Cubao,,Quezon City,Metro Manila,PH,1109,PH-0022,7933-0455,AranetaCity@anytimefitness.ph,Araneta City
2134,34.67469,135.52035,中央区上本町西1-1-12　 1-2F,,大阪市,大阪府,JP,〒542-0062,JP-1059,06-6767-7181,afuemachi55_info@anytimefitness.jp,大阪市 (上町店)
2135,14.61815,121.00126,"SMDC Sun Residences, Mayon St.",,Quezon City,Metro Manila,PH,,PH-0072,0991399952,WelcomeRotonda@anytimefitness.ph,Sun Residences - Welcome Rotonda
2136,41.95023,-70.71141,138 Industrial Park Rd,,Plymouth,Massachusetts,US,02360,564,(508) 747-7677,PlymouthMA@anytimefitness.com,Plymouth
2137,43.19724,-112.36248,1265 Pkwy Dr,,Blackfoot,Idaho,US,83221,907,(208) 782-2348,Acrux@anytimefitness.com,Blackfoot
2138,34.341609,-86.5024364,1416 N Brindlee Mountain Pkwy,,Arab,Alabama,US,35016,4845,(256) 640-8051,ArabAL@anytimefitness.com,Arab
2139,-38.22159,145.17042,Gymnasium Centro Somerville,,Somerville,Victoria,AU,3912,AU-1127,03 59780002,somerville@anytimefitness.com.au,Somerville
2140,39.28249,139.96576,平沢字長表39番 TSUGUBAテラス 2F,,にかほ市,秋田県,JP,〒018-0402,JP-3001,0184-74-3056,af_nikahotsuguba1212_info@anytimefitness.jp,にかほ市 (にかほTSUGUBA店)
2141,35.41188,139.50728,泉区中田南4-6-4 グラン・ソラール丸の内 1F,,横浜市,神奈川県,JP,〒245-0014,JP-1448,045-438-9004,af_yokohamanakada438_info@anytimefitness.jp,横浜市 (横浜中田店)
2142,34.03725,-84.77472,2483 Cedarcrest Rd,,Acworth,Georgia,US,30101,549,(770) 966-1200,AcworthGA@anytimefitness.com,Acworth (Cedarcrest Rd)
2143,35.69009,139.49802,貫井南町1-8-22 1F,,小金井市,東京都,JP,〒184-0014,JP-1546,042-316-6911,af_koganei532_info@anytimefitness.jp,小金井市 (小金井貫井南店)
2144,33.30581,-112.05308,1420 E Chandler Blvd,,Phoenix,Arizona,US,85048,92,(480) 460-1673,PhoenixAZ2@anytimefitness.com,Phoenix (Ahwatukee)
2145,36.59148,136.62206,藤江北4-334 1-2F,,金沢市,石川県,JP,〒920-0345,JP-1330,076-256-5270,af_pgffujie326_info@anytimefitness.jp,金沢市 (県庁前藤江店)
2146,36.56136,139.7669,晃望台21-2 1F,,鹿沼市,栃木県,JP,〒322-0024,JP-1540,0289-77-5526,af_kanuma531_info@anytimefitness.jp,鹿沼市 (鹿沼店)
2147,35.67408,140.31727,文違301-3605 2F,,八街市,千葉県,JP,〒289-1104,JP-1535,043-497-3261,af_yachimata524_info@anytimefitness.jp,八街市 (八街店)
2148,47.95335,-117.47755,3 W Crawford St,,Deer Park,Washington,US,99006,926,(509) 276-5880,DeerParkWA@anytimefitness.com,Deer Park
2149,45.60866,8.92352,Via Saronnese 46,,Legnano,Milano,IT,20025,IT-0036,3922917748,legnano@anytimefitness.it,Legnano
2150,32.984258,-96.681472,7602 N Jupiter Rd,,Garland,Texas,US,75044,4674,(469) 409-0900,AFGarland@anytimefitness.com,Garland
2151,10.72441,106.72818,"31/1 Lo M7, Midtown, Phu My Hung, Duong 15, Phuong Tan Phu, Quan 7",,The Leaf (Phu My Hung),Ho Chi Minh City(Saigon),VN,,VN-0008,,TheLeaf@anytimefitness.vn,The Leaf (Phu My Hung)
2152,33.757009624,-111.99261269,29855 N Tatum Blvd,,Cave Creek,Arizona,US,85331,4782,(480) 681-5200,CaveCreekAZ@anytimefitness.com,Cave Creek
2153,33.60605,130.42281,博多区吉塚本町13-27 JR吉塚駅南西街区駅ビル 1F,,福岡市,福岡県,JP,〒812-0046,JP-2801,092-710-6013,af_yoshizuka1032_info@anytimefitness.jp,福岡市 (吉塚店)
2154,10.30974,123.89392,"Fuente Osmena Circle,",,Cebu,Cebu,PH,,PH-0202,,RobinsonsFuente@anytimefitness.ph,Robinsons Fuente
2155,,,"Dona Imelda, Araneta Ave. Montgomery",,Dona Imelda,Metro Manila,PH,,PH-0139,,DonaImelda@anytimefitness.ph,Dona Imelda
2156,34.21535,-80.98688,715 University Vlg Dr,,Blythewood,South Carolina,US,29016,934,(803) 786-2988,BlythewoodSC@anytimefitness.com,Blythewood
2157,47.8795,-122.21074,1523 132nd St SE,,Mill Creek,Washington,US,98208,4133,(425) 225-6116,MillCreekWA@anytimefitness.com,Mill Creek
2158,32.53664,-97.30102,860 E Renfro St,,Burleson,Texas,US,76028,931,(817) 426-4624,BurlesonTX@anytimefitness.com,Burleson
2159,-27.67391,153.2123,8 Gleneagles Avenue,,Cornubia,Queensland,AU,4130,AU-1463,0437 112 282,cornubia@anytimefitness.com.au,Cornubia
2160,14.33184,121.04981,Unit A203-2F A304-3F Coral Center Building. Halang Road Brgy. San Francisco Southwoods Ecocentrum,,Binan,Laguna,PH,,PH-0026,0917-3756197,Southwoods@anytimefitness.ph,Southwoods
2161,-32.00168,115.91893,1141 Albany Highway,,Bentley,Western Australia,AU,6102,AU-1289,08 92583972,bentley@anytimefitness.com.au,Bentley
2162,35.67387,139.68658,元代々木町49-25 2F,,渋谷区,東京都,JP,〒151-0062,JP-1373,03-6407-1401,af_yoyogi380_info@anytimefitness.jp,渋谷区 (元代々木店)
2163,,,PARKLINKS by Ayala Land & Eton Properties,,Pasig,Metro Manila,PH,,PH-0145,,AyalaEtonParklinks@anytimefitness.ph,Pasig
2164,36.91618,-76.2157,2406B E. Little Crk. Rd.,,Norfolk,Virginia,US,23518,935,(757) 383-6298,NorfolkVA@anytimefitness.com,Norfolk
2165,3.04821,101.64596,"BG01 & BG02, Bandar Kinrara Welcome Centre, Jalan BK 5A/1, Bandar Kinrara",,Puchong,Selangor,MY,47180,MY-0015,6017 247 9549,kinrara@anytimefitness.my,Bandar Kinrara (8 Kinrara)
2166,36.15911,-115.0508,5635 E. Charleston Blvd,,Las Vegas,Nevada,US,89142,2105,(702) 207-6483,ECharleston@anytimefitness.com,Las Vegas (E Charleston)
2167,29.80773,-91.5061,1812 Main St,,Franklin,Louisiana,US,70538,2240,(337) 907-6600,FranklinLA@anytimefitness.com,Franklin
2168,38.75582,139.84356,北茅原町12-17,,鶴岡市,山形県,JP,〒997-0038,JP-2706,0235-26-0271,af_tsuruoka942_info@anytimefitness.jp,鶴岡市 (鶴岡店)
2169,31.88387,131.40776,古城町岡ノ原16-2,,宮崎市,宮崎県,JP,〒880-0931,JP-2774,0985-74-8414,af_furujo1008_info@anytimefitness.jp,宮崎市 (宮崎古城店)
2170,1.27392,103.80842,Blk 78B Telok Blangah Street 32 #02-15,,Telok Blangah,South West,SG,102078,SG-0027,+65 8781 7425,TelokBlangah@anytimefitness.sg,Telok Blangah
2171,36.067634,-79.515152,1617 Glidewell Dr,,Burlington,North Carolina,US,27215,2852,(336) 329-9111,BurlingtonNC@anytimefitness.com,Burlington
2172,44.40562,-88.74253,1111 N Shawano St,,New London,Wisconsin,US,54961,957,(920) 982-9922,NewLondonWI@anytimefitness.com,New London
2173,10.31512,123.8816,"One Pavilion Mall R. Duterte Street, Guadalupe, Cebu City",,Cebu,Cebu,PH,,PH-0225,,OnePavilionMall@anytimefitness.ph,One Pavilion Mall
2174,3.08391,101.69982,"Pusat Perdagangan Salak II, Jln 2/125, Taman Desa Petaling, 57100 Kuala Lumpur, Wilayah Persekutuan",,Kuala Lumpur,Kuala Lumpur,MY,57100,MY-0107,,HexaWalkDesaPetaling@anytimefitness.my,Hexa Walk Desa Petaling
2175,43.68487,-116.49346,11221 W Hercules Dr,,Star,Idaho,US,83669,924,(208) 286-0943,StarID@anytimefitness.com,Star
2176,-33.77531,151.0714,119-121 Midson Road,,Epping,New South Wales,AU,2121,AU-1221,02 9868 5894,eppingnsw@anytimefitness.com.au,Epping
2177,35.27519,137.02591,庄名町2-2-9 1-2F,,春日井市,愛知県,JP,〒487-0022,JP-2647,0568-27-7803,af_kasugaishona883_info@anytimefitness.jp,Kasugai Shi (春日井庄名店)
2178,35.8008,139.73621,元郷1-33-13 1-2F,,川口市,埼玉県,JP,〒332-0011,JP-2563,048-446-9813,af_motogo798_info@anytimefitness.jp,川口市 (川口元郷店)
2179,-6.18876,106.79791,"Letjen S. Parman St No.Kav No.65, RW.66, Slipi, Palmerah, West Jakarta City, Jakarta 11410, Indonesi",,Jakarta,Jakarta,ID,11480,ID-0028,,RampstarSlipi@anytimefitness.id,Rampstar Slipi
2180,3.06987,101.51856,"Lot 3F-01, 3rd Floor, SACC Mall, Jalan Perbadanan 14/9,",,Shah Alam,Selangor,MY,40000,MY-0031,,SACCMall@anytimefitness.my,SACC Mall
2181,35.45816,-93.46109,1151 Rogers Ave,,Clarksville,Arkansas,US,72830,4061,(479) 705-0011,ClarksvilleAR@anytimefitness.com,Clarksville
2182,36.6973,-86.56959,1425 Nashville Rd,,Franklin,Kentucky,US,42134,3933,(270) 925-0149,FranklinKY@anytimefitness.com,Franklin
2183,44.98809,-93.57793,2073 Wayzata Blvd W,,Long Lake,Minnesota,US,55356,9,(952) 404-7200,Orono@AnytimeFitness.com,Long Lake
2184,32.957707,-86.743454,24571 US Hwy 31,,Jemison,Alabama,US,35085,959,(205) 688-5060,JemisonAL@anytimefitness.com,Jemison
2185,30.607534,-87.897901,2020 US-98,,Daphne,Alabama,US,36526,1667,(251) 626-5018,DaphneAL@anytimefitness.com,Daphne
2186,34.64667,135.52608,阿倍野区天王寺町北2-14-6　 2F,,大阪市,大阪府,JP,〒545-0001,JP-1075,06-6710-0191,afterada71_info@anytimefitness.jp,大阪市 (寺田町店)
2187,22.4064,113.96284,"Shop Nos. L329 - L331, Level 3, Leung King Plaza, 31 Tin King Road",,Leung King,NEW TERRITORIES,HK,,HK-0017,+852 6121 1521,LeungKing@anytimefitness.hk,Leung King
2188,10.69538,122.96173,"2nd Level, North Wing, SM City Mall",,Bacolod,Negros Occidental,PH,6100,PH-0061,034 4354196,AFBacolod@anytimefitness.ph,Bacolod
2189,42.11214,-72.72399,415 E Main St,,Westfield,Massachusetts,US,01085,2573,(413) 579-5364,WestfieldMA@anytimefitness.com,Westfield
2190,41.54688,-72.41161,493 Westchester Rd,,Colchester,Connecticut,US,06415,1726,(860) 267-1001,ColchesterCT@anytimefitness.com,Colchester
2191,42.02267,-95.36948,509 Hwy 39,,Denison,Iowa,US,51442,995,(712) 263-3488,DenisonIA@anytimefitness.com,Denison
2192,-27.64585,152.868,Town Square Redbank Plain Shopping Centre,,Redbank Plains,Queensland,AU,4301,AU-1334,0417 630 559,redbankplains@anytimefitness.com.au,Redbank Plains
2193,10.8361,106.83,"3rd Floor, Vincom Grand Park Mega Mall, District 9, Ho Chi Minh City",,Ho Chi Minh,Ho Chi Minh City(Saigon),VN,,VN-0009,,VincomGrandPark@anytimefitness.vn,Vincom Grand Park
2194,34.49965,-117.24323,13692 Apple Valley Rd,,Apple Valley,California,US,92308,1438,(760) 240-9933,AppleValleyCA@anytimefitness.com,Apple Valley
2195,35.72837,139.90812,市川南1-1-1 タウンいちかわザ・タワーイースト 1F,,市川市,千葉県,JP,〒272-0033,JP-1429,047-711-4380,af_ichikawa425_info@anytimefitness.jp,市川市 (市川店)
2196,35.65206,139.71305,東3-1-6 2-3F,,渋谷区,東京都,JP,〒150-0011,JP-1186,03-6805-1702,af_hiroohsf179_info@anytimefitness.jp,渋谷区 (広尾高校前店)
2197,13.7599,121.05737,"Third Floor Nuciti Central Mall, P. Burgos St.",,Batangas City,Batangas,PH,4200,PH-0102,0917 772 5234,AFBatangas@anytimefitness.ph,Batangas City
2198,35.40663,136.84167,那加前洞新町3-57 1F,,各務原市,岐阜県,JP,〒504-0021,JP-1595,058-260-5070,af_kakamigahara581_info@anytimefitness.jp,各務原市 (岐阜各務原店)
2199,26.85494,75.76664,"3rd Floor, Mansarovar Plaza, Madhyam Marg",,Jaipur,Rajasthan,IN,302020,IN-1110,+918058051659,mansarovar.jaipur@anytimefitness.in,"Jaipur, Mansarovar"
2200,,,TBD,,Shaw corner Blumentrit,Metro Manila,PH,,PH-0169,,,Shaw corner Blumentrit
2201,51.42238,5.4994,Korianderstraat 12,,Eindhoven,Noord-Brabant,NL,5643 AS,NL-1205,+31 (0)6 39377034,eindhoven@anytimefitness.nl,Eindhoven
2202,45.3098881,-75.0830416,674 Principale St,,Casselman,Ontario,CA,K0A 1M0,5425,613 764 0230,CasselmanON@anytimefitness.ca,Casselman
2203,40.42538,-3.66722,Hermosilla 130,,Goya,Madrid,ES,28028,SP-0034,+34 626528499,goya@anytimefitness.es,Goya (Madrid)
2204,-43.53234,172.64993,332 Hereford Street,,"Hereford, Christchurch",Canterbury,NZ,8011,NZ-1057,03 365 0703,hereford@anytimefitness.co.nz,"Hereford, Christchurch"
2205,29.86361,-97.66744,1710 S Colorado St,,Lockhart,Texas,US,78644,4163,(512) 668-5107,lockharttx@anytimefitness.com,Lockhart
2206,26.96053,75.77866,"3rd Floor, Time Square",,Jaipur,Rajasthan,IN,302039,IN-1114,+91 8058051603,vidhyadharnagar.jaipur@anytimefitness.in,"Jaipur, Vidhyadhar Nagar, Rajasthan"
2207,44.06819,-103.18864,1624 E St. Patrick St,,Rapid City,South Dakota,US,57703,945,(605) 791-3242,RapidCitySD@anytimefitness.com,Rapid City
2208,41.052352,-83.607561,1987 Tiffin Ave,,Findlay,Ohio,US,45839,1125,(419) 425-4269,FindlayOH@anytimefitness.com,Findlay
2209,42.25203,-72.697976,15 College Hwy,,Southampton,Massachusetts,US,01073,5159,413-264-1760,SouthamptonMA@anytimefitness.com,Southampton
2210,37.125,140.1963,新白河1-103 1F,,白河市,福島県,JP,〒961-0856,JP-2649,0248-21-6295,af_shinshirakawa885_info@anytimefitness.jp,白河市 (新白河店)
2211,-31.98126,115.79187,162 Stirling Highway,,Nedlands,Western Australia,AU,6009,AU-1467,0434093611,nedlands@anytimefitness.com.au,Nedlands
2212,30.847,-90.14347,1719 Washington St,,Franklinton,Louisiana,US,70438,626,(985) 322-2099,FranklintonLA@anytimefitness.com,Franklinton
2213,42.26652,-72.41855,35 Turkey Hill Rd Rt 21,,Belchertown,Massachusetts,US,01007,352,(413) 323-7150,Belchertown.MA@anytimefitness.com,Belchertown
2214,30.375548,-90.053854,1705 Hwy 59,,Mandeville,Louisiana,US,70448,61,(985) 674-3100,MandevilleLA@anytimefitness.com,Mandeville (1705 Hwy 59)
2215,-33.42629,151.32134,Suites 6-7 Riverside Park,,West Gosford,New South Wales,AU,2250,AU-1474,02 4322 4355,westgosford@anytimefitness.com.au,West Gosford
2216,41.92969,-84.64254,210 West Carleton Rd,,Hillsdale,Michigan,US,49242,1761,(517) 439-2407,HillsdaleMI@anytimefitness.com,Hillsdale
2217,35.56169,139.71934,蒲田5-30-13　東京学生会館 2F,,大田区,東京都,JP,〒144-0052,JP-1092,03-6428-7030,afkamata80_info@anytimefitness.jp,大田区 (蒲田店)
2218,14.82649,120.28286,"SM City Telabastagan San Fernando Pampanga MacArthur Hwy, Brgy, San Fernando, 2000 Pampanga",,San Fernando,Pampanga,PH,2000,PH-0186,,SMDowntownOlongapo@anytimefitness.ph,SM Downtown Olongapo
2219,-27.59494,153.11474,"Tenancy 6, level 1, South Plaza, 3 Centre Place",,Rochedale South,Queensland,AU,4123,AU-1652,0477511217,rochedalesouth@anytimefitness.com.au,Rochedale South
2220,-36.85266,174.76482,10-14 Lorne Street,,Auckland,Auckland,NZ,1010,NZ-1045,09 2128754,lornestreet@anytimefitness.co.nz,"Lorne St, CBD, Auckland"
2221,-32.05645,115.96358,"Shop 14, Thornlie Shopping Centre, Cnr Spencer &",,Thornlie,Western Australia,AU,6108,AU-1035,0405233508,thornlie@anytimefitness.com.au,Thornlie
2222,35.69118,139.7116,新宿1-33-10 グランカーサ新宿御苑 2F,,新宿区,東京都,JP,〒160-0022,JP-2906,03-6709-8158,af_yasukunidori1117_info@anytimefitness.jp,新宿区 (新宿靖国通り店)
2223,30.9610579,-92.1927423,1221 NW Main St,,Bunkie,Louisiana,US,71322,4855,318-295-4145,BunkieLA@anytimefitness.com,Bunkie
2224,20.68342,-103.44484,Calzada Central #111,,Zapopan,Jalisco,MX,45010,MX-1016,3316572954,cdgranjajal@anytimefitness.com.mx,Zapopan (Cd. Granja)
2225,52.85644,6.50643,Linthorst Homanweg 24,,Beilen,Drenthe,NL,9411 KC,NL-1148,+31 (0)593 200 901,beilen@anytimefitness.nl,Beilen
2226,1.37465,103.87369,"23 Serangoon North Ave 4, #01-01",,Hwi Yoh,North East,SG,555857,SG-0004,+65 8363 5076,HwiYoh@anytimefitness.sg,Hwi Yoh
2227,41.42874,-71.48443,91 Pt Judith Rd,,Narragansett,Rhode Island,US,02882,2594,(401) 284-0313,NarragansettRI@anytimefitness.com,Narragansett
2228,51.30905,5.61112,Oranje Nassaulaan 3,,Maarheeze,Noord-Brabant,NL,6026 BW,NL-1080,+31 6 21 36 80 11,maarheeze@anytimefitness.nl,Maarheeze
2229,43.64625,-116.69254,2621 S 10th  Ave,,Caldwell,Idaho,US,83605,2029,208-459-6818,CaldwellID@anytimefitness.com,Caldwell
2230,35.56857,139.55197,青葉区あざみ野1-11-3 1-2F,,横浜市,神奈川県,JP,〒225-0011,JP-2831,045-532-8394,af_azamino1052_info@anytimefitness.jp,横浜市 (あざみ野店)
2231,-33.86042,151.08755,13 George Street,,North Strathfield,New South Wales,AU,2137,AU-1179,02 97460709,northstrathfield@anytimefitness.com.au,North Strathfield
2232,29.07534,-82.263,8585 SW Hwy 200,,Ocala,Florida,US,34481,3369,(352) 237-8335,OcalaFL3@anytimefitness.com,Ocala (SR-200)
2233,35.74723,139.76993,東尾久3-31-6 久五ビル 2F,,荒川区,東京都,JP,〒116-0012,JP-2952,03-6807-6851,af_kumanomae1163_info@anytimefitness.jp,荒川区 (熊野前店)
2234,35.27673,136.25976,中藪町587,,彦根市,滋賀県,JP,〒522-0051,JP-1456,0749-47-5890,af_hikone441_info@anytimefitness.jp,彦根市 (彦根店)
2235,39.540315,-82.40958,38 W. Main St.,,Logan,Ohio,US,43138,5256,740-715-0087,LoganOH@anytimefitness.com,Logan
2236,3.1631,101.54174,"Lot K-G-02, Ground Floor, K8, Nadayu 801, No. 1 Jalan Zuhrah U5/163, Subang Murni, Seksyen U5, 4015",,Selangor,Selangor,MY,,MY-0097,,SubangMurni@anytimefitness.my,Subang Murni
2237,47.63246,-122.35897,110 W Galer St,,Seattle,Washington,US,98119,3783,(206) 535-7573,queenanne@anytimefitness.com,Seattle (Upper Queen Anne)
2238,14.59008,121.05994,"5th Floor, Holiday Inn Galleria, 1100 Ortigas Ave, Ortigas Center",,Pasig City,Metro Manila,PH,,PH-0109,+639560978013,OrtigasGalleria@anytimefitness.ph,Ortigas Holiday Inn
2239,-6.16129,106.75709,"Jl. Metro Pondok Indah Kav IV/TA RT.1/RW.16, Pondok Pinang, Keb.  Lama, Jakarta 12310",,West Jakarta City,Jakarta,ID,,ID-0039,,Greenville@anytimefitness.id,Greenville
2240,35.60264,139.69813,上池台1-12-9,,大田区,東京都,JP,〒145-0064,JP-3028,03-6425-6650,af_nagaharaekimae1238_info@anytimefitness.jp,大田区 (長原駅前店)
2241,35.73051,140.06373,坪井東5-23-6,,船橋市,千葉県,JP,〒274-0060,JP-1189,047-402-6875,affunabashinichidai177_info@anytimefitness.jp,船橋市 (船橋日大前店)
2242,36.69363,-4.45295,Avenida de Velázquez 79,,Malaga,Andalucia,ES,29004,SP-0093,616889087,malagasantapaula@anytimefitness.es,Malaga
2243,35.91739,139.42869,的場新町17-2 1F,,川越市,埼玉県,JP,〒350-1107,JP-2578,049-298-8515,af_kawagoematoba814_info@anytimefitness.jp,川越市 (川越的場店)
2244,41.93277,-89.05302,330 Eagle Dr,,Rochelle,Illinois,US,61068,2496,(815) 561-6071,RochelleIL@anytimefitness.com,Rochelle
2245,35.4711,139.48378,瀬谷区中央1-7 プランドール横濱 1F,,横浜市,神奈川県,JP,〒246-0014,JP-2933,045-744-5871,af_seya1144_info@anytimefitness.jp,横浜市 (瀬谷店)
2246,35.93067,139.48009,神明町7-16,,川越市,埼玉県,JP,〒350-0823,JP-3022,049-277-6150,,川越市 (川越神明町店)
2247,14.45078,120.97971,G/F Torre Sur 264 Alabang-Zapote Road Barangay Pamplona III,,Pamplona Tres Las Pinas,Metro Manila,PH,1700,PH-0182,,PamplonaTresLasPinas@anytimefitness.ph,Pamplona Tres Las Pinas
2248,35.86221,139.97375,柏2-9-7　アルシェ柏 2F,,柏市,千葉県,JP,〒277-0005,JP-1175,04-7170-2075,afkashiwa161_info@anytimefitness.jp,柏市 (柏店)
2249,42.46131,-83.13552,22861 Woodward Ave,,Ferndale,Michigan,US,48220,3696,(248) 291-6645,FerndaleMI@anytimefitness.com,Ferndale
2250,35.8842,139.63957,浦和区上木崎1-1-5 B1F,,さいたま市,埼玉県,JP,〒330-0071,JP-1687,048-767-6331,af_yono675_info@anytimefitness.jp,さいたま市 (与野店)
2251,33.912594,-81.22494,1787 S Lake Dr,,Lexington,South Carolina,US,29073,3661,(803) 520-4452,LexingtonSC2@anytimefitness.com,Lexington
2252,35.65793,139.75895,海岸1-1-1 アクティ汐留 2F,,港区,東京都,JP,〒105-0022,JP-2607,03-6453-0633,af_shiodome843_info@anytimefitness.jp,港区 (浜松町汐留店)
2253,-6.22358,106.84314,"Jl. Raya Casablanca No.Raya, Menteng Dalam, Kec. Tebet, Kota Jakarta Selatan, Daerah Khusus Ibukota",,Jakarta,Jakarta,ID,,ID-0043,,KotaCasablanca@anytimefitness.id,Kota Casablanca
2254,20.90416,-100.72753,"Lib. José Manuel Zavala 165, La Luciérnaga,",,San Miguel de Allende,Guanajuato,MX,37745,MX-1169,4151689648,sma.luciernaga@anytimefitness.com.mx,San Miguel de Allende (Luciernaga)
2255,-33.87677,151.10075,3 Railway Parade,,Burwood,New South Wales,AU,2134,AU-1245,0466 236 702,burwood@anytimefitness.com.au,Burwood
2256,50.84139,-1.06838,3 & 4 Portsmouth Road,,Cosham ,South East,GB,PO6 2AE,UK-0243,02392 988004,Cosham@anytimefitness.co.uk,Cosham 
2257,35.95074,-78.51566,3309 Rogers Rd,,Wake Forest,North Carolina,US,27587,2706,(919) 435-8544,WakeForestNC@anytimefitness.com,Wake Forest
2258,13.82123,100.44973,"The Walk Ratchapruek 189 No. 2 Ratchaphruek Rd, Bang Khun Kong, Bang Kruai District, Nonthaburi 1113",,Bang Kruai,Nonthaburi,TH,11130,TH-0016,,TheWalkRatchapruek@anytimefitness.co.th,The Walk Ratchapruek
2259,45.61209,-73.70026,5925 Blvd Robert-Bourassa,,Laval,Quebec,CA,H7E 0A4,9900034,450 936 6729,lavalqc@anytimefitness.quebec,Laval
2260,35.7159,139.78322,北上野2-6-4 上野竹内ビル（HYビル） 1F,,台東区,東京都,JP,〒110-0014,JP-1112,03-5830-3156,afueno110_info@anytimefitness.jp,台東区 (上野店)
2261,29.9119,-90.3483,12225 US 90,,Luling,Louisiana,US,70070,1905,(985) 308-1360,LulingLA@anytimefitness.com,Luling
2262,35.68209,139.99409,若松2-1-4 ららテラスTOKYO-BAY 1F,,船橋市,千葉県,JP,〒273-0013,JP-2949,047-402-6058,af_lala-tokyobay1160_info@anytimefitness.jp,船橋市 (ららテラスTOKYO-BAY店)
2263,36.92864,-86.41349,164 Iron Skillet Ct,,Bowling Green,Kentucky,US,42104,4213,270-904-8329,BowlingGreenKY@anytimefitness.com,Bowling Green
2264,33.82687,132.75941,小栗3-2-40,,松山市,愛媛県,JP,〒790-0036,JP-1327,089-993-5524,af_moguri317_info@anytimefitness.jp,松山市 (松山小栗店)
2265,35.68923,140.05016,大久保1-29-6　中台ビル 1F,,習志野市,千葉県,JP,〒275-0011,JP-1005,047-470-8077,afkeiseiokubo05_info@anytimefitness.jp,習志野市 (京成大久保店)
2266,36.17673,-94.2086,7058 W Sunset Ave,,Springdale,Arkansas,US,72762,2530,(479) 633-7348,SpringdaleAR@anytimefitness.com,Springdale (Sunset Ave)
2267,35.2798,139.20129,国府津2700-1 1F,,小田原市,神奈川県,JP,〒256-0812,JP-2547,0465-20-4663,af_junreikaido782_info@anytimefitness.jp,小田原市 (小田原巡礼街道店)
2268,36.32476,139.45012,田中町95-4 1F,,足利市,栃木県,JP,〒326-0822,JP-2705,0284-22-3924,af_ashikaga941_info@anytimefitness.jp,足利市 (足利店)
2269,34.93215,135.7988,木幡陣ノ内55 2F,,宇治市,京都府,JP,〒611-0002,JP-2721,0774-34-0026,af_rokujizo956_info@anytimefitness.jp,宇治市 (六地蔵店)
2270,23.35924,85.32426,First Floor C-7,,Ranchi,Jharkhand,IN,834001,IN-1202,9503138579,sainikmarket.ranchi@anytimefitness.in,"Sainik Market, Ranchi, Jharkhand"
2271,38.15548,-92.60346,965 Hwy 42,,Osage Beach,Missouri,US,65065,2775,(573) 693-9339,OsageBeachMO@anytimefitness.com,Osage Beach
2272,40.8717532,-81.331153,2676 Easton St NE,,North Canton,Ohio,US,44721,3945,(330) 915-3105,NorthCantonOH@anytimefitness.com,North Canton
2273,32.4254,-111.04382,12040 N Thornydale Rd,,Marana,Arizona,US,85658,2813,(520) 579-2600,MaranaAZ@anytimefitness.com,Marana
2274,33.99847,-96.41106,3601 W Main Street,,Durant,Oklahoma,US,74701,3708,(580) 745-9522,DurantOK@anytimefitness.com,Durant
2275,41.86341,-103.66293,1700 Broadway,,Scottsbluff,Nebraska,US,69361,3938,(308) 633-1000,ScottsbluffNE@anytimefitness.com,Scottsbluff
2276,35.71103,139.711,西早稲田2-18-18　TCKビル 1F,,新宿区,東京都,JP,〒169-0051,JP-1004,03-5291-1369,afwaseda04_info@anytimefitness.jp,新宿区 (早稲田店)
2277,-33.93783,151.10011,191-193  Kingsgrove Road,,Kingsgrove,New South Wales,AU,2208,AU-1300,0412 822 330,kingsgrove@anytimefitness.com.au,Kingsgrove
2278,35.75588,139.69728,中板橋15-6 山口園ビル 1-2F,,板橋区,東京都,JP,〒173-0016,JP-2913,03-6905-7520,af_nakaitabashi1124_info@anytimefitness.jp,板橋区 (中板橋店)
2279,34.57573,135.4709,堺区宿院町西1-1-6 1F,,堺市,大阪府,JP,〒590-0958,JP-1329,072-232-6055,af_sshukuin319_info@anytimefitness.jp,堺市 (堺宿院店)
2280,50.49598,-104.67028,6250 Rochdale Blvd,,Regina,Saskatchewan,CA,S4X 4K8,2818,(306) 205-7221,ReginaSK2@anytimefitness.ca,Regina (Rochdale Blvd)
2281,44.44806,-95.7879,201 E College Dr,,Marshall,Minnesota,US,56258,227,(507) 929-3101,Marshall@anytimefitness.com,Marshall
2282,51.56573,4.83154,Pastoor Doensstraat 8a,,Bavel,Noord-Brabant,NL,4854 CP,NL-1119,+31 16 1200002,bavel@anytimefitness.nl,Bavel
2283,50.938764,-102.806619,19 Mall Rd,,Melville,Saskatchewan,CA,S0A 2P0,5170,306 728 6666,MelvilleSK@anytimefitness.ca,Melville
2284,46.883503,-98.721127,2400 8th Ave SW,,Jamestown,North Dakota,US,58401,2167,(701) 252-4142,Jamestown@anytimefitness.com,Jamestown (Buffalo Mall)
2285,30.25515,-90.76774,12713 Water Way Dr,,Maurepas,Louisiana,US,70449,334,(225) 675-8000,TheWaterfront@anytimefitness.com,Maurepas
2286,28.45803,77.49891,"India Expo Plaza, Second Floor, C- 201, 202, 203, 204, 205, 206, 217, 218, 219, 220, 221",,Greater Noida,Uttar Pradesh,IN,201301,IN-1189,+91 9773501125 +91 9773501126,kp2.greaternoida@anytimefitness.in,"Greater Noida, Knowledge Park 2"
2287,32.30895,-95.47295,636 Hwy 31 E,,Chandler,Texas,US,75758,1912,(903) 849-3700,ChandlerTX@anytimefitness.com,Chandler
2288,45.3595,-80.04271,70 Joseph St,,Parry Sound,Ontario,CA,P2A 2G5,3999,705 746 9777,ParrySoundON@anytimefitness.ca,Parry Sound
2289,28.45752,77.02634,"Lower Ground Floor, Metro Mall, Near Harish Bakery, Sector 56",,Gurgaon,Haryana,IN,122011,IN-1184,"9289533737, 9289533838",56.gurgaon@anytimefitness.in,"Gurgaon, Sector 56"
2290,35.70402,139.55994,中町1-5-8　親和ビル 2F,,武蔵野市,東京都,JP,〒180-0006,JP-1040,0422-60-2311,afmitaka36_info@anytimefitness.jp,武蔵野市 (三鷹店)
2291,19.19644,-96.15422,"Av. Miguel Angel de Quevedo 3852, Cristóbal Colón, Local LR1",,Veracruz,Veracruz,MX,91755,MX-1132,2292153443,laspalmas.ver@anytimefitness.com.mx,Veracruz (Las palmas)
2292,49.2115,-122.92389,199-610 6th St,,New Westminster,British Columbia,CA,V3L 3C2,2148,778 398 0033,NewWestminsterBC@anytimefitness.ca,New Westminster
2293,31.86716,-89.74141,1573 US 49 S.,,Magee,Mississippi,US,39111,2145,(601) 849-4757,MageeMS@anytimefitness.com,Magee
2294,33.81524,132.79562,北久米町551,,松山市,愛媛県,JP,〒790-0923,JP-1320,089-909-3444,af_matsukume257_info@anytimefitness.jp,松山市 (松山久米店)
2295,43.05343,-89.32528,6000 Monona Dr,,Monona,Wisconsin,US,53716,689,(608) 222-9699,MononaWI@anytimefitness.com,Monona
2296,35.57608,-80.889308,858 A Brawley School Rd,,Mooresville,North Carolina,US,28117,4821,704-235-4959,MooresvilleNC@anytimefitness.com,Mooresville
2297,-37.82616,144.92188,1/2 Phillip Court,,Port Melbourne,Victoria,AU,3207,AU-1176,0431 108 649,portmelbourne@anytimefitness.com.au,Port Melbourne
2298,51.54265,0.65334,24-30 Rectory Grove,,Leigh-on-Sea,East of England,GB,SS9 2HG,UK-0365,01702 845220,leighonsea@anytimefitness.co.uk,Leigh-on-Sea
2299,-37.94823,145.15331,Unit 2/ 9- 11 Springvale Road Springvale,,Springvale,Victoria,AU,3171,AU-1424,03 9548 5444,springvale@anytimefitness.com.au,Springvale
2300,50.42869,-104.53676,3115 Woodhams Dr E,,Regina,Saskatchewan,CA,S4V 3A2,2408,(306) 205-7220,ReginaSK@anytimefitness.ca,Regina (Woodhams Dr E)
2301,32.56007,-94.34994,1806 E End Blvd N,,Marshall,Texas,US,75670,1861,(903) 702-1002,MarshallTX@anytimefitness.com,Marshall
2302,-32.61104,115.84788,1602 Pinjarra Road,,Pinjarra,Western Australia,AU,6208,AU-1669,0478 148 299,pinjarra@anytimefitness.com.au,Pinjarra
2303,-31.08756,150.92576,Shop 1 'Kable Corner' 1 Darling St,,Tamworth,New South Wales,AU,2340,AU-1096,02 6761 2155,tamworth@anytimefitness.com.au,Tamworth
2304,35.62423,139.72331,西五反田1-11-8 大成ビル 3F,,品川区,東京都,JP,〒141-0031,JP-2951,03-6303-9278,af_gotandaekimae1162_info@anytimefitness.jp,品川区 (五反田駅前店)
2305,43.54206,-116.15323,6582 S. Federal Way,,Boise,Idaho,US,83716,1139,208-273-5355,BoiseID1@anytimefitness.com,Boise (S Federal Way)
2306,40.92889,-87.15748,496 S College Ave,,Rensselaer,Indiana,US,47978,3616,(219) 866-3003,RensselaerIN@anytimefitness.com,Rensselaer
2307,3.175,101.66,"No. 20, Jalan Dutamas 2, Kuala Lumpur,  Wilayah Persekutuan",,Kuala Lumpur,Kuala Lumpur,MY,50480,MY-0028,012 772 3715,TheMetMontKiara@anytimefitness.my,The MET - Mont Kiara
2308,-29.4646,149.8421,92 Balo St,,Moree,New South Wales,AU,2400,AU-1751,0419 782 304,moree@anytimefitness.com.au,Moree
2309,34.74571,135.7675,光台1-4-1 1F,,相楽郡精華町,京都府,JP,〒619-0237,JP-1569,0774-94-6915,af_keihanna557_info@anytimefitness.jp,大阪市 (ビエラタウンけいはんな店)
2310,46.556929,-120.392241,304 West Seattle Ave,,Moxee,Washington,US,98936,4251,(509) 902-8212,MoxeeWA@anytimefitness.com,Moxee
2311,39.47475,-0.42091,"Av Gregorio Gea, 73",,Mislata,Valencia,ES,46920,SP-0050,622775060,mislata@anytimefitness.es,Mislata (Valencia)
2312,34.64992,133.89715,北区今２-1-25,,岡山市,岡山県,JP,〒700-0975,JP-1230,086-241-1505,af_okayamaima220_info@anytimefitness.jp,岡山市 (岡山今店)
2313,36.9783177,-121.9083311,90 Rancho Del Mar,,Aptos,California,US,95003,4649,831-662-1977,AptosCA@anytimefitness.com,Aptos
2314,30.61836,-88.19211,3456 Hillcrest Rd,,Mobile,Alabama,US,36695,1854,(251) 662-1320,MobileAL@anytimefitness.com,Mobile (Hillcrest)
2315,46.82686,-100.89549,408 1st St NW,,Mandan,North Dakota,US,58554,470,(701) 663-8209,Mandan@anytimefitness.com,Mandan
2316,43.89955,-91.10724,1500 W City Hwy 16,,West Salem,Wisconsin,US,54669,3702,(608) 451-2744,WestSalemWI@anytimefitness.com,West Salem
2317,35.1691,136.91401,中区栄4-6-10 竹屋東新町ビル2F,,名古屋市,愛知県,JP,〒460-0008,JP-2977,052-228-1815,af_nagoyasakae1188_info@anytimefitness.jp,名古屋市 (名古屋栄店)
2318,50.950565,-113.996012,11500 29th St SE,,Calgary,Alberta,CA,T2Z 3V9,4592,403-455-3779,CalgaryAB19@anytimefitness.ca,Calgary (Douglasdale)
2319,32.5212,-94.864152,202 W US Hwy 80,,White Oak,Texas,US,75693,4530,903-297-4740,WhiteOakTX@anytimefitness.com,White Oak
2320,52.60417,-1.9161,Aldridge Shopping Centre,,Aldridge,West Midlands,GB,WS9 8QR,UK-0333,01922 687888,aldridge@anytimefitness.co.uk,Aldridge
2321,45.10725,-93.20987,2541 W County Rd 10,,Mounds View,Minnesota,US,55112,114,(763) 786-2244,MoundsView@anytimefitness.com,Mounds View
2322,35.94843,139.64312,東大宮5-35-1,,さいたま市見沼区,埼玉県,JP,〒337-0051,JP-3076,,af_higashiomiya1311_info@anytimefitness.jp,さいたま市 (東大宮)
2323,34.57996,133.76909,笹沖1240-3 1F,,倉敷市,岡山県,JP,〒710-0834,JP-2590,086-454-8112,af_kurasasaoki826_info@anytimefitness.jp,倉敷市 (倉敷笹沖店)
2324,39.52172,-119.81121,50 W Liberty St,,Reno,Nevada,US,89501,4271,(775) 473-4040 ,midtownreno@anytimefitness.com,Reno
2325,40.75279,-85.16637,935 Main St,,Bluffton,Indiana,US,46714,3133,(260) 353-1321,BlufftonIN@anytimefitness.com,Bluffton
2326,20.71551,-105.28016,"Boulevard Riviera Nayarit, número 1480",,Bahia de Banderas,Nayarit,MX,63735,MX-1095,3222756550,nvallarta.1480@anytimefitness.com.mx,Nuevo Vallarta (Plaza 1480)
2327,34.657482,-86.489393,70 Taylor Road,,Owens Cross Roads,Alabama,US,35763,1266,(256) 812-2081,HuntsvilleAL@anytimefitness.com,Owens Cross Roads
2328,35.6978,139.66936,中央4-3-4　JESCO新中野ビル B1,,中野区,東京都,JP,〒164-0011,JP-1045,03-5342-2343,afshin-nakano41_info@anytimefitness.jp,中野区 (新中野店)
2329,35.63646,139.6936,祐天寺2-8-7　サンシティ祐天寺Ⅰ 2F,,目黒区,東京都,JP,〒153-0052,JP-1028,03-5724-5531,afyutenji24_info@anytimefitness.jp,目黒区 (祐天寺店)
2330,39.42918,-0.4792,"Av Del Pintor Genaro Palau, 6",,Torrent,Valencia,ES,46900,SP-0067,633298069,torrente@anytimefitness.es,Torrent (Valencia)
2331,-33.6963,151.03223,Unit 5 & 6 286-288 New Line Road,,Dural,New South Wales,AU,2158,AU-1149,02 9651 3554,dural@anytimefitness.com.au,Dural
2332,34.70931,135.54526,城東区成育2-5-16,,大阪市,大阪府,JP,〒536-0007,JP-1159,06-6167-4007,afsekimeseiiku200_info@anytimefitness.jp,大阪市 (関目成育店)
2333,34.47259,-114.34193,62 S Lk Havasu Ave,,Lake Havasu City,Arizona,US,86403,1077,(928) 302-3883,LakeHavasuCityAZ@anytimefitness.com,Lake Havasu City
2334,29.235001,-97.96323,404 W Main St,,Stockdale,Texas,US,78160,4772,830-996-1006,StockdaleTX@anytimefitness.com,Stockdale
2335,45.50207,9.26594,Centro Direzionale Milano 2,,Segrate,Milano,IT,20090,IT-0051,3297845916,segrate@anytimefitness.it,Segrate (Milano 2)
2336,34.7431,135.43684,下坂部3-9-10 2F,,尼崎市,兵庫県,JP,〒661-0975,JP-1307,06-6415-9140,af_ashimosakabe302_info@anytimefitness.jp,尼崎市 (尼崎下坂部店)
2337,38.96541,-0.18332,"Pso de Les Germanies, 23",,Gandía,Valencia,ES,46702,SP-0008,682689885,gandia@anytimefitness.es,Gandia (Valencia)
2338,40.06727,-86.47499,2310 N Lebanon St,,Lebanon,Indiana,US,46052,1289,(765) 485-2348,LebanonIN@anytimefitness.com,Lebanon
2339,26.91287,75.75271,"Plot no. 328 & 329, Main Queens Road,",,Jaipur,Rajasthan,IN,302201,IN-1061,+919783455123,vaishali.jaipur@anytimefiness.in,"Jaipur, Vaishali Nagar"
2340,35.79734,139.46014,宮本町2-22-32 2F,,所沢市,埼玉県,JP,〒359-1143,JP-1578,04-2968-6474,af_kokukoen571_info@anytimefitness.jp,所沢市 (航空公園店)
2341,51.99212,4.45729,Westpolderstraat 1,,Berkel en Rodenrijs,Zuid-Holland,NL,2652 KW,NL-1068,+31 (0)10 254 00 11,berkel@anytimefitness.nl,Berkel en Rodenrijs
2342,51.55856,0.24991,55/57 Station Road,,Upminster,Greater London,GB,RM14 2SU,UK-0469,01708 303101,upminster@anytimefitness.co.uk,Upminster
2343,45.41605,-72.75806,975 Rue Principale,,Granby,Quebec,CA,J2G 2Z5,9900077,450 777 5555,granby@anytimefitness.quebec,Granby
2344,35.16067,137.00703,名東区陸前町24番地 レヴィスタ名東 1F,,名古屋市,愛知県,JP,〒465-0057,JP-2926,052-734-9707,af_meitorikumae1137_info@anytimefitness.jp,名古屋市 (名古屋名東陸前店)
2345,38.3386044,-85.46892973,6400 Crestwood Station,,Crestwood,Kentucky,US,40014,4903,502-912-9348,CrestwoodKY@anytimefitness.com,Crestwood
2346,35.81308,-86.4446,2395 New Salem Hwy,,Murfreesboro,Tennessee,US,37128,1744,(615) 893-9464,MurfreesboroTN@anytimefitness.com,Murfreesboro
2347,44.7458,-93.35001,14233 O'Connell Ct.,,Savage,Minnesota,US,55378,1591,(952) 226-2004,Savage@anytimefitness.com,Savage
2348,35.04464,-81.98135,3621 Boiling Springs Rd.,,Boiling Springs,South Carolina,US,29316,1542,(864) 599-6868,BoilingSpringsSC@anytimefitness.com,Boiling Springs
2349,30.177782,-96.914709,2400 E Austin St,,Giddings,Texas,US,78942,3047,(979) 542-1641,GiddingsTX@anytimefitness.com,Giddings
2350,-32.06706,115.93157,"Unit 5B, 5 Hughes Street",,Canning Vale,Western Australia,AU,6155,AU-1153,08 6253 8446,canningvale@anytimefitness.com.au,Canning Vale
2351,35.00163,135.73016,右京区西院北矢掛町41-2,,京都市,京都府,JP,〒615-0026,JP-1233,075-874-6545,af_saiin225_info@anytimefitness.jp,京都市 (西院店)
2352,37.05549,-93.29489,833 N Main St,,Nixa,Missouri,US,65714,903,(417) 724-8990,NixaMO@anytimefitness.com,Nixa
2353,-33.85508,151.15792,71 Victoria Road,,Drummoyne,New South Wales,AU,2047,AU-1286,02 9181 5222,drummoyne@anytimefitness.com.au,Drummoyne
2354,22.13062,-101.02243,Av. Sierra Leona #360,,San Luis Potosí,San Luis Potosi,MX,78214,MX-1061,4447686231,alttusslp@anytimefitness.com.mx,San Luis Potosí (Plaza Alttus)
2355,37.86217,139.01835,西区善久字川中697-1 1F,,新潟市,新潟県,JP,〒950-1102,JP-1628,025-378-2951,af_niigatakurosaki617_info@anytimefitness.jp,新潟市 (新潟黒埼店)
2356,41.57998,1.61819,"Carrer del Clos, 47",,Igualada Barcelona,Catalonia,ES,08700,SP-0090,689908188,igualada@anytimefitness.es,Igualada (Barcelona)
2357,34.46934,-117.35479,12044 Dunia Rd.,,Victorville,California,US,92392,1011,(760) 947-8900,VictorvilleCA2@anytimefitness.com,Victorville (Dunia Rd)
2358,30.20147,-90.91973,3228 S Burnside Ave,,Gonzales,Louisiana,US,70737,1347,(225) 647-7750,GonzalesLA@anytimefitness.com,Gonzales
2359,27.76437,-80.51008,9360 90th Ave,,Sebastian,Florida,US,32958,1457,(772) 589-4486,SebastianFL@anytimefitness.com,Sebastian
2360,38.76446,-76.90141,9130 Piscataway Rd,,Clinton,Maryland,US,20735,463,(301) 868-4560,Clinton.MD@anytimefitness.com,Clinton
2361,43.31893,-73.57004,3736 Burgoyne Ave.,,Hudson Falls,New York,US,12839,1778,(518) 636-5410,HudsonFallsNY@anytimefitness.com,Hudson Falls
2362,49.714434,-124.972273,#2110 2525 Mission Rd,,Courtenay,British Columbia,CA,V9N 0H1,4918,(250) 204-6808,CourtenayBC@anytimefitness.ca,Courtenay
2363,28.63873,77.29269,"C -53,Vikas Marg, 2nd & 3rd Floor",,New Delhi,Delhi,IN,110092,IN-1021,+919870488618,preetvihar.delhi@anytimefitness.in,"New Delhi, Preet Vihar"
2364,40.622214,-111.871306,785 E Fort Union Blvd,,Midvale,Utah,US,84047,4426,(801) 559-7373,MidvaleUT@anytimefitness.com,Midvale
2365,52.00352,4.16072,Graaf Willem 2 straat 25,,'s-Gravenzande,Zuid-Holland,NL,6135 KD,NL-1252,06 86 87 69 39,gravenzande@anytimefitness.nl,'s-Gravenzande
2366,42.963329,-81.220072,220 Adelaide St S,,London,Ontario,CA,N5Z 3L1,4574,519 204 9247,LondonON@anytimefitness.ca,London
2367,22.75042,75.89814,"Unit no-415, 4th floor, Benchmark Business Park",,Indore,Madhya Pradesh,IN,452010,IN-1074,+919981037317,vijaynagar.indore@anytimefitness.in,"Indore, Vijay Nagar"
2368,38.76553,-77.15289,7009 Manchester Blvd,,Alexandria,Virginia,US,22310,1123,(703) 822-9950,AlexandriaVA3@anytimefitness.com,Alexandria (Manchester)
2369,33.04303,-116.86649,850 Main St,,Ramona,California,US,92065,3967,760-315-4040,RamonaCA@anytimefitness.com,Ramona
2370,1.32356,103.81083,"559 Bukit Timah Rd, #B1-01 King’s Arcade",,Singapore,Central Singapore,SG,269695,SG-0138,88550506,BukitTimahCentral@anytimefitness.sg,Bukit Timah Central
2371,43.79991,143.8814,本町4-2-15 1F,,北見市,北海道,JP,〒090-0818,JP-2636,0157-57-1292,af_kitami872_info@anytimefitness.jp,北見市 (北見店)
2372,35.65451,139.74355,三田1-3-31　フォーキャスト三田 1F,,港区,東京都,JP,〒108-0073,JP-1006,03-5419-1294,afmita06_info@anytimefitness.jp,港区 (三田店)
2373,35.64457,139.69794,上目黒3-8-5 中目黒サンライズビル 2F,,目黒区,東京都,JP,〒153-0051,JP-2748,03-5724-3516,af_nakameguro983_info@anytimefitness.jp,目黒区 (中目黒店)
2374,1.31844,103.91126,"18 Jalan Masjid #01-04 , #B1-06 Kembangan, Singapore 418944",,Kembangan,South East,SG,418944,SG-0055,+65 8127 9885,kembangan@anytimefitness.sg,Kembangan
2375,35.41305,136.79793,野一色4-1-5 2F,,岐阜市,岐阜県,JP,〒500-8226,JP-1526,058-216-0428,af_gifunagamori512_info@anytimefitness.jp,岐阜市 (岐阜長森店)
2376,,,,,TBD,Veracruz,MX,TBD,MX-1197,,,TBD
2377,32.14466,-95.31514,151 Hwy 69 N,,Bullard,Texas,US,75757,1793,(903) 894-8178,BullardTX@anytimefitness.com,Bullard
2378,35.70075,139.70772,大久保1-3-15　アクロス東新宿 2F,,新宿区,東京都,JP,〒169-0072,JP-1032,03-5155-2332,afeastshinjuku28_info@anytimefitness.jp,新宿区 (東新宿店)
2379,52.65529,4.75745,Europaplein 62-63,,Alkmaar,Noord-Holland,NL,1825 TL,NL-1169,+31 72 30 30 206,alkmaar-demare@anytimefitness.nl,Alkmaar
2380,41.14527,-96.06532,11336 S 96th St,,Papillion,Nebraska,US,68046,1239,(402) 504-9555,PapillionNE@anytimefitness.com,Papillion
2381,36.80493,-76.72763,11403 Windsor Blvd,,Windsor,Virginia,US,23487,3822,(757) 870-2737,WindsorVA@anytimefitness.com,Windsor
2382,-37.67379,145.16007,75-77 Main Hurstbridge Road,,Diamond Creek,Victoria,AU,3089,AU-1306,0439 658 551,diamondcreek@anytimefitness.com.au,Diamond Creek
2383,50.76874,0.28791,22-24 Langney Road,,Eastbourne,South East,GB,BN21 3EU,UK-0067,01323 700720,eastbourne@anytimefitness.co.uk,Eastbourne
2384,42.199259,-87.858831,2585 Waukegan Rd,,Bannockburn,Illinois,US,60015,5071,847-282-0909,BannockburnIL@anytimefitness.com,Bannockburn
2385,28.23954,-82.36373,27325 Wesley Chapel Blvd,,Wesley Chapel,Florida,US,33543,2964,(813) 994-1912,WesleyChapelFL@anytimefitness.com,Wesley Chapel (Wesley Chapel Blvd.)
2386,19.4352,-99.18433,"Avenida Homero 206 E-1, Chapultepec Morales, Polanco V Sección",,Ciudad de México,Ciudad de Mexico,MX,11550,MX-1138,,polanco.cdmx@anytimefitness.com.mx,Ciudad de México (Polanco)
2387,1.30153,103.83634,"8 Grange Road, Singapore 239695",,Singapore,Central Singapore,SG,,SG-0190,,CineleisureOrchard@anytimefitness.sg,Cineleisure Orchard
2388,-34.78323,138.70881,307 The Golden Way,,Golden Grove,South Australia,AU,5125,AU-1159,08 8251 5938,goldengrove@anytimefitness.com.au,Golden Grove
2389,35.00338,-80.69923,5941 Weddington Rd,,Wesley Chapel,North Carolina,US,28104,2592,(704) 821-0885,WesleyChapelNC@anytimefitness.com,Wesley Chapel
2390,52.13865,5.02718,Safariweg 38,,Maarssen,Utrecht,NL,3605 MA,NL-1143,+31 (0)34 67 45 132,maarssen@anytimefitness.nl,Maarssen
2391,43.7253,-87.73321,2701 S. Business Dr,,Sheboygan,Wisconsin,US,53081,254,(920) 457-1700,Sheboygan@anytimefitness.com,Sheboygan
2392,-33.7314,151.15731,"Shop G1 G2, St Ives Shopping Village,",,St Ives,New South Wales,AU,2075,AU-1512,0406 406 083,stives@anytimefitness.com.au,St Ives
2393,-27.49417,152.97701,240 Moggill Road,,Indooroopilly,Queensland,AU,4068,AU-1581,0481258469,indooroopilly@anytimefitness.com.au,Indooroopilly
2394,1.43116,103.77412,BLK 303 WOODLANDS STREET 31 #01-159/161 SINGAPORE 730303,,Singapore,North West,SG,730303,SG-0066,,MarsilingMRT@anytimefitness.sg,Marsiling MRT
2395,33.11438,-94.18164,108 N Loop 59,,Atlanta,Texas,US,75551,2209,(903) 796-5438,AtlantaTX@anytimefitness.com,Atlanta
2396,28.5355,77.39102,"1st,2nd & 3rd Floor",,Noida,Uttar Pradesh,IN,201301,IN-1185,"+917042428122, 7042113122",122.noida@anytimefitness.in,Noida
2397,-27.46967,153.00616,22 - 36 Railway Terrace,,Milton,Queensland,AU,4064,AU-1435,0428 576 971,milton@anytimefitness.com.au,Milton
2398,34.68191,135.53482,城東区森之宮1-6-111 NLC森の宮ビル 1F,,大阪市,大阪府,JP,〒536-0025,JP-2879,06-6167-5673,af_morinomiya1090_info@anytimefitness.jp,大阪市 (森之宮店)
2399,22.98912,120.20894,"台南市中西區府前路一段88號1,2樓及B1",,Tainan,臺南市,TW,,TW-0009,06-2236038,Tainan.Uni@anytimefitness.tw,台南大學店 Tainan University (Tainan)
2400,35.73709,139.63772,貫井1-2-1,,練馬区,東京都,JP,〒176-0021,JP-3070,,af_nakamurabashiekimae1305_info@anytimefitness.jp,練馬区 (中村橋駅前)
2401,14.65524,120.98462,"418 B SM Grand Central Rizal Ave Ext, East Grace Park",,SM City Grand Central,Metro Manila,PH,,PH-0183,,SMCityGrandCentral@anytimefitness.ph,SM City Grand Central
2402,35.90967,139.79619,東大沢4－27－11,,越谷市,埼玉県,JP,〒343-0022,JP-2766,048-940-2718,af_koshihanata1000_info@anytimefitness.jp,越谷市 (越谷花田店)
2403,41.65456,-88.00134,1232 State St,,Lemont,Illinois,US,60439,3921,(630) 312-0331,LemontIL@anytimefitness.com,Lemont
2404,34.68896,136.51326,藤方1字茨ク子1606、1607,,津市,三重県,JP,〒514-0815,JP-3071,,af_tsufujikata1306_info@anytimefitness.jp,津市 (津藤方)
2405,34.006544,-118.4123999,4130 Sepulveda Blvd,,Culver City,California,US,90230,2542,(424) 672-3488,CulverCityCA@anytimefitness.com,Culver City
2406,35.79526,139.79251,竹ノ塚6-14-6,,足立区,東京都,JP,〒121-0813,JP-3069,,af_takenotsuka1304_info@anytimefitness.jp,足立区 (竹の塚)
2407,28.70649,77.13647,"Building No 4, BD Block, Pitampura",,New Delhi,Delhi,IN,110034,IN-1025,+919871718375,bdpitampura.delhi@anytimefitness.in,"New Delhi, Pitampura"
2408,39.62764,-119.91782,202 Silver Lake Rd,,Reno,Nevada,US,89508,3512,(775) 677-2900,RenoNV4@anytimefitness.com,Reno
2409,-27.46715,153.02783,300 Queen Street,,Brisbane,Queensland,AU,4000,AU-1166,0421 666 711,brisbane@anytimefitness.com.au,Brisbane
2410,-23.85496,151.24884,"Shop 47-48, Gladstone Central Shopping Centre",,Gladstone,Queensland,AU,4680,AU-1074,07 4976 9130,gladstone@anytimefitness.com.au,Gladstone
2411,36.06207,139.51547,東1-1-30 1F,,鴻巣市,埼玉県,JP,〒365-0039,JP-2693,048-579-5263,af_konosu929_info@anytimefitness.jp,鴻巣市 (鴻巣店)
2412,28.63434,77.21916,"B 37 and 38 ,1st Floor Connaught Place",,New Delhi,Delhi,IN,110001,IN-1043,+919641111188,cp.delhi@anytimefitness.in,"New Delhi, Connaught Place"
2413,32.80962,-98.08536,140 Garrett Morris Pkwy,,Mineral Wells,Texas,US,76067,1299,(940) 328-0400,MineralWellsTX@anytimefitness.com,Mineral Wells
2414,50.4431,-3.56433,188-190 Torquay Road,,Paignton,South West,GB,TQ3 2AL,UK-0356,01803 500247,paignton@anytimefitness.co.uk,Paignton
2415,42.83445,-88.75043,1139 W. Main St,,Whitewater,Wisconsin,US,53190,1925,(262) 472-0888,WhitewaterWI@anytimefitness.com,Whitewater
2416,39.47339,-87.36041,101 S Fruitridge Ave,,Terre Haute,Indiana,US,47803,2040,(812) 235-8463,TerreHauteIN@anytimefitness.com,Terre Haute (S Fruitridge)
2417,35.76597,139.84895,亀有3-29-1,,葛飾区,東京都,JP,〒125-0061,JP-3037,03-6662-6071,af_kameari1247_info@anytimefitness.jp,亀有店 (葛飾区)
2418,44.91792,-93.21618,4725 Hiawatha Ave,,Minneapolis,Minnesota,US,55406,4289,(612) 444-7464,MinneapolisMN4@anytimefitness.com,Minneapolis (Minnehaha Falls)
2419,-36.96265,174.89536,54 Ormiston Road,,"Ormiston, Auckland",Auckland,NZ,2019,NZ-1070,022 807 5777,ormiston@anytimefitness.co.nz,"Ormiston, Auckland"
2420,45.41392,11.87995,"Via Diego Valeri, 1",,Padova,Padova,IT,35131,IT-0077,3519610454,padova@anytimefitness.it,Padova
2421,28.14294,-82.75684,402 S Pinellas Ave,,Tarpon Springs,Florida,US,34689,1231,(727) 943-0400,TarponSpringsFL@anytimefitness.com,Tarpon Springs
2422,42.618986,-82.532515,1099 Saint Claire River Dr,,Algonac,Michigan,US,48001,4783,(810) 512-4224,AlgonacMI@anytimefitness.com,Algonac
2423,53.640232,-113.442796,66 St NW & 178 Ave NW,,Edmonton,Alberta,CA,T5E 5S7,5409,,EdmontonAB11@anytimefitness.ca,Edmonton
2424,48.65034,-123.40613,2245 James White Boul. Unit 101,,Sidney,British Columbia,CA,V8L 1Z5,4695,(250) 655-9598,SidneyBC@anytimefitness.ca,Sidney
2425,37.35885,-77.41626,12324 Bermuda Crossroad Ln.,,Chester,Virginia,US,23831,1648,(804) 768-6000,ChesterVA@anytimefitness.com,Chester
2426,53.06542,5.51203,De Ward 10,,Bolsward,Friesland,NL,8701 MB,NL-1058,+31 515 573 745,bolsward@anytimefitness.nl,Bolsward
2427,-34.22845,150.68383,Wilton Plaza Shop 14/ 1 Greenbridge Dr,,Wilton,New South Wales,AU,2571,AU-1740,02 4604 5460,wilton@anytimefitness.com.au,Wilton
2428,-37.74431,144.90897,23 Keilor Road,,Essendon,Victoria,AU,3040,AU-1257,0417972439,essendon@anytimefitness.com.au,Essendon
2429,33.09562,-98.59037,1104 Hwy 16  S,,Graham,Texas,US,76450,2711,(940) 549-3800,GrahamTX@anytimefitness.com,Graham
2430,35.4833,139.52862,旭区今宿西町441-2 1F,,横浜市,神奈川県,JP,〒241-0031,JP-2645,045-459-9616,af_yokoimajuku881_info@anytimefitness.jp,横浜市 (横浜今宿店)
2431,14.87442,120.79701,"Level 4 Vista Mall Malolos McArthur Highway, Brgy. Longos",,Malolos,Bulacan,PH,,PH-0097,,Malolos@anytimefitness.ph,Vista Mall Malolos
2432,-37.70398,144.91597,824A Pascoe Vale Road,,Glenroy,Victoria,AU,3046,AU-1188,03 9116 6150,glenroy@anytimefitness.com.au,Glenroy
2433,40.166083,-83.019191,8601 Columbus Pike,,Lewis Center,Ohio,US,43035,5291,740.201.1055,LewisCenterOH@anytimefitness.com,Lewis Center
2434,36.57537,139.89022,上大曽町371-1 1-2F,,宇都宮市,栃木県,JP,〒320-0013,JP-1510,028-666-0513,af_utozo502_info@anytimefitness.jp,宇都宮市 (宇都宮大曽店)
2435,-33.83554,151.08811,"2/5 Rider Boulevard, Rhodes",,Rhodes,New South Wales,AU,2138,AU-1452,+61 477 258 713,rhodes@anytimefitness.com.au,Rhodes
2436,45.10516,7.6714,"Corso Grosseto, 178",,Torino,Torino,IT,10148,IT-0039,3533750248,torinogrosseto@anytimefitness.it,Torino (Grosseto)
2437,36.849276,-81.509401,118 Atkins Farm Lane,,Marion,Virginia,US,24354,4871,276-378-7676,MarionVA@anytimefitness.com,Marion
2438,51.94106,6.47832,Guldenweg 1a,,Varsseveld,Gelderland,NL,7051 HT,NL-1186,+31 315 820 200,varsseveld@anytimefitness.nl,Varsseveld
2439,45.432887,-76.35338,Main St & Avenue Evelyn,,Arnprior,Ontario,CA,K1S,3851,,ArnpriorON@anytimefitness.ca,Arnprior
2440,48.21002,-101.29827,305 20th Ave. SW.,,Minot,North Dakota,US,58701,200,(701) 852-3333,Minot@anytimefitness.com,Minot (20th Ave SW)
2441,10.31782,123.89439,"Capitol Square, N. Escario Street",,Cebu,Cebu,PH,6000,PH-0012,032-261-5658,Escario@anytimefitness.ph,Escario
2442,-37.85889,144.97989,2/161 Fitzroy Street,,St Kilda,Victoria,AU,3182,AU-1177,03 9534 2469,stkilda@anytimefitness.com.au,St Kilda
2443,40.6877262,-80.054557,720 Adams Shoppes RT 228,,Mars,Pennsylvania,US,16046,4455,(724) 553-5851,MarsPA@anytimefitness.com,Mars
2444,42.46221,-83.83249,9500 Chilson Cir,,Pinckney,Michigan,US,48169,1018,(810) 231-9550,HamburgMI@anytimefitness.com,"Pinckney (Hamburg, MI)"
2445,52.19975,-1.71429,Unit 4,,Stratford-upon-Avon,West Midlands,GB,CV37 0BT,UK-0273,01789 532 247,stratford-upon-avon@anytimefitness.co.uk,Stratford-upon-Avon
2446,-33.86406,151.17061,91-95 Victoria Road,,Rozelle,New South Wales,AU,2039,AU-1111,02 9555 9196,balmain@anytimefitness.com.au,Balmain
2447,14.65479,120.5334,"2F, Unit 2-105-106, Bataan Provincial Hwy",,Balanga,Bataan,PH,,PH-0163,,VistaMallBataan@anytimefitness.ph,Vista Mall Bataan
2448,40.898666,-74.112352,430 Market St,,Elmwood Park,New Jersey,US,07407,4817,201-565-3469,ElmwoodParkNJ@anytimefitness.com,Elmwood Park
2449,31.31603,75.58107,"2nd and 3rd Floor , 461, MKC Mall",,Jalandhar,Punjab,IN,144004,IN-1120,"+919876740500, +919876730500",newjawaharnagar.jalandhar@anytimefitness.in,"Jalandhar, New Jawahar Nagar, Punjab"
2450,40.42188,-104.75975,4855 W 10th St,,Greeley,Colorado,US,80634,2126,(970) 352-3640,GreeleyCO@anytimefitness.com,Greeley
2451,29.796094,-82.502429,15202 NW 147th Dr,,Alachua,Florida,US,32615,3319,(386) 518-5277,AlachuaFL@anytimefitness.com,Alachua
2452,43.3878,-87.90828,155 Sweetwater Blvd,,Port Washington,Wisconsin,US,53074,662,(262) 536-4524,PortWashWI@anytimefitness.com,Port Washington
2453,51.52604,-0.13515,210 Euston Road,,London (Euston),Greater London,GB,NW1 2DA,UK-0193,0203 089 3444,euston@anytimefitness.co.uk,London (Euston)
2454,42.471794,-82.905047,24040 Harper Ave,,St. Clair Shores,Michigan,US,48080,4860,(586) 777-1200,StClairShoresMI2@anytimefitness.com,St. Clair Shores (Harper & 9 Mile)
2455,22.58933,88.41115,"Prangan, 2nd Floor, DD - 7",,Kolkata,West Bengal,IN,700064,IN-1078,+918336977572,saltlake1.kolkata@anytimefitness.in,"Kolkata, Salt Lake, West Bengal"
2456,-28.86851,153.55831,92 Tamar St,,Ballina,New South Wales,AU,2478,AU-1339,0424 805 579,ballina@anytimefitness.com.au,Ballina
2457,39.45512,-77.44837,2405 Whittier Dr,,Frederick,Maryland,US,21702,3871,(301) 668-2348,FrederickMD2@anytimefitness.com,Frederick (Whittier Lakefront)
2458,34.28776,-83.84246,1500 Browns Rdg Rd,,Gainesville,Georgia,US,30501,2688,(770) 535-0424,GainesvilleGA@anytimefitness.com,Gainesville
2459,22.30665,114.25624,"Shop 204, Park Central, Tseung Kwan O 將軍澳中心 204 號舖",,Hong Kong,NEW TERRITORIES,HK,,HK-0039,+852 6121 8103,TseungKwanO@anytimefitness.hk,Tseung Kwan O
2460,-37.70386,145.10367,"Shop L05-001, Greensborough Plaza Shopping Centre",,Greensborough,Victoria,AU,3088,AU-1357,03 9435 0010,greensborough@anytimefitness.com.au,Greensborough
2461,34.60948,135.53804,東住吉区湯里5-20-14 1-2F,,大阪市,大阪府,JP,〒546-0013,JP-1616,06-6718-4603,af_higashisumiyoshi606_info@anytimefitness.jp,大阪市 (東住吉店)
2462,41.6786,-86.8998,264 Dunes Plaza,,Michigan City,Indiana,US,46360,2382,(219) 878-8400,MichiganCityIN@anytimefitness.com,Michigan City
2463,36.29955,139.80891,東城南1-1-1 2F,,小山市,栃木県,JP,〒323-0829,JP-1376,0285-37-6767,af_oyama368_info@anytimefitness.jp,小山市 (小山店)
2464,1.32712,103.8459,"520 Balestier Rd, #03-01 to 04",,Singapore,Central Singapore,SG,329853,SG-0132,+65 8157 8984,VIIOBALESTIER@anytimefitness.sg,VIIO @ BALESTIER
2465,47.67321688,-116.7698,1116 Sherman Ave,,Coeur d’Alene,Idaho,US,83814,3910,(208) 292-4911,DowntownCDA@anytimefitness.com,Coeur d’Alene (Sherman Ave)
2466,44.847153,-93.772325,724 Vista Blvd,,Waconia,Minnesota,US,55387,4989,(952) 230-1155,WaconiaMN@anytimefitness.com,Waconia
2467,41.4339,-74.03853,29 Quaker Rd,,Cornwall,New York,US,12518,2870,(845) 237-7016,CornwallNY@anytimefitness.com,Cornwall
2468,35.56826,139.72404,大森西6-11-17　 2F,,大田区,東京都,JP,〒143-0015,JP-1147,03-6436-8565,afplum138_info@anytimefitness.jp,大田区 (梅屋敷店)
2469,41.48788,-93.67492,1101 Chatham Ave,,Norwalk,Iowa,US,50211,140,(515) 953-0004,Norwalk@anytimefitness.com,Norwalk
2470,35.63495,139.50157,百村1624-3,,稲城市,東京都,JP,〒206-0804,JP-1262,042-379-9586,af_inagi252_info@anytimefitness.jp,稲城市 (稲城店)
2471,,,,,TBD,Jalisco,MX,TBD,MX-1188,,,TBD
2472,35.66519,139.37013,高倉町48-8 プレジャーガーデン豊田一番館 1-2F,,八王子市,東京都,JP,〒192-0033,JP-2871,042-649-5062,af_takakura1082_info@anytimefitness.jp,八王子市 (八王子高倉店)
2473,34.62317,135.49289,住之江区粉浜1-1-32　キリンドプラザ帝塚山 3F,,大阪市,大阪府,JP,〒559-0001,JP-1118,06-6654-6851,aftedukayama84_info@anytimefitness.jp,大阪市 (帝塚山店)
2474,46.50619,-94.29566,24400 Smiley Rd N,,Nisswa,Minnesota,US,56468,961,(218) 961-1111,NisswaMN@anytimefitness.com,Nisswa
2475,41.53212,2.44237,Ronda Barceló 88,,Mataró,Catalonia,ES,08302,SP-0106,,,Mataró
2476,26.89985,75.83468,"1st Floor, UBD Business Avenue",,Jaipur,Rajasthan,IN,302004,IN-1053,+918058051686,rajapark.jaipur@anytimefitness.in,"Jaipur, Raja Park"
2477,35.50803,139.44559,中央林間4-14-25 B1F,,大和市,神奈川県,JP,〒242-0007,JP-1406,046-259-9861,af_churin395_info@anytimefitness.jp,大和市 (中央林間店)
2478,33.87957,130.86822,小倉北区金田1-2-6 2F,,北九州市,福岡県,JP,〒803-0816,JP-2635,093-482-3021,af_kokurakanada871_info@anytimefitness.jp,北九州市 (小倉金田店)
2479,,,,,TBD,Chiapas,MX,TBD,MX-1189,,,TBD
2480,36.07188,140.09304,松代1-7-10 1F,,つくば市,茨城県,JP,〒305-0035,JP-2791,029-875-3127,af_matsushiro1023_info@anytimefitness.jp,つくば市 (つくば松代店)
2481,14.64634,121.05963,"99 Maginhawa, St, Teacher's Village East",,Quezon City,Metro Manila,PH,,PH-0032,0917 8280247,AFMaginhawa@anytimefitness.ph,Maginhawa
2482,41.61742,-87.03725,757 Indian Boundary Rd,,Chesterton,Indiana,US,46304,3346,(219) 765-0382,ChestertonIN@anytimefitness.com,Chesterton
2483,-33.01117,151.59313,"Shop 3, 2 James Street",,Toronto,New South Wales,AU,2283,AU-1244,02 4950 5332,toronto@anytimefitness.com.au,Toronto
2484,,,,,TBD,Chiapas,MX,TBD,MX-1190,,,TBD
2485,35.43753,139.61482,南区南太田1-27-19　MK南太田 2F,,横浜市,神奈川県,JP,〒232-0006,JP-1173,045-315-5727,afminamiota167_info@anytimefitness.jp,横浜市 (南太田店)
2486,35.91304,139.95661,小青田3-2ｰ8 1F,,柏市,千葉県,JP,〒277-0803,JP-1547,04-7192-6527,af_kashiwatanaka537_info@anytimefitness.jp,柏市 (柏たなか店)
2487,53.38991,-3.02645,172-184 Grange Rd,,Birkenhead,North West,GB,CH41 6EA,UK-0480,01513 940488,birkenhead@anytimefitness.co.uk,Birkenhead
2488,42.77835,-83.01667,65929 Van Dyke Rd,,Washington,Michigan,US,48095,1849,(586) 336-7700,WashingtonMI@anytimefitness.com,Washington
2489,35.71983,139.97983,行田1-50-2 フォルテ船橋 2F,,船橋市,千葉県,JP,〒273-0044,JP-2562,047-407-1575,af_funabashigyoda797_info@anytimefitness.jp,船橋市 (船橋行田店)
2490,35.65158,139.54465,布田4-2-9　スペランサ B1,,調布市,東京都,JP,〒182-0024,JP-1017,042-490-0524,afchofu01_info@anytimefitness.jp,調布市 (調布店)
2491,44.07889,-103.250469,772 Mountain View Rd,,Rapid City,South Dakota,US,57702,4518,605-791-1775,RapidCitySD2@anytimefitness.com,Rapid City
2492,44.7730091,-106.9441303,2240 Coffeen Ave,,Sheridan,Wyoming,US,82801,4769,(307) 655-5746,SheridanWY@anytimefitness.com,Sheridan
2493,47.93491,13.48747,Attergaustrasse 57,,St Georgen i. A,Upper Austria,AT,4880,AT-0007,+43 7667 21 212,stgeorgen@anytimefitness.at,St Georgen i. A
2494,32.54631,-95.8585,400 E Hwy 243,,Canton,Texas,US,75103,1888,(903) 567-1113,CantonTX@anytimefitness.com,Canton
2495,44.900152,-76.022572,7 Maple Ave,,Smithsfalls,Ontario,CA,K7A 1Z4,5366,,RichmondON@anytimefitness.ca,Smithsfalls
2496,34.698,135.20045,中央区旭通1-1-1　サンピア 1F,,神戸市,兵庫県,JP,〒651-0095,JP-1202,078-200-5701,afsannomiyaa192_info@anytimefitness.jp,神戸市 (三宮旭通店)
2497,-34.78058,138.60784,20/237 Martins Road,,Parafield Gardens,South Australia,AU,5107,AU-1428,08 8283 0680,parafieldgardens@anytimefitness.com.au,Parafield Gardens
2498,36.65961,-76.23445,237 Carmichael Way,,Chesapeake,Virginia,US,23322,2560,(757) 651-4146,ChesapeakeVA3@anytimefitness.com,Chesapeake (Carmichael)
2499,30.75428,-81.57967,2800 Osborne Rd,,St. Mary's,Georgia,US,31558,1232,(912) 729-2447,StMarysGA@anytimefitness.com,St. Mary's
2500,26.84507,75.80156,"1-A, 2nd Floor, Naval Tower, Jawahar Lal Nehru Marg,",,"Jaipur, Malviya Nagar",Rajasthan,IN,302017,IN-1050,+918058051678,malviyanagar.jaipur@anytimefitness.in,"Jaipur, Malviya Nagar"
2501,37.75484,-77.46911,113 Junction Drive,,Ashland,Virginia,US,23005,4556,804-412-4999,AshlandVA@anytimefitness.com,Ashland
2502,35.67086,139.49461,若松町2-1-6　北松レジデンス 1-2F,,府中市,東京都,JP,〒183-0005,JP-1044,042-330-3323,afe-fuchu40_info@anytimefitness.jp,府中市 (東府中店)
2503,41.95241,12.69248,Via F.lli Gualandi 2,,Albuccione,Roma,IT,00012,IT-0034,3518831096,guidoniatiburtina@anytimefitness.it,Guidonia (Tiburtina)
2504,42.1511,-71.41528,106 Main St,,Medway,Massachusetts,US,02053,1941,(508) 533-3100,MedwayMA@anytimefitness.com,Medway
2505,35.23052,-92.38844,47 S Broadview St,,Greenbrier,Arkansas,US,72058,1145,(501) 679-0677,GreenbrierAR@anytimefitness.com,Greenbrier
2506,41.47048,-87.27697,4831 East Lincoln Highway,,Merrillville,Indiana,US,46410,4359,(219) 308-2859,MerrillvilleIN2@anytimefitness.com,Merrillville (EAST)
2507,27.21002,-80.32614,802 SE Becker Rd,,Port St. Lucie,Florida,US,34984,4004,(772) 343-0758,PortSaintLucieFL2@anytimefitness.com,Port St. Lucie
2508,34.55631,135.50335,北区中百舌鳥町5-6 中百舌鳥駅前ビル 2F,,堺市,大阪府,JP,〒591-8023,JP-1237,072-260-4580,af_nakamozu230_info@anytimefitness.jp,堺市 (なかもず店)
2509,35.60116,139.61293,高津区溝口2-13-1-1 1F,,川崎市,神奈川県,JP,〒213-0001,JP-1508,044-455-7981,af_mizonokuchi501_info@anytimefitness.jp,川崎市 (溝の口店)
2510,30.38708,-95.69402,20873 Eva St,,Montgomery,Texas,US,77356,3964,(936) 449-8100,MontgomeryTX@anytimefitness.com,Montgomery
2511,35.16661,136.95158,千種区覚王山通9-15 2-3F,,名古屋市,愛知県,JP,〒464-0841,JP-1667,052-715-6027,af_kakuozan656_info@anytimefitness.jp,名古屋市 (覚王山店)
2512,-27.37222,153.06174,74 Robinson Rd East,,Virginia,Queensland,AU,4014,AU-1665,0434879729,virginia@anytimefitness.com.au,Virginia
2513,35.66959,139.71299,神宮前3-6-7 Dear Jingumae B1-B2F,,渋谷区,東京都,JP,〒150-0001,JP-2782,03-6434-7215,af_jingumae1014_info@anytimefitness.jp,渋谷区 (神宮前店)
2514,14.63401,120.99757,"The Vive Hub food park, 197 D.Tuazon Street, Sta.Mesa Heights",,Quezon City,Metro Manila,PH,1900,PH-0114,0995 678 0647 / 0909 297 9378,VivehubDTuazon@anytimefitness.ph,Vivehub (D. Tuazon)
2515,-33.78363,151.0442,241-245 Pennant Hills Road,,Carlingford,New South Wales,AU,2118,AU-1327,02 9873 2700,carlingford@anytimefitness.com.au,Carlingford
2516,42.32889,-88.19836,28972 W. IL Route 120,,Lakemoor,Illinois,US,60051,777,815-494-2077,LakemoorIL@anytimefitness.com,Lakemoor
2517,34.47138,132.43025,安佐南区長楽寺1-4-19 1F,,広島市,広島県,JP,〒731-0143,JP-1419,082-846-6840,af_hchorakuji399_info@anytimefitness.jp,広島市 (広島長楽寺店)
2518,35.0238,135.99748,安養寺8-2-20 1F,,栗東市,滋賀県,JP,〒520-3015,JP-1431,077-596-3140,af_ritto419_info@anytimefitness.jp,栗東市 (栗東店)
2519,46.08779,11.11799,"Via Brennero, 272",,Trento,Trento,IT,38122,IT-0046,3334436345,trentobrennero@anytimefitness.it,Trento
2520,-30.32756,149.78643,68-70 Barwan Street,,Narrabri,New South Wales,AU,2390,AU-1468,02 6792 4537,narrabri@anytimefitness.com.au,Narrabri
2521,35.60339,139.36562,小山ヶ丘4-1-10 2F,,町田市,東京都,JP,〒194-0215,JP-1215,042-703-0657,aftamasakai212_info@anytimefitness.jp,町田市 (多摩境店)
2522,1.36134,103.84155,"191 Sin Ming Avenue, #03-01",,Marymount Community Club,South West,SG,575738,SG-0012,+65 9863 5657,MarymountCC@anytimefitness.sg,Marymount CC
2523,40.75638,-86.76589,914 N Main St,,Monticello,Indiana,US,47960,4382,(574) 240-2143,MonticelloIN@anytimefitness.com,Monticello
2524,41.47032,-87.36457,8119 Taft St,,Merrillville,Indiana,US,46410,3548,(219) 769-7080,MerrillvilleIN@anytimefitness.com,Merrillville (WEST)
2525,43.6315,-95.598,1159 Oxford St,,Worthington,Minnesota,US,56187,2280,(507) 295-7110,WorthingtonMN@anytimefitness.com,Worthington
2526,28.97718,-81.98348,16770 S Hwy 441,,Summerfield,Florida,US,34491,2001,(352) 307-0700,SummerfieldFL@anytimefitness.com,Summerfield
2527,30.02087,-90.11185,125 Allen Toussaint Blvd,,New Orleans,Louisiana,US,70124               ,966,(504) 286-7667,NewOrleansLA@anytimefitness.com,New Orleans (Lakeview)
2528,1.3138,103.8256,"32 Stevens Road #02-01 @Novotel Stevens, Singapore 258892",,Novotel Stevens,Central Singapore,SG,258892,SG-0160,,Balmoral@anytimefitness.sg,Anytime Fitness Balmoral
2529,35.61406,139.3801,南大沢2-1-6 フレンテ南大沢本館(駅直上) 3F,,八王子市,東京都,JP,〒192-0364,JP-2732,042-682-3356,af_minamiosawa967_info@anytimefitness.jp,八王子市 (南大沢店)
2530,35.56896,139.68665,下丸子1-6-23　リヴェール南 1F,,大田区,東京都,JP,〒146-0092,JP-1065,03-5741-1338,afshimomaruko61_info@anytimefitness.jp,大田区 (下丸子店)
2531,39.39383,-77.43952,5850 Ballenger Crk Pike,,Ballenger Creek,Maryland,US,21703,3981,(301) 732-4500,BallengerCreekMD@anytimefitness.com,Ballenger Creek
2532,-33.67631,150.86047,Corner of Pitt Street and Mill Street,,Riverstone,New South Wales,AU,2765,AU-1557,0452 588 900,riverstone@anytimefitness.com.au,Riverstone
2533,52.54992,-0.32435,Lynchwood Park,,Peterborough,East of England,GB,PE2 6FY,UK-0444,,lynchwood@anytimefitness.co.uk,Peterborough (Lynchwood Park)
2534,29.131341,-81.005886,3761 S Nova Rd,,Port Orange,Florida,US,32129,3296,(386) 243-5640,PortOrangeFL@anytimefitness.com,Port Orange
2535,14.55389,121.0203,"122 Legaspi St., Legaspi Village, Brgy. San Lorenzo",,Makati,Metro Manila,PH,,PH-0088,,Greenbelt@anytimefitness.ph,Greenbelt
2536,35.68447,139.73712,麹町4-8 麹町クリスタルシティ 1F,,千代田区,東京都,JP,〒102-0083,JP-1266,03-6272-6355,af_koujimati260_info@anytimefitness.jp,千代田区 (麹町店)
2537,31.725,-106.4,Avenida Tomás Fernández Bermúdez 8580,,Ciudad Juarez,Chihuahua,MX,32470,MX-1113,6563530850,industrialbermudez.cdj@anytimefitness.com.mx,Ciudad Juarez (Industrial Bermudez)
2538,39.76865,-76.6689,664 Shrewsbury Commons Ave,,Shrewsbury,Pennsylvania,US,17361,2802,(717) 235-7144,ShrewsburyPA@anytimefitness.com,Shrewsbury
2539,35.59553,139.34607,緑区橋本3-27-6 橋本三丁目ビル 2-3F,,相模原市,神奈川県,JP,〒252-0143,JP-2770,042-703-5657,af_hashimotost1004_info@anytimefitness.jp,相模原市 (橋本駅前店)
2540,-34.80369,138.65132,450 Bridge Road,,Para Hills West,South Australia,AU,5096,AU-1442,0416 528 745,parahillswest@anytimefitness.com.au,Para Hills West
2541,-37.82976,144.95882,"Ground Floor, 105 York Street",,South Melbourne,Victoria,AU,3205,AU-1263,03 9682 1453,southmelbourne@anytimefitness.com.au,South Melbourne
2542,10.33068,123.90474,"5th Floor, Ayala Malls Central Bloc, Cebu IT Park, Brgy. Lahug 6000",,Cebu,Cebu,PH,,PH-0081,09178113017,cebuitpark@anytimefitness.ph,Cebu IT Park
2543,38.52129,-121.97149,113 Main St.,,Winters,California,US,95694,2726,(530) 795-4444,WintersCA@anytimefitness.com,Winters
2544,46.83527,-96.7657,935 37th Ave S,,Moorhead,Minnesota,US,56560,1737,(218) 227-5440,southmoorhead@anytimefitness.com,Moorhead
2545,35.64948,139.55749,国領町4-8-1　グランドール武戸野 B1,,調布市,東京都,JP,〒182-0022,JP-1246,042-444-6735,af_kokuryo238_info@anytimefitness.jp,調布市 (国領店)
2546,38.40684,-122.71536,2885 Santa Rosa Ave,,Santa Rosa,California,US,95407,1352,(707) 542-6500,SantaRosaCA@anytimefitness.com,Santa Rosa (Santa Rosa)
2547,37.94916,139.29662,富塚町3-13-14 1F,,新発田市,新潟県,JP,〒957-0062,JP-1579,0254-28-7940,af_shibata570_info@anytimefitness.jp,新発田市 (フレスポ新発田店)
2548,34.40607,135.3454,熊取町大久保北3丁目1025番1 2F,,泉南郡,大阪府,JP,〒590-0402,JP-1273,072-493-3722,af_kumatori267_info@anytimefitness.jp,泉南郡 (熊取店)
2549,36.39906,140.53311,東石川字沼1567-1 1F,,ひたちなか市,茨城県,JP,〒312-0052,JP-2558,029-229-0475,af_hitachinakae793_info@anytimefitness.jp,ひたちなか市 (ひたちなか東石川店)
2550,40.03651,-75.35059,789 E Lancaster Ave,,Villanova,Pennsylvania,US,19085,3648,(610) 520-3488,VillanovaPA@anytimefitness.com,Villanova
2551,23.82185,86.47305,"Pinnacle, 4th Floor, Opposite Kalyan Jewellers",,Dhanbad,Jharkhand,IN,828127,IN-1190,"+91 7481883888, +91 7368833388",saraidhela.dhanbad@anytimefitness.in,"Dhanbad, Saraidhela, Jharkhand"
2552,37.63683,-77.35743,8319 Bell Creek Rd,,Mechanicsville,Virginia,US,23116,4598,(804) 730-4548,MechanicsvilleVA@anytimefitness.com,Mechanicsville
2553,26.88628,80.94176,"HIG-1, Kapoorthala Road, Sector E, Chandralok, Lucknow, Uttar Pradesh 226024",,Lucknow,Uttar Pradesh,IN,226024,IN-1100,+91 9506999989,aliganj.lucknow@anytimefitness.in,"Lucknow, Aliganj"
2554,-37.78034,145.03255,738 Heidelberg Road,,Alphington,Victoria,AU,3078,AU-1039,03 9499 6162,alphington@anytimefitness.com.au,Alphington
2555,35.67551,139.82494,南砂2-32-1 センタービレッジ南砂 2F,,江東区,東京都,JP,〒136-0076,JP-1751,03-6666-5951,af_minamisuna739_info@anytimefitness.jp,江東区 (南砂店)
2556,52.0867,5.24081,Emmaplein 12,,Zeist,Utrecht,NL,3701 DA,NL-1226,+31 6 27 49 39 83,zeist@anytimefitness.nl,Zeist
2557,51.65532,-0.20252,Unit 1B,,Barnet,Greater London,GB,EN5 5XY,UK-0091,0208 8193508,highbarnet@anytimefitness.co.uk,London (High Barnet)
2558,32.9282,130.54694,中1659-3 1F,,玉名市,熊本県,JP,〒865-0064,JP-2690,0968-79-7281,af_tamana926_info@anytimefitness.jp,玉名市 (玉名店)
2559,40.57498,-85.67839,1107 N Forest Ave,,Marion,Indiana,US,46952,2362,(765) 664-2222,MarionIN@anytimefitness.com,Marion
2560,1.27712,103.84068,17 Cantonment Road,,Cantonment Road,South West,SG,,SG-0068,+65 9386 6950,CantonmentRoad@anytimefitness.sg,Cantonment Road
2561,44.87838,-94.37701,525 S Grade Rd SW,,Hutchinson,Minnesota,US,55350,6,(320) 587-6900,HutchinsonMN@anytimefitness.com,Hutchinson
2562,33.651596393,-117.954746055,21421 Brookhurst St,,Huntington Beach,California,US,92646,4757,714-369-2337,HuntingtonBeachCA@anytimefitness.com,Huntington Beach
2563,30.49421,-92.44822,1516 Hwy 190,,Eunice,Louisiana,US,70535,1660,(337) 457-7000,EuniceLA@anytimefitness.com,Eunice
2564,13.8897,100.57243,"119/119 Chaeng Watthana Rd, Thung Song Hong, Lak Si, Bangkok 10210",,Lak Si,Bangkok,TH,10210,TH-0018,,PortobelloMallChaengwattana@anytimefitness.co.th,Portobello Mall Chaengwattana
2565,14.63284,121.07468,TBD,,Taguig City,Metro Manila,PH,,PH-0113,,SMBlueResidencesKatipunan@anytimefitness.ph,SM Blue Residences Katipunan
2566,35.43129,140.30844,六ツ野2791-8 1-2F,,茂原市,千葉県,JP,〒297-0012,JP-2589,0475-44-7850,af_mobara825_info@anytimefitness.jp,茂原市 (茂原店)
2567,34.0685,-6.79156,Lot N 17 Zone Industrielle Des Habous,,Salé,Rabat-Salé-Kénitra,MA,11160,MA-0004,,sale@anytimefitness.ma,Salé
2568,3.17705,101.75102,"Lot F28, Aeon AU2 Shopping Centre, 6, Jalan Taman Setiawangsa, AU2",,Jalan Taman,Kuala Lumpur,MY,54200,MY-0013,+6011 1695 5518,Setiawangsa@anytimefitness.my,Setiawangsa (AEON AU2 Shopping Centre)
2569,43.995325,-96.304201,507 8th Ave SE,,Pipestone,Minnesota,US,56164,1908,(507) 562-4500,PipestoneMN@anytimefitness.com,Pipestone
2570,-35.20316,149.02961,26 Cartwright Street,,Charnwood,Australian Capital Territory,AU,2615,AU-1283,02 6259 1633,charnwood@anytimefitness.com.au,Charnwood
2571,-34.00151,150.74676,"Tenancy 101, Oran Park Town Centre",,Oran Park,New South Wales,AU,2570,AU-1266,02 4604 2444,oranpark@anytimefitness.com.au,Oran Park
2572,39.616323,-104.816658,5458 S Parker Rd,,Aurora,Colorado,US,80015,4692,(720) 828-8998,AuroraCO2@anytimefitness.com,Aurora
2573,35.56459,139.65571,中原区木月2-6-16 矢倉中田ビル 2F,,川崎市,神奈川県,JP,〒211-0025,JP-2548,044-948-9391,af_motosumiyoshi783_info@anytimefitness.jp,川崎市 (元住吉店)
2574,39.58891,-77.01111,410 Meadow Creek Dr,,Westminster,Maryland,US,21158,4596,(443) 241-9131,WestminsterMD@anytimefitness.com,Westminster
2575,34.0374,131.84453,久米中央5-8-1 1F,,周南市,山口県,JP,〒745-0809,JP-2954,0834-34-1078,af_shunankume1165_info@anytimefitness.jp,周南市 (イオンタウン周南久米店)
2576,14.58985,120.98295,"5th Floor SM City Manila, San Marcelino St., Ermita",,SM City Manila,Metro Manila,PH,,PH-0089,,SMCityManila@anytimefitness.ph,SM City Manila
2577,14.5624,120.99559,"Level 5 & 6, R Square Mall, Taft Avenue corner Pablo Ocampo Street",,Malate,Metro Manila,PH,,PH-0062,09272775966,taft@anytimefitness.ph,Malate
2578,28.38247,79.4256,"Second Floor, 19 Janakpuri",,Bareilly,Uttar Pradesh,IN,243122,IN-1133,+91 7037710024,janakpuri.bareilly@anytimefitness.in,"Bareilly, Janakpuri"
2579,33.343817,-96.588667,804-904 S Central Expy,,Anna,Texas,US,75409,3459,(972) 924-3100,AnnaTX@anytimefitness.com,Anna
2580,37.14969,-3.59822,Av Ilustracion 125 - 127,,Granada,Andalucia,ES,18016,SP-0026,618567966,granada@anytimefitness.es,Granada
2581,35.16159,136.8913,中村区名駅南3-4-13 1-2F,,名古屋市,愛知県,JP,〒450-0003,JP-1527,052-433-2980,af_meiekis517_info@anytimefitness.jp,名古屋市 (名古屋名駅南店)
2582,,,,,South Fraser,British Columbia,CA,,6053,,,South Fraser
2583,35.58828,-82.58587,805 Patton Ave,,Asheville,North Carolina,US,28806,2064,(828) 505-3715,AshevilleNC@anytimefitness.com,Asheville
2584,35.5871,139.6416,中原区宮内2-1-7　大和園ビル 2F,,川崎市,神奈川県,JP,〒211-0051,JP-1015,044-750-2681,afmusashinakahara15_info@anytimefitness.jp,川崎市 (武蔵中原店)
2585,35.58828,139.70677,西馬込1-29-2 MTYビル 2-3F,,大田区,東京都,JP,〒143-0026,JP-1374,03-6417-1260,af_wmagome363_info@anytimefitness.jp,大田区 (西馬込店)
2586,,,,,Lougheed,British Columbia,CA,,6052,,,Lougheed
2587,35.55219,139.66282,幸区北加瀬2-11-1 コトニアガーデン新川崎 2F,,川崎市,神奈川県,JP,〒212-0057,JP-1322,044-201-8367,af_cgshinkawasaki311_info@anytimefitness.jp,川崎市 (コトニアガーデン新川崎店)
2588,34.96602,136.16512,水口町水口6038-1 かふかビルディング 2F,,甲賀市,滋賀県,JP,〒528-0005,JP-2664,0748-69-5790,af_kokaminakuchi900_info@anytimefitness.jp,甲賀市 (甲賀水口店)
2589,28.36686,-81.36526,13807 Landstar Blvd,,Orlando,Florida,US,32824,4287,(407) 917-3727,OrlandoFL3@anytimefitness.com,Orlando
2590,51.74799,-0.47416,Riverside Shopping Centre,,Hemel Hempstead,East of England,GB,HP1 1BT,UK-0002,01442 927144,hemelhempstead@anytimefitness.co.uk,Hemel Hempstead
2591,41.52327,-87.50736,821 Main St,,Munster,Indiana,US,46321,4195,(219) 315-8828,MunsterIN@anytimefitness.com,Munster
2592,,,No.899 Jingjiang east Street Daoli District Herbin Wangfujing Shopping Mall 2F-009,,Harbin City,Heilongjiang Province,CN,,CN-0019,,Harbin@anytimefitness.cn,Harbin City
2593,35.96262,140.64236,宮中328-1 1-2F,,鹿嶋市,茨城県,JP,〒314-0031,JP-1662,0299-77-8217,af_kashima651_info@anytimefitness.jp,鹿嶋市 (鹿嶋店)
2594,1.37338,103.82951,16 Jalan Kuras,,Jalan Kuras,North West,SG,577729,SG-0124,,LowerPeirce@anytimefitness.sg,Lower Peirce
2595,41.8307,-88.08999,1141 E Butterfield Rd,,Wheaton,Illinois,US,60189,4494,(630) 517-8765,WheatonIL@anytimefitness.com,Wheaton
2596,-33.85174,150.89456,Greenway Supacenta,,Wetherill Park,New South Wales,AU,2164,AU-1116,02 9725 5488,wetherillpark@anytimefitness.com.au,Wetherill Park
2597,43.22034,-88.12595,W175-N11162 Stonewood Dr,,Germantown,Wisconsin,US,53022,575,(262) 502-1800,GermantownWI@anytimefitness.com,Germantown
2598,36.14039,139.38018,宮本町32 髙柳ビル 1-2F,,熊谷市,埼玉県,JP,〒360-0822,JP-2553,048-501-6925,af_kumagaya788_info@anytimefitness.jp,熊谷市 (熊谷店)
2599,35.61603,139.67137,八雲2-8-9　アパートメンツ都立大学 1F,,目黒区,東京都,JP,〒152-0023,JP-1031,03-5731-3461,aftoritsudai27_info@anytimefitness.jp,目黒区 (都立大学店)
2600,33.93678,-83.32193,4050 Lexington Rd,,Athens,Georgia,US,30605,3112,(706) 850-8882,AthensGA2@anytimefitness.com,Athens
2601,52.76218,5.1019,Admiraliteitsweg 6A,,Medemblik,Noord-Holland,NL,1671 JA,NL-1263,+31 (0)6 53 20 05 24,medemblik@anytimefitness.nl,Medemblik
2602,1.43299,103.84129,"Junction 9 Shopping Mall, 18 Yishun Avenue 9,#02-32/33",,Yishun,North East,SG,768897,SG-0078,+65 9109 8188,Junction9@anytimefitness.sg,Junction 9
2603,34.61995,135.51467,阿倍野区西田辺町1-21-37 エスパシオ西田辺 1F,,大阪市,大阪府,JP,〒545-0014,JP-1750,06-6569-9800,af_nishitanabe738_info@anytimefitness.jp,Osaka Shi (西田辺店)
2604,33.61229,-111.99384,4030 E Thunderbird Rd,,Phoenix,Arizona,US,85032,3952,(602) 883-8733,PhoenixAZ6@anytimefitness.com,Phoenix
2605,33.78104,-116.35694,36891 Cook St,,Palm Desert,California,US,92211,2834,(760) 469-4648,PalmDesertCA@anytimefitness.com,Palm Desert
2606,44.73254,-93.11915,2678 149th St W,,Rosemount,Minnesota,US,55068,2305,(651) 322-4433,RosemountMN@anytimefitness.com,Rosemount
2607,32.52608,-92.042036,7836 Desiard St,,Monroe,Louisiana,US,71203,166,(318) 998-3583,Monroe@anytimefitness.com,Monroe (Desiard Street)
2608,35.14976,136.93657,昭和区御器所通3-17 1F,,名古屋市,愛知県,JP,〒466-0015,JP-1287,052-734-9740,af_gokiso276_info@anytimefitness.jp,名古屋市 (御器所店)
2609,35.5068,139.68151,鶴見区鶴見中央4-37-37　リオベルデ鶴声 1F,,横浜市,神奈川県,JP,〒230-0051,JP-1011,045-508-6911,aftsurumi11_info@anytimefitness.jp,横浜市 (横濱鶴見店)
2610,3.05292,101.67835,"G-5, G-6, G-7, G-8, G-9, G-10 & G-11 Tropika Bukit Jalil, No 2 Jalan Jalil Perkasa 3",,Bukit Jalil,Kuala Lumpur,MY,57000,MY-0051,012-8835233,TropikaBukitJalil@anytimefitness.my,The Tropika - Bukit Jalil
2611,41.99824,-87.66489,1346 W Devon Ave,,Chicago,Illinois,US,60660,3812,(872) 888-8525,ChicagoIL@anytimefitness.com,Chicago
2612,41.50541,-87.85304,21134 S LaGrange Rd,,Frankfort,Illinois,US,60423,3443,(815) 630-0761,FrankfortIL@anytimefitness.com,Frankfort
2613,32.51601,-92.19606,5600 Cypress St.,,West Monroe,Louisiana,US,71291,328,(318) 396-9129,WestMonroeLA@anytimefitness.com,West Monroe (Cypress St)
2614,-35.31295,149.14564,Unit 71   71 Giles  Street,,Kingston,Australian Capital Territory,AU,2604,AU-1119,02 6295 9952,kingston@anytimefitness.com.au,Kingston
2615,21.10394,-101.64869,"Boulevard Mariano Escobedo No. 3,634 Colonia Oriental Anaya",,León,Guanajuato,MX,37510,MX-1037,,puntoescobedo.leon@anytimefitness.com.mx,Leon (Punto Escobedo)
2616,29.69106,-90.5514,4882 LA-1,,Raceland,Louisiana,US,70394,4383,985-242-2504,RacelandLA@anytimefitness.com,Raceland
2617,35.67209,139.73581,赤坂5-4-7　THE HEXAGON 2F,,港区,東京都,JP,〒107-0052,JP-1016,03-6435-5875,af_akasaka02_info@anytimefitness.jp,港区 (赤坂店)
2618,32.81847,129.87841,吉無田郷2019-6 バークレータウン長与,,西彼杵郡長与町,長崎県,JP,〒851-2126,JP-2820,095-894-8822,af_nagayo1051_info@anytimefitness.jp,西彼杵郡長与町 (長崎長与店)
2619,44.371453,-79.67335,279 Yonge St,,Barrie,Ontario,CA,L4N 7T9,5206,705.220.5452,BarrieON1@anytimefitness.ca,Barrie
2620,34.68992,135.49696,西区江戸堀1-6-17　ディーグラフォート大阪N.Y.タワー肥後橋 B1,,大阪市,大阪府,JP,〒550-0002,JP-1041,06-6479-3225,afhigobashi37_info@anytimefitness.jp,大阪市 (肥後橋店)
2621,35.07571,-106.59744,4212 Coal Ave SE,,Albuquerque,New Mexico,US,87108,4484,505.375.2020,anytimefitnessabq@gmail.com,Albuquerque
2622,22.25899,114.24066,"Shop B, 1/F Chai Wan Cinema Building, 121 Wan Tsui Road",,Chai Wan,HONG KONG ISLAND,HK,,HK-0012,+852 6166 6768,ChaiWan@anytimefitness.hk,Chai Wan
2623,-33.30658,151.41716,Shop 6/186 Pacific Hwy,,Tuggerah,New South Wales,AU,2259,AU-1123,0477889539,tuggerah@anytimefitness.com.au,Tuggerah
2624,34.71926,135.52352,都島区毛馬町1-7-11 2F,,大阪市,大阪府,JP,〒534-0001,JP-1451,06-6923-8370,af_kema436_info@anytimefitness.jp,大阪市 (都島毛馬店)
2625,34.52156,135.8141,常盤町547-1,,橿原市,奈良県,JP,〒634-0003,JP-2812,0744-48-0371,af_kashiharae1043_info@anytimefitness.jp,橿原市 (奈良橿原東店)
2626,40.469579,-78.758416, 881 Hills Plaza Drive,,Ebensburg,Pennsylvania,US,15931,3205,(814) 615-5550,EbensburgPA@anytimefitness.com,Ebensburg
2627,50.91983,-1.4914,27 Salisbury Road,,Totton,South East,GB,SO40 3HX,UK-0216,02380864946,totton@anytimefitness.co.uk,Totton
2628,30.06249,-90.69764,1732 Deroche Cir,,Gramercy,Louisiana,US,70052,1859,(225) 869-3484,GramercyLA@anytimefitness.com,Gramercy
2629,41.4347,-87.5145,10107 Mondorf St.,,Dyer,Indiana,US,46311,4416,219.227.4449,DyerIN2@anytimefitness.com,Dyer (South)
2630,47.708475,-122.320265,809 NE Northgate Way,,Seattle,Washington,US,98125,5519,206.814.6614,NorthgateWA@anytimefitness.com,Seattle (Northgate)
2631,35.52792,139.69687,川崎区小川町5-13　田中ビル 2F,,川崎市,神奈川県,JP,〒210-0023,JP-1051,044-589-4015,afkawasaki47_info@anytimefitness.jp,川崎市 (川崎店)
2632,39.008389,-94.274736,772 SW East US Hwy 40,,Blue Springs,Missouri,US,64015,4500,816-841-8841,BlueSpringsMO@anytimefitness.com,Blue Springs
2633,38.78279,-77.44949,8224 Spruce St,,Manassas Park,Virginia,US,20111,2997,(703) 621-1443,ManassasParkVA@anytimefitness.com,Manassas Park
2634,14.61516,121.0398,"G/F Skyvillas, One Balete, corner N. Domingo Street, New Manila",,Quezon City,Metro Manila,PH,,PH-0074,02 2381855,AFNDomingo@anytimefitness.ph,N. Domingo
2635,36.19868,137.96807,平田東1-29-11 ビンガムシティ内1-2F,,松本市,長野県,JP,〒399-0014,JP-1513,0263-88-9391,af_smatsumoto499_info@anytimefitness.jp,松本市 (南松本店)
2636,35.34368,139.44079,小和田3-12-36 紳士服のコナカ茅ヶ崎小和田店 2F,,茅ヶ崎市,神奈川県,JP,〒253-0012,JP-2872,0467-84-9035,af_shonantsujido1083_info@anytimefitness.jp,茅ケ崎市 (湘南辻堂店)
2637,14.65706,121.03045,6F Northlink SM North Edsa North Avenue cor. Epifanio delos Santos Avenue,,Quezon City,Metro Manila,PH,,PH-0031,+63 909 948 1000,SMNorthEdsa@anytimefitness.ph,SM CITY NORTH EDSA
2638,50.7096,-2.43982,2 Eldridge Street,,Dorchester,South West,GB,DT1 1GY,UK-0258,01305 300 123,dorchester@anytimefitness.co.uk,Dorchester
2639,35.68456,139.78788,日本橋浜町3-3-1　トルナーレ日本橋浜町 1F,,中央区,東京都,JP,〒103-0007,JP-1095,03-6264-9500,afnihonbashihamacho91_info@anytimefitness.jp,中央区 (日本橋浜町店)
2640,43.6002028,-80.5584295,10 Church St ,,Elmira,Ontario,CA,N3B 1N3,4398,(519) 669-8010,ElmiraON@anytimefitness.ca,Elmira
2641,35.69886,139.41706,曙町2-22-22 TBK立川ビル B1F,,立川市,東京都,JP,〒190-0012,JP-2903,042-512-7631,af_tachikawa1114_info@anytimefitness.jp,立川市 (立川店)
2642,41.980576,-87.6598011,5417 N Broadway St,,Chicago,Illinois,US,60640,4869,(773) 654-3244,ChicagoIL6@anytimefitness.com,Chicago
2643,35.73339,139.70909,池袋2-40-13　池袋デュープレックスビズ 2F,,豊島区,東京都,JP,〒170-0014,JP-1114,03-6907-1351,afikebukuro111_info@anytimefitness.jp,豊島区 (池袋店)
2644,-33.92831,150.88078,"Unit 1, 358 Hoxton Park Road",,Prestons,New South Wales,AU,2168,AU-1858,,prestonsnorth@anytimefitness.com.au,Prestons North
2645,25.958802,-97.506365,2451 Pablo Kisel Blvd,,Brownsville,Texas,US,78526,4936,(956) 431-0808,BrownsvilleTX@anytimefitness.com,Brownsville
2646,35.38519,139.93969,太田1-3-9 ドリームビレッジ太田 1F,,木更津市,千葉県,JP,〒292-0044,JP-1646,0438-97-5013,af_kisarazu635_info@anytimefitness.jp,木更津市 (木更津店)
2647,34.17164,-84.41612,6776 Hickory Flat Hwy,,Canton,Georgia,US,30115,1115,(770) 345-4387,HickoryFlatGA@anytimefitness.com,Canton (Hickory Flat)
2648,52.26853,-2.14542,The Royal Exchange ,,Droitwich Spa,West Midlands,GB,WR9 8LA,UK-0321,01905 707247,droitwichspa@anytimefitness.co.uk,Droitwich Spa
2649,48.09479,-123.10377,10131 Old Olympic Hwy.,,Sequim,Washington,US,98382,1959,(360) 683-4110,sequimwa@anytimefitness.com,Sequim
2650,33.64708,130.44114,東区水谷2-6-6　 2F,,福岡市,福岡県,JP,〒813-0041,JP-1141,092-692-7762,afchihaya129_info@anytimefitness.jp,福岡市 (千早店)
2651,51.74622,-2.21889,Unit H,,Stroud,South West,GB,GL5 1QA,UK-0119,01453 367366,stroud@anytimefitness.co.uk,Stroud
2652,1.43496,103.78487,"No 8 Woodlands Square #02-12/13/14/15/16, SOLO 2",,Woods Square,North East,SG,737713,SG-0082,,Woodsquare@anytimefitness.sg,Woods Square
2653,28.49583,77.18434,"First Floor, Building 619/9",,New Delhi,Delhi,IN,110074,IN-1137,"+91 8810623689,",chhatarpur.delhi@anytimefitness.in,"New Delhi, Chhatarpur"
2654,43.003873,-88.047646,2229 S 108th St,,West Allis,Wisconsin,US,53227,4835,414-800-5040,WestAllisWI@anytimefitness.com,West Allis
2655,43.56794,-80.258,372 Speedvale Ave E,,Guelph,Ontario,CA,N1E 1N5,2896,(519) 265-8020,GuelphON2@anytimefitness.ca,Guelph
2656,45.1669619,-93.3285863,2421 Coon Rapids Blvd NW,,Coon Rapids,Minnesota,US,55433,526,(763) 421-7771,CoonRapidsMN@anytimefitness.com,Coon Rapids (Anoka)
2657,41.42405,-82.34995,4721 Liberty Ave,,Vermilion,Ohio,US,44089,3557,(440) 963-7170,VermilionOH@anytimefitness.com,Vermilion
2658,35.64038,139.74137,三田3-11-22　国際興業三田泉岳寺ビル 2F,,港区,東京都,JP,〒108-0073,JP-1125,03-6809-5258,afsengakuji116_info@anytimefitness.jp,港区 (泉岳寺駅前店)
2659,46.99787,-123.4452,3 Shouweiler Rd,,Elma,Washington,US,98541,1346,(360) 861-8340,ElmaWA@anytimefitness.com,Elma
2660,43.19663,-79.79341,270 Mud St W,,Stoney Creek,Ontario,CA,L8J 3Z6,4192,(289) 389-8666,StoneyCreekON@anytimefitness.ca,Stoney Creek (Hamilton)
2661,53.65368,-2.63058,Part First Floor,,Chorley,North West,GB,PR7 1DB,UK-0172,01257 733 247,chorley@anytimefitness.co.uk,Chorley
2662,28.214768,-80.67433,6300 N Wickham Rd,,Melbourne ,Florida,US,32940,4430,321-622-6750,MelbourneFL3@anytimefitness.com,Melbourne  (Suntree)
2663,30.66468,-87.84535,10200 Eastern Shore Blvd,,Spanish Fort,Alabama,US,36527,4282,(251) 299-2229,SpanishFortAL@anytimefitness.com,Spanish Fort
2664,41.36437,-96.15862,15605 Bennington Rd,,Bennington,Nebraska,US,68007,3908,(402) 504-6531,BenningtonNE@anytimefitness.com,Bennington
2665,32.92782,129.95088,桜馬場1丁目231番地1,,大村市,長崎県,JP,〒856-0812,JP-1619,0957-47-6985,af_nagasakiomuran605_info@anytimefitness.jp,大村市 (長崎大村北店)
2666,-37.85052,145.10029,1/85 Burwood Highway,,Burwood,Victoria,AU,3125,AU-1305,03 9830 6888,burwoodvic@anytimefitness.com.au,Burwood
2667,-37.72095,144.67133,"2 Lim Way,",,Aintree,Victoria,AU,3336,AU-1671,0411793568,woodlea@anytimefitness.com.au,Aintree
2668,46.46526,-84.37864,4422 I-75 Business Spur,,Sault Ste. Marie,Michigan,US,49783,2607,(906) 253-0000,SooMI@anytimefitness.com,Sault Ste. Marie
2669,41.553344,-89.12918,1317 Memorial Dr,,Mendota,Illinois,US,61342,3793,(815) 539-8257,atfmendota@yahoo.com,Mendota
2670,32.454,-93.7471,855 Pierremont Rd,,Shreveport,Louisiana,US,71106,3231,(318) 606-5159,ShreveportLA6@anytimefitness.com,Shreveport (South Highland)
2671,1.31139,103.75842,West Coast Plaza  154 West Coast Road,,West Coast,South West,SG,127371,SG-0013,+65 6779 4276,westcoast@anytimefitness.sg,West Coast
2672,43.26273,-79.95229,86 Main St,,Dundas,Ontario,CA,L9H 2P9,2967,(905) 628-3434,DundasON@anytimefitness.ca,Dundas
2673,35.68361,139.91368,行徳駅前2-1-15 栃木屋ビル 3F,,市川市,千葉県,JP,〒272-0133,JP-2884,047-702-5016,af_gyotoku1095_info@anytimefitness.jp,市川市 (行徳店)
2674,33.59293,130.40475,博多区中洲4-6-12　プラート中洲 3F,,福岡市,福岡県,JP,〒810-0801,JP-1115,092-292-4697,afnakasu113_info@anytimefitness.jp,福岡市 (中洲店)
2675,41.420774,-88.272368,2019 Ridge Road,,Minooka,Illinois,US,60447,3312,(815) 242-3030,MinookaIL@anytimefitness.com,Minooka
2676,40.047964,-86.878962,1430 Darlington Ave,,Crawfordsville,Indiana,US,47933,4413,765.307.5552,CrawfordsvilleIN@anytimefitness.com,Crawfordsville
2677,39.81087,-85.76723,1921 Melody Ln,,Greenfield,Indiana,US,46140,2689,(317) 462-1700,GreenfieldIN@anytimefitness.com,Greenfield
2678,45.48383,9.15724,Via Giovanni da Procida 36,,Milano,Milano,IT,20149,IT-0006,+393279096006,milanosempione@anytimefitness.it,Milano (Sempione)
2679,41.551309,-87.1832226,5884 US Hwy 6,,Portage,Indiana,US,46368,1007,(219) 734-6362,PortageIN@anytimefitness.com,Portage
2680,42.00186,-88.126,1851 W Irving Park Rd,,Schaumburg,Illinois,US,60193,3345,(847) 284-5197,SchaumburgIL@anytimefitness.com,Schaumburg
2681,39.525691,-76.644766,14630 York Rd,,Sparks,Maryland,US,21152,5196,443-595-8051,SparksMD@anytimefitness.com,Sparks
2682,19.31911,-99.08169,Av. Tlahuac #4749 Plaza Punto 4749,,Iztapalapa,Ciudad de Mexico,MX,09880,MX-1071,5555648501,tlahuac.mx@anytimefitness.com.mx,Ciudad de México (Tláhuac)
2683,30.30896,78.04904,"4th Floor, Plot No. 81 & 82",,Dehradun,Uttarakhand,IN,248001,IN-1199,"+91 9520874391, +91 9520874392",ecroad.dehradun@anytimefitness.in,"Dehradun, EC Road, Uttarakhand"
2684,32.624478,-93.254548,"1121, 1123, 1125 Homer Rd",,Minden,Louisiana,US,71055,2179,(318) 299-3800,MindenLA@anytimefitness.com,Minden
2685,33.59744,-112.201,6640 W Cactus Rd,,Glendale,Arizona,US,85304,2810,(623) 594-2422,GlendaleAZ@anytimefitness.com,Glendale
2686,14.63447,121.03568,"5F, CTTM Bldg., 68 Timog ave. cor T. Morato St., Diliman",,Quezon City,Metro Manila,PH,,PH-0155,,TomasMorato@anytimefitness.ph,Tomas Morato
2687,27.1536,-80.29688,4185 SW. High Meadows Ave.,,Palm City,Florida,US,34990,1445,(772) 223-5515,PalmCityFL@anytimefitness.com,Palm City
2688,-33.02965,137.52975,Westland Shopping Centre,,Whyalla,South Australia,AU,5600,AU-1369,08 8645 3317,whyalla@anytimefitness.com.au,Whyalla
2689,33.331801,-111.977891,4855 Warner Rd,,Phoenix,Arizona,US,85044,5294,(480) 900-1616,PhoenixAZ@anytimefitness.com,Phoenix (Ahwatukee North)
2690,38.2289,-86.13312,1885 Old Hwy 135 NW,,Corydon,Indiana,US,47112,1124,(812) 225-5544,CorydonIN@anytimefitness.com,Corydon
2691,34.1457334,-118.137888,600 E Colorado Blvd,,Pasadena,California,US,91101,4335,(626) 408-6500,PasadenaCA@anytimefitness.com,Pasadena
2692,32.46021,-97.72025,4305 US 377,,Granbury,Texas,US,76049,1466,(817) 579-6450,GranburyTX@anytimefitness.com,Granbury
2693,40.43026,-79.996556,34 South 4th Street,,Pittsburgh,Pennsylvania,US,15219,4480,(412) 277-2700,PittsburghPA@anytimefitness.com,Pittsburgh
2694,34.248471,-118.289066,7230 Foothill Blvd,,Tujunga,California,US,91042,5467,747-213-3459,TujungaCA@anytimefitness.com,Tujunga (Canyon)
2695,40.945951,-78.968731,203 Hampton Ave,,Punxsutawney,Pennsylvania,US,15767,3204,(814) 427-8036,PunxsutawneyPA@anytimefitness.com,Punxsutawney
2696,41.56658,-87.81182,17823 80th Ave,,Tinley Park,Illinois,US,60477,3492,708-263-0689,TinleyParkIL@anytimefitness.com,Tinley Park
2697,39.43825,-76.62832,55 W Aylesbury Rd,,Timonium,Maryland,US,21093,3483,(410) 308-2348,TimoniumMD@anytimefitness.com,Timonium
2698,-6.27461,106.97559,"Jl. Boulevard Raya No.1, RT.003/RW.017, Jaka Setia, Kec. Bekasi Sel., Kota Bks, Jawa Barat 17147",,Bekasi,Bekasi,ID,17147,ID-0068,,GrandGalaxyBekasi@anytimefitness.id,Grand Galaxy Bekasi
2699,39.35409,-85.4809,1807 N Lincoln St,,Greensburg,Indiana,US,47240,162,(812) 662-3055,GreensburgIN@anytimefitness.com,Greensburg
2700,45.776585,-108.574961,605 24th St W,,Billings,Montana,US,59102,838,(406) 839-2075,BillingsMT3@anytimefitness.com,Billings (24th St W)
2701,14.63635,121.06531,"FCL CENTER, 15 Xavierville Ave. Loyola Heights",,Quezon City,Metro Manila,PH,,PH-0152,,FCLXavierville@anytimefitness.ph,FCL Xavierville
2702,-27.41132,153.01902,240 Stafford Road,,Stafford,Queensland,AU,4053,AU-1643,0439255887,stafford@anytimefitness.com.au,Stafford
2703,35.65115,139.66713,代沢4-5-19 フィル・パーク三軒茶屋 2-3F,,世田谷区,東京都,JP,〒155-0032,JP-1435,03-6805-3356,af_sancha422_info@anytimefitness.jp,世田谷区 (三軒茶屋代沢店)
2704,39.69023,-75.02433,1041 Glassboro Rd,,Williamstown,New Jersey,US,08094,4373,(856) 885-4662,WilliamstownNJ@anytimefitness.com,Williamstown
2705,-32.03876,115.88145,151 High Road,,Willetton,Western Australia,AU,6155,AU-1152,08 9457 2235,willetton@anytimefitness.com.au,Willetton
2706,14.61059,120.99241,"3F Grand Residences España 2, 958 Lacson Ave. Sampaloc",,Manila,Metro Manila,PH,,PH-0055,"09668566540, 09672932480, and 09958520961",UniversityBelt@anytimefitness.ph,University Belt
2707,35.69947,139.68459,中央1-46-6　もりくま16ビル 1F,,中野区,東京都,JP,〒164-0011,JP-1050,03-5332-5188,afsakauechuo46_info@anytimefitness.jp,中野区 (中野坂上中央店)
2708,28.172764,-81.63738,2300 Forest Lake Dr.,,Davenport,Florida,US,33897,5473,863-271-9737,DavenportFL2@anytimefitness.com,Davenport
2709,28.68433,77.13849,"A-3, Ground and First Floor",,New Delhi,Delhi,IN,110034,IN-1164,"+91 9953068282, +91  9953068383",ranibagh.delhi@anytimefitness.in,"New Delhi, Rani Bagh"
2710,51.28047,-0.84161,Hart Shopping Centre,,Fleet,South East,GB,GU51 3LA,UK-0257,01252 561313,fleet@anytimefitness.co.uk,Fleet
2711,42.96604,-91.81523,313 Hwy 150 N,,West Union,Iowa,US,52175,2826,(563) 422-3100,WestUnionIA@anytimefitness.com,West Union
2712,22.36906,114.12064,"3/F Panda Place, 3 Tsuen Wah St, Tsuen Wan",,NEW TERRITORIES,NEW TERRITORIES,HK,,HK-0043,+852 9848 0578,PandaPlace@anytimefitness.hk,Panda Place
2713,40.52263,-111.958237,2722 West 12600 South,,Riverton,Utah,US,84065,704,(801) 878-3388,RivertonUT@anytimefitness.com,Riverton
2714,45.3133027,-93.5577074,18850 Dodge St Northwest,,Elk River,Minnesota,US,55330,43,(763) 633-4999,ElkRiver@anytimefitness.com,Elk River
2715,39.3631,-104.85979,794 S Perry St,,Castle Rock,Colorado,US,80104,3068,(720) 727-2559,CastleRockCO@anytimefitness.com,Castle Rock
2716,42.85645,-83.45455,250 N Ortonville Rd,,Ortonville,Michigan,US,48462,2447,(248) 627-4800,OrtonvilleMI@anytimefitness.com,Ortonville
2717,51.249,-0.76431,"Unit 13, Low Walk",,Aldershot,South East,GB,GU11 1DB,UK-0256,01252 560901,Aldershot@anytimefitness.co.uk,Aldershot
2718,35.67577,139.77582,八丁堀3-14-2 東八重洲シティービル B1F,,中央区,東京都,JP,〒104-0032,JP-2853,03-6222-8516,af_hatchobori1064_info@anytimefitness.jp,中央区 (八丁堀店)
2719,38.67727199,-121.198772,9500 Greenback Lane,,Folsom,California,US,95630,4565,916-741-2030,WestFolsomCA@anytimefitness.com,Folsom
2720,45.02109,-93.3788,3540 Winnetka Ave N,,New Hope,Minnesota,US,55427,2914,(763) 208-9489,NewHopeMN@anytimefitness.com,New Hope
2721,51.59376,-0.33516,19 High Street,,London (Harrow And Wealdstone),Greater London,GB,HA3 5FF,UK-0448,020 3649 9888,wealdstone@anytimefitness.co.uk,London (Harrow And Wealdstone)
2722,42.7705139,-88.9375073,679 S Janesville St,,Milton,Wisconsin,US,53563,2164,608-580-0109,MiltonWI@anytimefitness.com,Milton
2723,14.53052,121.06118,"G/F Grace Mall, Cayetano Blvd. Brgy. Ususan",,Taguig City,Metro Manila,PH,,PH-0069,0977-734-7232,AFGraceResidences@anytimefitness.ph,Grace Mall Taguig
2724,33.4538004,-111.927198,2240 N Scottsdale Rd,,Tempe,Arizona,US,85281,4109,(602) 362-3362,TempeAZ1@anytimefitness.com,Tempe
2725,41.40509,-94.99118,1520 E 7th St,,Atlantic,Iowa,US,50022,2159,(712) 243-8500,AtlanticIA@anytimefitness.com,Atlantic
2726,51.44855,-0.00412,"Unit B, Meridian South",,Lewisham,Greater London,GB,SE13 6UR,UK-0021,020 3137 8531,hithergreen@anytimefitness.co.uk,Hither Green (Lewisham)
2727,40.813597,-85.836886,1302 N Cass St,,Wabash,Indiana,US,46992,4967,260.274.1900,WabashIN@anytimefitness.com,Wabash
2728,44.33836,-98.21519,2350 Dakota Ave S,,Huron,South Dakota,US,57350,3143,(605) 554-1555,HuronSD@anytimefitness.com,Huron
2729,45.97671,-94.33822,205 16th St NE,,Little Falls,Minnesota,US,56345,275,(320) 616-4700,LittleFalls@anytimefitness.com,Little Falls
2730,28.64304,77.1864,"13 B,  Pusa Road",,New Delhi,Delhi,IN,110005,IN-1082,+918076028206,pusaroad.delhi@anytimefitness.in,"Delhi, Pusa Road"
2731,41.764799,-93.717743,407 W. Bridge Point Rd.,,Polk City,Iowa,US,50226,5114,(515) 528-1262,PolkCityIA@anytimefitness.com,Polk City
2732,45.8079,-92.37323,24556 State Hwy 35/70,,Siren,Wisconsin,US,54872,1777,(715) 349-2582,SirenWI@anytimefitness.com,Siren
2733,-6.19821,106.82608,"Jl. HOS. Cokroaminoto No.91, Menteng, Kec. Menteng, Kota Jakarta Pusat, Daerah Khusus Ibukota Jakart",,Daerah Khusus Ibukota,Jakarta,ID,10310,ID-0079,,DeRitzMenteng@anytimefitness.id,De Ritz Menteng
2734,23.03966,72.56358,"dynasty,beside pintoo garments,stadium circle, Chimanlal Girdharlal Rd",,Ahmedabad,Gujarat,IN,380009,IN-1087,18002023340,navrangpura.ahmedabad@anytimefitness.in,"Ahmedabad, Navrangpura, Gujarat"
2735,51.44442,-0.15221,172-176 Balham High Road,,London (Balham),Greater London,GB,SW12 9BW,UK-0381,0203 982 8844,balham@anytimefitness.co.uk,London (Balham)
2736,35.1778,-111.66792,2500 S Woodlands Vlg Dr,,Flagstaff,Arizona,US,86001,259,(928) 226-7064,FlagstaffAZ@anytimefitness.com,Flagstaff
2737,43.60221,-96.57793,908 E Redwood Blvd,,Brandon,South Dakota,US,57005,3674,(605) 582-4104,BrandonSD@anytimefitness.com,Brandon
2738,27.391735,-82.50422,8309 Lockwood Ridge Rd,,Sarasota,Florida,US,34243,4919,941.358.5551,SarasotaFL3@anytimefitness.com,Sarasota
2739,51.91127,8.42322,Carl-Miele-Strasse 207,,Gütersloh,Baden-Württemberg,DE,33335,DE-0003,+49 5241 504 76 37,clubguetersloh01@anytimefitness.de,Gütersloh
2740,-37.95012,145.21965,64 Outlook Drive,,Dandenong North,Victoria,AU,3175,AU-1273,03 9790 0655,dandenongnorth@anytimefitness.com.au,Dandenong North
2741,42.37427,-122.91436,312 Oak St,,Central Point,Oregon,US,97502,1030,(541) 665-5200,CentralPointOR@anytimefitness.com,Central Point
2742,28.63991,77.10717,"The First Floor, A Block",,New Delhi,Delhi,IN,110018,IN-1124,+91 9355544497,subhashnagar.delhi@anytimefitness.in,"New Delhi, Subhash Nagar"
2743,22.0633,-159.32103,4-831 Kuhio Hwy,,Kapa’a,Hawaii,US,96746,5207,(808) 646-6900,KapaaHI@anytimefitness.com,Kapa’a
2744,39.14761,141.15533,水沢区佐倉河東沖ノ目108-1 2F,,奥州市,岩手県,JP,〒023-0003,JP-1605,0197-34-2133,af_mizusawa591_info@anytimefitness.jp,奥州市 (水沢店)
2745,40.55405,-105.09192,814 W Drake Rd,,Fort Collins,Colorado,US,80526,69,(970) 223-2248,FortCollins@anytimefitness.com,Fort Collins
2746,39.07832,-84.89137,102 Sycamore Ests Dr,,Aurora,Indiana,US,47001,29,(812) 926-3655,AuroraIN@anytimefitness.com,Aurora
2747,31.83185,130.30812,中郷2-1-3 2F,,薩摩川内市,鹿児島県,JP,〒895-0072,JP-2745,0996-20-2070,af_satsumasendai980_info@anytimefitness.jp,薩摩川内市 (薩摩川内店)
2748,34.65352,-86.03398,1513 S Broad St,,Scottsboro,Alabama,US,35768,787,(256) 575-8450,ScottsboroAL@anytimefitness.com,Scottsboro
2749,39.360465,-104.619424,2340 Legacy Circle,,Elizabeth,Colorado,US,80107,4483,(720) 502-7676,ElizabethCO@anytimefitness.com,Elizabeth
2750,43.222058,-87.925824,1360 W. Mequon Rd.,,Mequon,Wisconsin,US,53092,4948,(262) 302-3220,MequonWI@anytimefitness.com,Mequon
2751,3.09849,101.53596,"UG1-37 & UG1-38, Komersial Radia 1, Persiaran Aked, Bukit Jelutong",,Shah Alam,Selangor,MY,40150,MY-0017,0378324861,BukitJelutong@anytimefitness.my,Bukit Jelutong
2752,51.5405,-0.05481,8 Pemberton Place,,London Fields (Hackney),Greater London,GB,E8 3RF,UK-0433,020 3903 9522,londonfields@anytimefitness.co.uk,London Fields (Hackney)
2753,35.912883,-81.524124,112 Wilkesboro Blvd SE,,Lenoir,North Carolina,US,28645,3596,(828) 795-3335,LenoirNC@anytimefitness.com,Lenoir
2754,-34.76714,138.62354,155 Winzor Street,,Salisbury Downs,South Australia,AU,5108,AU-1164,0416 524138,salisburydowns@anytimefitness.com.au,Salisbury Downs
2755,-6.18175,106.95308,"Jl. Harapan Indah Boulevard No.9, Medan Satria, Kecamatan Medan Satria, Kota Bks, Jawa Barat 17132",,Jawa Barat,Medan,ID,17132,ID-0071,,HarapanIndah@anytimefitness.id,Harapan Indah Boulevard
2756,41.98646,-92.57927,106 Hwy 30,,Toledo,Iowa,US,52342,481,(641) 484-5515,ToledoIA@anytimefitness.com,Toledo
2757,48.89258,-122.44184,6918 Hannegan Rd,,Lynden,Washington,US,98264,1528,(360) 306-8668,LyndenWA@anytimefitness.com,Lynden
2758,42.24024,-88.58669,20014 E Grant Hwy,,Marengo,Illinois,US,60152,4057,(815) 596-1068,MarengoIL@anytimefitness.com,Marengo
2759,35.74274,139.64893,練馬4-15-17 ガーデンヒルズ豊島園 2F,,練馬区,東京都,JP,〒176-0001,JP-2795,03-5946-9385,af_toshimaen1026_info@anytimefitness.jp,練馬区 (豊島園店)
2760,35.83876,139.55209,東みずほ台1-4-1,,富士見市,埼玉県,JP,〒354-0015,JP-3081,,af_mizuhodai1316_info@anytimefitness.jp,富士見市 (みずほ台店)
2761,51.57398,-0.41379,50 Windmill Hill,,Ruislip,Greater London,GB,HA4 8PT,UK-0069,01895 597598,ruislip@anytimefitness.co.uk,Ruislip
2762,30.4334,-91.1123,7350 Jefferson Hwy,,Baton Rouge,Louisiana,US,70806,161,(225) 930-9988,BatonRougeJefferson@anytimefitness.com,Baton Rouge (Jefferson)
2763,35.22267,-94.29769,2427 W Center St,,Greenwood,Arkansas,US,72936,4423,(479) 431-5105,GreenwoodAR@anytimefitness.com,Greenwood
2764,45.376024,-75.758087,1867 Carling Ave.,,Ottawa,Ontario,CA,K2A 1E5,3045,613 421 3770,OttawaON2@anytimefitness.ca,Ottawa
2765,41.89949,12.56636,Via Giovanni Battista Valente 161-167,,Roma,Roma,IT,00177,IT-0024,+39062156784,valente@anytimefitness.it,Roma (Valente)
2766,33.24854,-96.78218,1170 N Preston Rd,,Prosper,Texas,US,75078,2679,(972) 347-9661,ProsperTX@anytimefitness.com,Prosper
2767,35.76213,139.82936,綾瀬2-29-3 じおん綾瀬 2F,,足立区,東京都,JP,〒120-0005,JP-2861,03-6240-7835,af_ayase1072_info@anytimefitness.jp,足立区 (綾瀬店)
2768,43.75396,-87.94492,542 Walton Dr,,Plymouth,Wisconsin,US,53073,872,(920) 892-8282,PlymouthWI@anytimefitness.com,Plymouth
2769,29.67994,-96.9051,501 N Main St,,Schulenburg,Texas,US,78956,4129,(979) 505-5055,SchulenburgTX@anytimefitness.com,Schulenburg
2770,28.67654,-106.11384,"Av. José María Iglesias 6310, Fraccionamiento Lomas Vallarta",,Chihuahua,Chihuahua,MX,31100,MX-1166,6144277715,jmiglesias.chi@anytimefitness.com.mx,Chihuahua (José María Iglesias)
2771,35.539959,-84.330036,3614 Hwy 411,,Madisonville,Tennessee,US,37354,3008,(423) 545-8501,MadisonvilleTN@anytimefitness.com,Madisonville
2772,46.0747,-71.93273,1600 Rue Notre Dame E,,Victoriaville,Quebec,CA,G6P 0B4,9900083,819 758 8008,Victoriaville@anytimefitness.quebec,Victoriaville
2773,35.85589,139.76011,安行藤八335 1F,,川口市,埼玉県,JP,〒334-0051,JP-2620,048-271-9508,af_kawaguchiangyo856_info@anytimefitness.jp,川口市 (川口安行店)
2774,39.90149,-83.07641,3050 Turnberry Ct,,Grove City,Ohio,US,43123,4036,(614) 957-0750,GroveCityOH@anytimefitness.com,Grove City
2775,51.79642,-114.10892,4513 52 Ave,,Olds,Alberta,CA,T4H 1M8,4504,403-791-8888 ,OldsAB@anytimefitness.ca,Olds
2776,35.73326,139.88285,南小岩7-26-18　タジマヤ南小岩ビル 2F,,江戸川区,東京都,JP,〒133-0056,JP-1221,03-5876-8768,afkoiwa210_info@anytimefitness.jp,江戸川区 (小岩店)
2777,35.70537,139.76034,本郷2-25-10 本郷トーセイビル? 2F,,文京区,東京都,JP,〒113-0033,JP-1026,03-5803-7851,afhongou22_info@anytimefitness.jp,文京区 (文京本郷店)
2778,34.59796,135.51223,住吉区我孫子東3-1-37 Grand maison tokiwa 2F,,大阪市,大阪府,JP,〒558-0013,JP-1190,06-6629-8301,afabiko180_info@anytimefitness.jp,大阪市 (あびこ店)
2779,51.89869,-1.15344,Unit A5,,Bicester,South East,GB,OX26 6FA,UK-0085,01869 690099,bicester@anytimefitness.co.uk,Bicester
2780,43.67582,-121.50031,16487 Bluewood Pl,,LaPine,Oregon,US,97739,921,(541) 536-9779,LaPineOR@anytimefitness.com,LaPine
2781,36.69208,-101.48225,1402-B Main St,,Guymon,Oklahoma,US,73942,2849,(580) 468-7777,GuymonOK@anytimefitness.com,Guymon
2782,30.762345,-94.415532,1121 S Magnolia ,,Woodville,Texas,US,75979,4911,(409) 402-5222,WoodvilleTX@anytimefitness.com,Woodville
2783,44.69756,10.63419,"Via Emilia San Pietro, 14",,Reggio Emilia,Reggio-Emilia,IT,42121,IT-0056,3398188768,reggioemiliacentro@anytimefitness.it,Reggio Emilia
2784,35.22562,138.62681,東阿幸地845-1 1F,,富士宮市,静岡県,JP,〒418-0071,JP-1754,0544-21-3090,af_higashiakoji742_info@anytimefitness.jp,富士宮市 (富士宮東阿幸地店)
2785,51.58912,-0.06418,"Unit 2 East Apartments, 1 Ashley Road,",,London (Tottenham Hale),Greater London,GB,N17 9QY,UK-0501,020 3062 9800,tottenhamhale@anytimefitness.co.uk,London (Tottenham Hale)
2786,33.22149,-96.93538,26735 US State Hwy 380 E,,Aubrey,Texas,US,76227,1196,(972) 346-9955,AubreyTX@anytimefitness.com,Aubrey
2787,54.5162,-128.59834,4761 Lakelse Ave,,Terrace,British Columbia,CA,V8G 4R9,4013,1-888-261-8758,TerraceBC@anytimefitness.ca,Terrace
2788,35.33708,139.4904,南藤沢18-1 グレイシャスK南藤沢 1F,,藤沢市,神奈川県,JP,〒251-0055,JP-1615,0466-53-7381,af_fujisawa601_info@anytimefitness.jp,藤沢市 (藤沢店)
2789,35.78436,139.8205,六町3-5-28 セイプリート 1F,,足立区,東京都,JP,〒121-0073,JP-1457,03-5809-6466,af_rokucho447_info@anytimefitness.jp,足立区 (六町店)
2790,28.57345,77.38904,"Second floor, East Wing, Supertech North Eye,",,Noida,Uttar Pradesh,IN,201304,IN-1072,+918800502677,74.noida@anytimefitness.in,"Noida, Sector-74"
2791,45.18164,-93.11528,552-554 Lilac St,,Lino Lakes,Minnesota,US,55014,2520,(651) 784-7033,LinoLakesMN@anytimefitness.com,Lino Lakes
2792,38.21837,140.83766,太白区鈎取本町1-21-2 1F,,仙台市,宮城県,JP,〒982-0805,JP-1516,022-738-8848,af_kagitori504_info@anytimefitness.jp,仙台市 (鈎取店)
2793,35.101964,-94.635011,2205 N Broadway St,,Poteau,Oklahoma,US,74953,4526,(918) 721-0766,PoteauOK@anytimefitness.com,Poteau
2794,-33.34993,151.49238,Diggers @ The Entrance,,The Entrance,New South Wales,AU,2261,AU-1038,02 43331441,diggers@anytimefitness.com.au,The Entrance
2795,35.58712,139.729,大森北1-11-5　共和七番館ビル 3F,,大田区,東京都,JP,〒143-0016,JP-1216,03-6404-8280,afomoriekimae214_info@anytimefitness.jp,大田区 (大森駅前店)
2796,43.14022,141.34321,北区屯田8条2-8-3 1F,,札幌市,北海道,JP,〒002-0858,JP-2936,011-299-1186,af_tonden1147_info@anytimefitness.jp,札幌市 (屯田店)
2797,18.65397,-91.80761,Av. Corregidora 26 Local 59 planta baja,,Ciudad del Carmen,Campeche,MX,24197,MX-1089,9381184604,zentralia.cdcarmen@anytimefitness.com.mx,Ciudad del Carmen (Plaza Zentralia Carmen)
2798,38.92284,-104.84447,820 Village Center Dr,,Colorado Springs,Colorado,US,80919,2243,719-725-2600,ColoradoSpringsCO3@anytimefitness.com,Colorado Springs (Village)
2799,35.9087,-86.88439,400 Downs Blvd,,Franklin,Tennessee,US,37064,3084,(615) 721-2949,WestFranklinTN@anytimefitness.com,Franklin
2800,-33.88461,151.20068,"Shop 110 Central Park Mall, 28 Broadway Street",,Chippendale,New South Wales,AU,2008,AU-1744,0427 091 806,chippendale@anytimefitness.com.au,Chippendale
2801,35.28745,136.79191,宮地2ｰ11-11 1F,,一宮市,愛知県,JP,〒491-0915,JP-2669,0586-82-3001,af_ichinomiyayama905_info@anytimefitness.jp,一宮市 (一宮大和店)
2802,38.37148,-120.80009,11310 Prospect Dr,,Jackson,California,US,95642,956,(209) 223-3636,JacksonCA@anytimefitness.com,Jackson
2803,48.46974,-123.36138,1095 Mckenzie Ave,,Victoria,British Columbia,CA,V8P 2L5,3941,778 265 5808,VictoriaBC2@anytimefitness.ca,Victoria
2804,-6.19755,106.81759,"RR2C+8R3, RT.14/RW.20, Kebon Melati, Tanah Abang,",,Central Jakarta City,Jakarta,ID,10230,ID-0049,,ThamrinChubbSquare@anytimefitness.id,Thamrin Chubb Square
2805,47.7939,-96.61037,2221 Sahlstrom Dr,,Crookston,Minnesota,US,56716,972,(218) 281-1123,CrookstonMN@anytimefitness.com,Crookston
2806,41.79484,-88.204627,1550 N Route 59,,Naperville,Illinois,US,60563,4752,331.226.1496,NapervilleIL2@anytimefitness.com,Naperville (Route 59)
2807,41.3866,2.13797,"Montnegre, 8-10",,Les Corts Bareclona,Catalonia,ES,08029,SP-0020,+34 644134895,lescorts@anytimefitness.es,Les Corts (Barcelona)
2808,38.22762,140.88653,太白区あすと長町1-5-40 1F,,仙台市,宮城県,JP,〒982-0007,JP-1681,022-398-3523,af_asutonagamachi669_info@anytimefitness.jp,仙台市 (あすと長町店)
2809,35.71377,139.68589,上落合3-2-4　東京トラフィック開発中井ビル 1-2F,,新宿区,東京都,JP,〒161-0034,JP-1019,03-5348-5658,afnakai09_info@anytimefitness.jp,新宿区 (中井店)
2810,22.3285,114.18874,"Shop No.3, 1st floor, The Avery, 16 Hau Wong Road, Kowloon City",,Kowloon,KOWLOON,HK,,HK-0002,+852 5112 6903,KowloonCity@anytimefitness.hk,Kowloon City
2811,49.214305,-122.988909,7643 Royal Oak Ave,,Burnaby,British Columbia,CA,V5J 4K2,3226,(604) 428-4848,BurnabyMetro@anytimefitness.ca,Burnaby (Metrotown)
2812,-33.89481,151.14428,118 Old Canterbury Road,,Lewisham,New South Wales,AU,2049,AU-1572,02 9568 4220,lewisham@anytimefitness.com.au,Lewisham
2813,35.65205,139.33392,万町53,,八王子市,東京都,JP,〒192-0903,JP-1146,042-649-6875,afhachioji146_info@anytimefitness.jp,八王子市 (八王子店)
2814,21.11066,-86.84003,Boulevard Cumbres 310,,Cancún,Quintana Roo,MX,77500,MX-1035,9987349816,laroca.qroo@anytimefitness.com.mx,Cancún (Cumbres La Roca)
2815,35.68107,139.65737,方南2-4-6　方南第一マンション 2F,,杉並区,東京都,JP,〒168-0062,JP-1145,03-6454-6702,afhonancho142_info@anytimefitness.jp,杉並区 (方南町店)
2816,-27.81661,152.96562,Flagstone Central,,Flagstone,Queensland,AU,4280,AU-1661,0483 300 725,flagstone@anytimefitness.com.au,Flagstone
2817,32.45967,-91.76081,103 Jasper St,,Rayville,Louisiana,US,71269,2556,(318) 728-8616,RayvilleLA@anytimefitness.com,Rayville
2818,31.686009,-96.469739,1005 E Milam St.,,Mexia,Texas,US,76667,4263,(254) 433-8999,MexiaTX@anytimefitness.com,Mexia
2819,17.72567,83.31193,"4th floor , Jos Alukkas, Opposite Sampath Vinayaka Temple,Asilmetta, Visakhapatnam, Andhra Pradesh",,Visakhapatnam,Andhra Pradesh,IN,530003,IN-1012,+918916666969,ramnagar.visakhapatnam@anytimefitness.in,"Visakhapatnam, Asilmetta"
2820,40.1599,-85.36572,3600 S Chandler Dr,,Muncie,Indiana,US,47302,1816,(765) 212-2321,MuncieIN@anytimefitness.com,Muncie
2821,52.50089,4.76472,Heiligeweg 49,,Krommenie,Noord-Holland,NL,1561 DE,NL-1229,+31 75 20 10 205,krommenie@anytimefitness.nl,Krommenie
2822,33.54427,133.51151,神田823-1 1-2F,,高知市,高知県,JP,〒780-8040,JP-2631,088-802-8377,af_kochikoda867_info@anytimefitness.jp,高知市 (高知神田店)
2823,43.93657,-90.84031,2101 West Wisconsin Street,,Sparta,Wisconsin,US,54656,4286,(608) 269-2055,SpartaWI@anytimefitness.com,Sparta
2824,37.06356,-76.42556,16 Towne Center Way,,Hampton,Virginia,US,23666,3275,(757) 224-6999,HamptonVA@anytimefitness.com,Hampton
2825,35.64985,139.48942,大丸996　 2F,,稲城市,東京都,JP,〒206-0801,JP-1209,042-379-8526,afminamitama199_info@anytimefitness.jp,稲城市 (南多摩店)
2826,49.18462,-122.94959,1110 Ewen Ave,,New Westminster,British Columbia,CA,V3M 5E4,3836,604-553-2950,Queensborough@anytimefitness.ca,New Westminster (Queensborough)
2827,52.462776,-113.723023,"Unit 301, 4457-50 Ave",,Lacombe,Alberta,CA,T4L 1A5,5222,888-261-8758,LacombeAB@anytimefitness.ca,Lacombe
2828,44.8776,-92.6256,1660 Commerce Ct.,,River Falls,Wisconsin,US,54022,304,(715) 425-0225,RiverFallsWI@anytimefitness.com,River Falls
2829,38.03968,-85.34095,543 Taylorsville Rd,,Taylorsville,Kentucky,US,40071,2199,502-808-0100,TaylorsvilleKY@anytimefitness.com,Taylorsville
2830,51.96102,1.32106,"Unit 6, Suites 21 & 24",,Felixstowe,East of England,GB,IP11 3AQ,UK-0213,01394 366247,felixstowe@anytimefitness.co.uk,Felixstowe
2831,34.625522,-92.49592,105 Progress Way,,Bryant,Arkansas,US,72022,2216,(501) 213-0526,BryantAR@anytimefitness.com,Bryant
2832,-33.98443,150.89043,"Shop 88, Glenquarie Town Centre, Cnr Victoria Road and Brooks Street",,Macquarie Fields,New South Wales,AU,2564,AU-1314,02 8107 3890,macquariefields@anytimefitness.com.au,Macquarie Fields
2833,41.9205446,-88.2650484,3867 E Main St,,St. Charles,Illinois,US,60174,2653,(630) 444-1880,St.CharlesIL@anytimefitness.com,St. Charles
2834,40.04141,-86.11018,3249 SR-32,,Westfield,Indiana,US,46074,1523,(317) 867-4567,WestfieldIN@anytimefitness.com,Westfield
2835,40.67712002,-74.269908,1350 Galloping Hill Rd,,Union,New Jersey,US,07083,4643,908-624-7070 ,UnionNJ@anytimefitness.com,Union (Five Points)
2836,-36.98977,174.86835,3 Ronwood Avenue,,Auckland,Auckland,NZ,2104,NZ-1023,09 2634175,manukau@anytimefitness.co.nz,"Manukau, Auckland"
2837,49.13395,-123.09144,10880 No. 5 Rd,,Richmond,British Columbia,CA,V6W 0B3,4116,604 284 2854,RichmondBC2@anytimefitness.ca,Richmond
2838,-31.86238,115.89487,6/370 Victoria rd,,Malaga,Western Australia,AU,6090,AU-1120,08 9249 6555,malaga@anytimefitness.com.au,Malaga
2839,35.18269,136.87301,中村区栄生町7-8 ピボット栄生駅西ビル 2F,,名古屋市,愛知県,JP,〒453-0033,JP-1276,052-462-9096,af_sako282_info@anytimefitness.jp,名古屋市 (栄生店)
2840,49.407718,-123.518828,900 Gibsons Way,,Gibsons,British Columbia,CA,V0N 1V7,4990,604 833 7996,GibsonsBC@anytimefitness.ca,Gibsons
2841,38.21569,-122.14307,5089 Business Center Dr,,Fairfield,California,US,94534,3366,(707) 864-1575,GreenValleyCA@anytimefitness.com,Fairfield (Green Valley)
2842,50.82303,3.32379,Harelbeekstraat 149,,Zwevegem,West-Vlaanderen,BE,8550,NL-1113,+32 569 22 229,zwevegem@anytimefitness.be,Zwevegem
2843,49.191584,-123.968005,250 - 2000 N Island Hwy,,Nanaimo,British Columbia,CA,V9S 5W3,4739,250-585-3367,NanaimoBC2@anytimefitness.ca,Nanaimo (Brooks Landing)
2844,49.139647,-123.137823,10111 No. 3 Rd,,Richmond,British Columbia,CA,V7A 1G3,5246,(604) 285-5448,RichmondBC3@anytimefitness.ca,Richmond
2845,-27.57222,153.09514,7 Clunies Ross Court,,Eight Mile Plains,Queensland,AU,4113,AU-1579,0491348495,eightmileplains@anytimefitness.com.au,Eight Mile Plains
2846,33.69694,-80.21101,5 W Rigby St,,Manning,South Carolina,US,29102,2394,(803) 435-6999,ManningSC@anytimefitness.com,Manning
2847,51.04607,-114.07746,Main- 718 8 Ave SW,,Calgary,Alberta,CA,T2P 1H3,3295,(403) 265-6242,CalgaryCore@anytimefitness.ca,Calgary (Core)
2848,35.62523,139.39923,堀之内3-29-16 アクラブ堀之内 1F,,八王子市,東京都,JP,〒192-0355,JP-2594,042-689-5368,af_horinouchi830_info@anytimefitness.jp,八王子市 (京王堀之内店)
2849,-36.8859,174.71363,945a New North Road,,Auckland,Auckland,NZ,1025,NZ-1053,021 2233 003,mtalbert@anytimefitness.co.nz,"Mt Albert, Auckland"
2850,45.15834,-93.66631,10981 4th St NE,,Hanover,Minnesota,US,55341,3238,(763) 498-0087,HanoverMN@anytimefitness.com,Hanover
2851,26.269429,-98.200608,3832 S McColl,,Edinburg,Texas,US,78539,4992,(956) 800-4949,EdinburgTX@anytimefitness.com,Edinburg
2852,33.38424,-79.288,907 N Fraser St,,Georgetown,South Carolina,US,29440,3010,(843) 527-0005,GeorgetownSC@anytimefitness.com,Georgetown
2853,41.5139,-82.91989,1624 E Perry St,,Port Clinton,Ohio,US,43452,4469,(419) 967-2255,PortClintonOH@anytimefitness.com,Port Clinton
2854,39.36781,-82.97652,1560 N Brg St,,Chillicothe,Ohio,US,45601,3579,(740) 779-0999,ChillicotheOH@anytimefitness.com,Chillicothe
2855,-37.75717,145.35385,317-319 Main Street,,Lilydale,Victoria,AU,3140,AU-1470,0397376614,lilydale@anytimefitness.com.au,Lilydale
2856,30.47998,-84.16801,6615 Mahan Dr,,Tallahassee,Florida,US,32308,2371,(850) 385-2348,TallahasseeFL2@anytimefitness.com,Tallahassee (Mahan Dr)
2857,19.26801,-99.57665,Plaza Andares Av. Tecnológico #1213,,Metepec,Mexico,MX,52176,MX-1043,(72) 2393-3734,metepecmx@anytimefitness.com.mx,Metepec (Plaza Andares)
2858,47.10739,-122.62372,2620 Williamson Pl NW,,Dupont,Washington,US,98327,118,(253) 267-5425,Dupont@anytimefitness.com,Dupont
2859,35.21196,-106.69678,5708 McMahon Blvd NW,,Albuquerque,New Mexico,US,87114,4017,(505) 898-9022,AlbuquerqueNM4@anytimefitness.com,Albuquerque
2860,33.474044,-86.694769,11971 Liberty Pkwy,,Birmingham,Alabama,US,35242,1549,(205) 957-2525,LibertyParkAL@anytimefitness.com,Birmingham (Liberty Park/Mountain Brook)
2861,49.277833,-122.85659,Kyle St & Clarke St,,Port Moody,British Columbia,CA,V3H,5140,,PortMoodyBC@anytimefitness.ca,Port Moody
2862,35.58337,140.13962,中央区白旗3-1-9 1-2F,,千葉市,千葉県,JP,〒260-0841,JP-2622,043-310-5183,af_soga858_info@anytimefitness.jp,千葉市 (蘇我店)
2863,42.42693,-89.00627,11447 Second St,,Roscoe,Illinois,US,61073,1205,(815) 623-8900,RoscoeIL@anytimefitness.com,Roscoe
2864,36.74027,137.25517,下飯野357 1F,,富山市,富山県,JP,〒931-8443,JP-1596,076-482-3834,af_toyamashimoiino588_info@anytimefitness.jp,富山市 (富山下飯野店)
2865,-35.06289,138.86069,20 Druids Avenue,,Mount Barker,South Australia,AU,5251,AU-1258,08 8391 4162,mountbarker@anytimefitness.com.au,Mount Barker
2866,29.72051,-98.6642,9091 Fair Oaks Pkwy,,Boerne,Texas,US,78015,862,(210) 687-1200,FairOaks@AnytimeFitness.com,Boerne (Fair Oaks Ranch)
2867,36.95011,-76.532,13609 Carrollton Blvd,,Carrollton,Virginia,US,23314,1893,(757) 745-7060,CarrolltonVA@anytimefitness.com,Carrollton
2868,-33.88106,151.20439,Lower Ground Floor,,Haymarket,New South Wales,AU,2000,AU-1629,0423741895,haymarket@anytimefitness.com.au,Haymarket
2869,34.701975,-82.217106,1122 North Main Street,,Fountain Inn,South Carolina,US,29644,5503,864-714-0777,FountainInnSC@anytimefitness.com,Fountain Inn
2870,14.66484,121.0826,"No. 1 Capitol Hills Dr, Matandang Balara",,Quezon City,Metro Manila,PH,1221,PH-0095,09171696952,CapitolHills@anytimefitness.ph,Capitol Hills
2871,36.27454,139.38205,飯塚町174-7 1F,,太田市,群馬県,JP,〒373-0817,JP-2918,0276-52-8977,af_ota1129_info@anytimefitness.jp,太田市 (太田店)
2872,27.93923,-82.77352,1595 S Highland,,Clearwater,Florida,US,33756,2427,(727) 396-7139,ClearwaterFL3@anytimefitness.com,Clearwater (S. Highland)
2873,42.83427,-89.07137,121 W Fulton St,,Edgerton,Wisconsin,US,53534,3635,(608) 884-0107,EdgertonWI@anytimefitness.com,Edgerton
2874,42.29407,-88.4248,11613 Catalpa Ln,,Woodstock,Illinois,US,60098,3297,(815) 338-2678,WoodstockIL@anytimefitness.com,Woodstock
2875,27.43407,-82.57661,6144 14th St W,,Bayshore Gardens,Florida,US,34207,3727,(941) 756-7084,BayshoreGardensFL@anytimefitness.com,Bayshore Gardens
2876,28.72453,77.08939,"Third Floor & Fourth Floor , Plot No 5, Pocket 15 A",,New Delhi,Delhi,IN,110085,IN-1149,"+91-9990575722, +91-9990575733",rohini24.delhi@anytimefitness.in,"New Delhi, Rohini 24"
2877,-38.01787,145.3049,23 Brechin Dr,,Narre Warren,Victoria,AU,3805,AU-1508,0406 296 933,narrewarren@anytimefitness.com.au,Narre Warren
2878,50.65551,-102.07946,600 Veterans Ave,,Esterhazy,Saskatchewan,CA,S0A 0X0,4136,306 269 8463,EsterhazySK@anytimefitness.ca,Esterhazy
2879,-32.25599,148.62067,195 Cobra Street,,Dubbo,New South Wales,AU,2830,AU-1048,0405 521 112,dubbo@anytimefitness.com.au,Dubbo
2880,45.5181415481,-122.38593925,26940 SE Stark St,,Troutdale,Oregon,US,97060,4707,(503) 676-6604,TroutdaleOR@anytimefitness.com,Troutdale
2881,43.01064,-89.47846,6250 Nesbitt Rd,,Fitchburg,Wisconsin,US,53719,690,(608) 270-9500,FitchburgWI@anytimefitness.com,Fitchburg (Nesbitt Rd)
2882,44.05093,-94.41725,3 W Main St,,Madelia,Minnesota,US,56062,1865,(507) 642-2400,MadeliaMN@anytimefitness.com,Madelia
2883,42.02237,-93.69785,5820 W Lincoln Way,,Ames,Iowa,US,50014,236,(515) 337-1502,AmesIA2@anytimefitness.com,Ames (W Lincoln Way)
2884,33.30021,130.28326,大和町大字尼寺3535 1F,,佐賀市,佐賀県,JP,〒840-0201,JP-2948,0952-37-7370,af_sagayamato1159_info@anytimefitness.jp,佐賀市 (イオンモール佐賀大和店)
2885,3.2183,101.6443,"Keponggi Square, Jalan Metro Perdana Timur 11, Kepong Entreprenurs Park,",,Kuala Lumpur,Kuala Lumpur,MY,52100,MY-0085,,KepongGiSquare@anytimefitness.my,Keponggi Square
2886,44.93218,-92.90393,1125 Woodbury Dr,,Woodbury,Minnesota,US,55129,198,(651) 998-1099,Woodbury@anytimefitness.com,Woodbury (Woodbury Dr)
2887,45.484,-75.75121,7 Chemin Alonzo-Wright,,Chelsea,Quebec,CA,J9B 1L4,5175,(819) 595-1919,ChelseaQC@anytimefitness.quebec,Chelsea
2888,-33.92418,151.1877,230 Coward Street,,Mascot,New South Wales,AU,2020,AU-1121,02 8339 1688,mascot@anytimefitness.com.au,Mascot
2889,32.969537,-97.35401,181 Avondale Haslet Rd,,Haslet,Texas,US,76052,3685,(682) 382-3003,HasletTX@anytimefitness.com,Haslet
2890,-33.90618,151.22425,88 Anzac Parade,,Kensington,New South Wales,AU,2033,AU-1584,0401 584 230,kensington@anytimefitness.com.au,Kensington
2891,44.94,-93.09972,226 Spring St,,St. Paul,Minnesota,US,55102,971,(651) 292-1707,StPaulMN2@anytimefitness.com,St. Paul (Spring St)
2892,1.29154,103.80759,"354 Alexandra Road, Alexis, #01-01, Singapore",,Alexandra Road,South East,SG,159948,SG-0110,,Alexis@anytimefitness.sg,Alexis
2893,36.39832,136.45688,有明町95-2 1-2F,,小松市,石川県,JP,〒923-0864,JP-1495,0761-58-2381,af_komatsu489_info@anytimefitness.jp,小松市 (小松店)
2894,43.98167,-94.62883,512 1st Ave. S.,,St. James,Minnesota,US,56081,1074,(507) 375-3755,STJames@anytimefitness.com,St. James
2895,44.88664,-93.24875,6401 Richfield Pkwy,,Richfield,Minnesota,US,55423,3192,(612) 243-3481,RichfieldMN@anytimefitness.com,Richfield
2896,35.5556,139.41848,南区古淵2-15-5 1F,,相模原市,神奈川県,JP,〒252-0344,JP-2865,042-704-8285,af_kobuchi1076_info@anytimefitness.jp,相模原市 (古淵店)
2897,32.902482,-96.126904,8981 TX-34,,Quinlan,Texas,US,75474,5448,903.708.5818,QuinlanTX@anytimefitness.com,Quinlan
2898,35.60131,139.62035,高津区二子6-1-1　藤和シティコープ高津 2F,,川崎市,神奈川県,JP,〒213-0002,JP-1014,044-850-0460,aftakatsu14_info@anytimefitness.jp,川崎市 (高津店)
2899,26.86468,81.02177,"2nd Floor Rohtas Summit TCG, 3/3",,Lucknow,Uttar Pradesh,IN,226010,IN-1093,+917800006638,vibhutikhand.lucknow@anytimefitness.in,"Lucknow, Vibhuti Khand"
2900,42.326499,-83.869582,7050 Dexter Ann Arbor Rd,,Dexter,Michigan,US,48130,5004,734.808.4348,DexterMI@anytimefitness.com,Dexter
2901,38.36668,-78.26946,46 Madison Plz Dr,,Madison,Virginia,US,22727,3758,(434) 616-6671,MadisonVA@anytimefitness.com,Madison
2902,45.89138,11.04017,Corso A. Rosmini 43,,Rovereto,Trento,IT,38068,IT-0042,3498314531,rovereto@anytimefitness.it,Rovereto
2903,-37.79525,145.23563,"Shop 11A,  North Ringwood Shopping Centre",,Ringwood North,Victoria,AU,3134,AU-1497,0398761973,ringwoodnorth@anytimefitness.com.au,Ringwood North
2904,45.13914,-89.1518,501 Superior St,,Antigo,Wisconsin,US,54409,2609,(715) 350-4444,AntigoWI@anytimefitness.com,Antigo
2905,38.16744,-120.838728,1906 Vista Del Lago,,Valley Springs,California,US,95252,4291,209-920-3056 ,ValleySpringsCA@anytimefitness.com,Valley Springs
2906,31.54012,130.53922,宇宿2-24-16 2F,,鹿児島市,鹿児島県,JP,〒890-0073,JP-1409,099-296-7118,af_usuki404_info@anytimefitness.jp,鹿児島市 (宇宿店)
2907,45.53168,9.0386,Via Giorgio Martinelli 55,,Rho,Milano,IT,20017,IT-0038,029300717,rho@anytimefitness.it,Rho
2908,-33.73595,151.28608,9/4-8 Inman Road,,Cromer,New South Wales,AU,2099,AU-1733,0468 406 845,cromer@anytimefitness.com.au,Cromer
2909,35.05687,135.7424,北区大宮南山ノ前町5 1F,,京都市,京都府,JP,〒603-8473,JP-2610,075-406-7614,af_misonobashi846_info@anytimefitness.jp,京都市 (京都御園橋店)
2910,-6.13767,106.72335,"Blok B17, Jl. Taman Palem Lestari No.2, RW.13, Cengkareng Bar., Kecamatan Cengkareng, Daerah Khusus",,Daerah Khusus Ibukota,Jakarta,ID,11730,ID-0011,+62 821 8121 9483,GreenSedayuMall@anytimefitness.id,Green Sedayu Mall
2911,30.26164,-81.64519,5613-2 San Jose Blvd,,Jacksonville,Florida,US,32207,609,(904) 731-7900,Jacksonville@anytimefitness.com,Jacksonville (San Jose Blvd)
2912,42.30788,-89.05714,5325 N 2nd St,,Loves Park,Illinois,US,61111,2704,(815) 639-9100,LovesParkIL@anytimefitness.com,Loves Park
2913,39.83976,-89.60526,2705 N Dirksen Pkwy,,Springfield,Illinois,US,62702,2412,(217) 523-1541,SpringfieldIL@anytimefitness.com,Springfield (N Dirksen Pkwy)
2914,30.33913,-90.98863,17900 Airline Hwy,,Prairieville,Louisiana,US,70769,136,(225) 744-3002,PrairievilleLA@anytimefitness.com,Prairieville
2915,35.70196,139.73837,神楽坂5-28 シュエット神楽坂 2F,,新宿区,東京都,JP,〒162-0825,JP-1365,03-6457-5091,af_kagueki357_info@anytimefitness.jp,新宿区 (神楽坂駅前店)
2916,42.365038,-89.02525,1531 West Lane Rd,,Machesney Park,Illinois,US,61115,1410,(815) 633-3100,MachesneyParkIL@anytimefitness.com,Machesney Park
2917,26.20982,-81.75012,13040 Livingston Rd.,,Naples,Florida,US,34105,1508,(239) 261-2610,NaplesFL@anytimefitness.com,Naples (Livingston Rd)
2918,35.69694,139.69224,西新宿8-16-2　新宿グランドウィング 1F,,新宿区,東京都,JP,〒160-0023,JP-1036,03-5348-5651,afnishishinjuku32_info@anytimefitness.jp,新宿区 (西新宿店)
2919,41.78448,-72.74555,340 N Main St,,West Hartford,Connecticut,US,06117,2136,(860) 570-0123,WestHartfordCT@anytimefitness.com,West Hartford
2920,30.40369,-92.21611,219-E S Main St,,Church Point,Louisiana,US,70525,2472,(337) 684-0045,ChurchPointLA@anytimefitness.com,Church Point
2921,-33.65283,115.34093,1/7 Bussell Highway,,Busselton,Western Australia,AU,6280,AU-1298,0492 853 207,busselton@anytimefitness.com.au,Busselton
2922,-37.77208,175.29362,"Tenancy A1, 9 Fifth Avenue",,"5 Cross Roads, Hamilton",Waikato,NZ,3214,NZ-1049,07 9498198,5xroads@anytimefitness.co.nz,"5 Cross Roads, Hamilton"
2923,34.78148,138.01303,柳町6 1-2F,,掛川市,静岡県,JP,〒436-0052,JP-1755,0537-25-6021,af_kakegawa743_info@anytimefitness.jp,掛川市 (掛川店)
2924,38.81688,-77.27568,9527 Braddock Rd,,Fairfax,Virginia,US,22032,4422,(703) 570-8998,FairfaxVA@anytimefitness.com,Fairfax
2925,33.17351,129.67387,日野町1895 1F,,佐世保市,長崎県,JP,〒858-0923,JP-2524,0956-59-5031,af_sasebohino759_info@anytimefitness.jp,佐世保市 (佐世保日野町店)
2926,-37.78021,175.24939,6 Avalon Drive,,"Avalon, Hamilton",Waikato,NZ,3200,NZ-1004,07 8476777,avalon@anytimefitness.co.nz,"Avalon, Hamilton"
2927,41.01229,-92.43735,852 Quincy Ave,,Ottumwa,Iowa,US,52501,1043,(641) 684-6606,OttumwaIA@anytimefitness.com,Ottumwa
2928,1.29284,103.82644,Valley Point Shopping Centre,,River Valley,Central Singapore,SG,248371,SG-0005,+65 8807 0227,valleypoint@anytimefitness.sg,Valley Point
2929,51.53736,-0.00345,166 - 168 High Street,,London,Greater London,GB,E15 2FD,UK-0020,0203 4751347,London.stratford@anytimefitness.co.uk,London (Stratford) 
2930,35.70456,139.72867,榎町43-1　ユニゾ神楽坂ビル 1F,,新宿区,東京都,JP,〒162-0806,JP-1064,03-5227-8566,afkagurazaka60_info@anytimefitness.jp,新宿区 (神楽坂店)
2931,33.891702,-78.693453,107 Bingo Boulevard,,Longs,South Carolina,US,29568,5044,(843) 741-0012,LongsSC@anytimefitness.com,Longs
2932,29.300969,-97.1560353,710 Yoakum St,,Yoakum,Texas,US,77995,4746,(361) 298-5400,YoakumTX@anytimefitness.com,Yoakum
2933,40.5324939,-88.9912587,1710 Bradford Ln,,Normal,Illinois,US,61761,3533,(309) 452-9695,NormalIL@anytimefitness.com,Normal
2934,-33.67328,151.30669,7 Taronga Place,,Mona Vale,New South Wales,AU,2103,AU-1547,0427 112 524,monavale@anytimefitness.com.au,Mona Vale
2935,41.92046,-88.77516,901 S Annie Glidden Rd,,DeKalb,Illinois,US,60115,3324,(815) 748-5900,DeKalbIL@anytimefitness.com,DeKalb
2936,38.86482,-78.5165,1025 S Main St,,Woodstock,Virginia,US,22664,2342,(540) 409-5791,WoodstockVA@anytimefitness.com,Woodstock
2937,32.2738,-90.0357,2155 SR-18,,Brandon,Mississippi,US,39042,325,(601) 706-4605,BrandonMS@anytimefitness.com,Brandon (SR 18)
2938,47.24711,-122.29556,900 Meridian Ave E,,Milton,Washington,US,98354,3986,(253) 517-8431,MiltonWA@anytimefitness.com,Milton
2939,41.95644,-88.72338,2579 Sycamore Rd,,Dekalb,Illinois,US,60115,3963,(815) 517-1536,SycamoreIL@anytimefitness.com,Dekalb (Sycamore)
2940,40.16,-104.97186,4445 City Centre Rd,,Firestone,Colorado,US,80504,2555,(303) 772-2660,FirestoneCO@anytimefitness.com,Firestone
2941,47.67773,-117.08936,23505 E Appleway,,Liberty Lake,Washington,US,99019,1038,(509) 891-6800,LibertyLakeWA@anytimefitness.com,Liberty Lake
2942,34.22844,-118.99869,5221 Mission Oaks Blvd,,Camarillo,California,US,93012,3782,(805) 445-8899,Camarillo.af@anytimefitness.com,Camarillo
2943,51.211747,-102.449093,216 Smith St,,Yorkton,Saskatchewan,CA,S3N 3S6,4491,306 269 8463,YorktonSK@anytimefitness.ca,Yorkton
2944,39.76593,-86.15545,47 S Pennsylvania St,,Indianapolis,Indiana,US,46204,2154,(317) 536-0815,IndianapolisIN5@anytimefitness.com,Indianapolis (Downtown)
2945,40.235469,-105.000138,301 S Main St ,,Mead,Colorado,US,80542,3948,970.805.0073,MeadCO@anytimefitness.com,Mead
2946,31.85996,-102.35372,1501 E 8th St,,Odessa,Texas,US,79761,3966,(432) 272-0071,OdessaTX@anytimefitness.com,Odessa
2947,1.33131,103.74178,8 Jurong Townhall rd #02-00 JTC Summit,,Jurong East,South West,SG,609434,SG-0128,,JurongSummit@anytimefitness.sg,Jurong Summit
2948,34.2594,-84.06906,3545 Rowe Lane,,Cumming,Georgia,US,30041,126,(770) 888-9979,CummingGA3@anytimefitness.com,Cumming (Rowe Lane)
2949,33.74608,-90.71704,207 N Davis Ave,,Cleveland,Mississippi,US,38732,1852,(662) 843-8443,ClevelandMS@anytimefitness.com,Cleveland
2950,22.32239,114.16848,"The Whole of the Basement Carprio mansion No.1 Lai Chi Lok Road, Kowloon",,Kowloon,KOWLOON,HK,,HK-0042,+852 9443 1709,PrinceEdward@anytimefitness.hk,Prince Edward
2951,40.328316,-104.84713,1750 Broad St,,Milliken,Colorado,US,80543,4538,970.578.3550,MillikenCO@anytimefitness.com,Milliken
2952,34.77032,-92.35627,7403 Cantrell Rd,,Little Rock,Arkansas,US,72207,1146,(501) 663-4400,LittleRockAR@anytimefitness.com,Little Rock
2953,-34.03412,151.05798,570 President Avenue,,Sutherland,New South Wales,AU,2232,AU-1129,0460 331 868,sutherland@anytimefitness.com.au,Sutherland
2954,35.86433,139.94328,豊四季262-3,,柏市,千葉県,JP,〒277-0863,JP-3039,,af_kashiwatoyoshiki1249_info@anytimefitness.jp,柏市 (柏豊四季店)
2955,35.93512,140.20215,藤ヶ丘1-1-1 1F,,龍ヶ崎市,茨城県,JP,〒301-0855,JP-1673,0297-63-3237,af_ryugasaki662_info@anytimefitness.jp,龍ヶ崎市 (龍ヶ崎店)
2956,34.77953,135.41607,中央5-1-2,,伊丹市,兵庫県,JP,〒664ｰ0851,JP-3065,,af_itami1275_info@anytimefitness.jp,伊丹市 (伊丹)
2957,34.65036,135.47648,大正区千島1-23-91 2F,,大阪市,大阪府,JP,〒551-0003,JP-1420,06-6551-0867,af_tchishima398_info@anytimefitness.jp,大阪市 (大正千島店)
2958,44.325629,-78.340445,501 Towerhill Rd,,Peterborough,Ontario,CA,K9H 7R8,4665,(705) 742-6562,PeterboroughON@anytimefitness.ca,Peterborough
2959,35.83873,139.96671,新柏1-1524-3 1F,,柏市,千葉県,JP,〒277-0084,JP-2869,04-7186-7597,af_shinkashiwa1080_info@anytimefitness.jp,柏市 (新柏駅前店)
2960,14.46889,121.0104,"SM Hypermarket Sucat-Lopez, Dr Arcadio Santos Ave, San Isidro, Parañaque, 1700 Metro Manila",,Parañaque,Metro Manila,PH,1700,PH-0174,,SMHypermarketSucatLopez@anytimefitness.ph,Anytime Fitness SM Hypermarket Sucat-Lopez
2961,35.77128,139.78542,関原3-43-2 岡田湯ビルディング 1F,,足立区,東京都,JP,〒123-0852,JP-1404,03-5888-7536,af_nsekibara394_info@anytimefitness.jp,足立区 (西新井関原店)
2962,51.91272,4.1023,Voorweg 27,,Oostvoorne,Zuid-Holland,NL,3233 SJ,NL-1040,+31 (0)181 200 000,oostvoorne@anytimefitness.nl,Oostvoorne
2963,-37.81268,145.22917,Shop MM08B Eastland Shopping Centre,,Ringwood,Victoria,AU,3134,AU-1367,03 9870 1007,ringwood@anytimefitness.com.au,Ringwood
2964,-6.38006,106.84211,"Jl. Ir. H. Juanda No.22a, Bakti Jaya, Kec. Sukmajaya, Kota Depok, Jawa Barat 16418",,Kota Depok,Jakarta,ID,12540,ID-0066,,PesonaSquareDepok@anytimefitness.id,Pesona Square Depok
2965,2.99525,101.67255,"AEON Taman Equine Shopping Centre, Lot G27, No. 2, Jalan Equine, Taman Equine",,Subang Jaya,Selangor,MY,43300,MY-0103,,AeonTamanEquine@anytimefitness.my,Aeon Taman Equine
2966,49.2490403273,-123.0729285452,1529 Kingsway,,Vancouver,British Columbia,CA,V5N 2R8,2946,604-568-4778,VancouverBC@anytimefitness.ca,Vancouver (Kensington)
2967,35.52528,140.28125,緑区あすみが丘東3-3-1 1-2F,,千葉市,千葉県,JP,〒267-0067,JP-2567,043-308-9582,af_asumigaoka803_info@anytimefitness.jp,千葉市 (あすみが丘店)
2968,27.74616,-81.53138,36 W Wall St,,Frostproof,Florida,US,33843,2448,(863) 546-6010,FrostproofFL@anytimefitness.com,Frostproof
2969,-34.91409,150.60044,"Shop 9, 28 Central Avenue",,Nowra,New South Wales,AU,2541,AU-1137,02 4422 8551,nowra@anytimefitness.com.au,Nowra
2970,30.331441,-98.025119,18217 W Highway 71,,Spicewood,Texas,US,78669,5248,737-204-4334,SpicewoodTX@anytimefitness.com,Spicewood
2971,38.10964,-78.99887,20 Bobby's Way,,Staunton,Virginia,US,24401,3195,(540) 221-2900,StauntonVA@anytimefitness.com,Staunton
2972,37.65577,-77.61449,11740 W Broad St,,Richmond,Virginia,US,23233,4307,(804) 418 3753,RichmondVA4@anytimefitness.com,Richmond
2973,32.55542,-93.56451,4800 Hwy. 80,,Haughton,Louisiana,US,71037,2306,(318) 949-4004,HaughtonLA@anytimefitness.com,Haughton
2974,43.65995,-79.81434,9521 Mississauga Rd,,Brampton,Ontario,CA,L6X 0B3,4022,905 796 6868,BramptonON4@anytimefitness.ca,Brampton
2975,34.67441,135.49491,西区北堀江1-17-22　大冷ビル 1-3F,,大阪市,大阪府,JP,〒550-0014,JP-1072,06-4390-4311,afnishiohashi68_info@anytimefitness.jp,大阪市 (西大橋店)
2976,35.74827,139.85093,青戸4-21-24 1F,,葛飾区,東京都,JP,〒125-0062,JP-2958,03-6231-2581,af_aoto1169_info@anytimefitness.jp,葛飾区 (青戸店)
2977,,,,,Revelstoke,British Columbia,CA,,6050,,,Revelstoke
2978,31.4525,-83.5277,189 Virginia Ave S,,Tifton,Georgia,US,31794,2344,(229) 387-3486,TiftonGA@anytimefitness.com,Tifton
2979,35.322026,-94.342902,6220 Massard Rd,,Fort Smith,Arkansas,US,72916,3656,479-877-7389,FortSmithAR2@anytimefitness.com,Fort Smith
2980,43.52841,-79.86779,18 Thompson Rd,,Milton,Ontario,CA,L9T 5N9,3869,905 636 1500,MiltonON@anytimefitness.ca,Milton
2981,34.3864,132.41786,西区庚午北 4-7-19 福屋庚午ビル 1-3F,,広島市,広島県,JP,〒733-0821,JP-1402,082-942-6271,af_hirokougo387_info@anytimefitness.jp,広島市 (広島庚午店)
2982,28.62224,77.05732,"Kaushik's Tower, Plot No. 1,2,3,4 & 5",,New Delhi,Delhi,IN,110059,IN-1187,"+ 91 9818300502, +91 9818300504",uttamnagar.delhi@anytimefitness.in,"New Delhi, Uttam Nagar"
2983,-33.82382,151.07874,Marina Square - 416/5 Footbridge Boulevard,,Wentworth Point,New South Wales,AU,2127,AU-1554,0291359525,wentworthpoint@anytimefitness.com.au,Wentworth Point
2984,38.16388,140.8999,杜せきのした5-4-3 アクロスプラザ杜せきのした Ｄ棟 1F,,名取市,宮城県,JP,〒981-1227,JP-1253,022-226-8225,af_moriseki243_info@anytimefitness.jp,名取市 (杜せきのした店)
2985,28.68394,77.20417,"38, Bunglow Road, First Floor, Kamla Nagar",,New Delhi,Delhi,IN,110007,IN-1020,+918130432323,bungalowroad.delhi@anytimefitness.in,"New Delhi, Bungalow Road"
2986,-36.7157,142.20042,47- 49 Pynsent Street,,Horsham,Victoria,AU,3400,AU-1068,03 5381 2035,horsham@anytimefitness.com.au,Horsham
2987,43.911567,-79.6555,191 Mactaggart Dr,,Nobleton,Ontario,CA,L0G 1N0,3637,(289) 620-1970,NobletonON@anytimefitness.ca,Nobleton
2988,41.2974,-92.67186,209 Cornerstone Dr,,Oskaloosa,Iowa,US,52577,1703,(641) 673-5560,OskaloosaIA@anytimefitness.com,Oskaloosa
2989,14.57916,121.03166,500 Boni Ave.,,Mandaluyong,Metro Manila,PH,1550,PH-0171,0968 595 3107,BoniAveMandaluyong@anytimefitness.ph,Boni Ave. Mandaluyong
2990,34.50716,136.71541,御薗町長屋2146 1F,,伊勢市,三重県,JP,〒516-0804,JP-2618,0596-63-9340,af_isemisono854_info@anytimefitness.jp,伊勢市 (伊勢みそのショッピングセンター店)
2991,51.57449,4.63512,Spoorlaan 21,,Etten-Leur,Noord-Brabant,NL,4872 XM,NL-1156,+31 76 20 05 410,etten-leur@anytimefitness.nl,Etten-Leur
2992,33.14937,-94.9706,668 S Jefferson Ave,,Mount Pleasant,Texas,US,75455,2656,(903) 577-8877,MountPleasantTX@anytimefitness.com,Mount Pleasant
2993,45.0105291,-122.7871231,118 Brown St,,Silverton,Oregon,US,97381,1022,(503) 873-7033,SilvertonOR@anytimefitness.com,Silverton
2994,36.541799,-121.906451,26536 Carmel Rancho Blvd,,Carmel-By-The-Sea,California,US,93923,4872,831-293-8338,CarmelCA@anytimefitness.com,Carmel-By-The-Sea
2995,42.47841,-88.1006,474 Orchard St,,Antioch,Illinois,US,60002,3314,(847) 395-2424,AntiochIL@anytimefitness.com,Antioch
2996,36.06019,-89.37962,2490 Parr Ave,,Dyersburg,Tennessee,US,38024,2718,(731) 285-6616,DyersburgTN@anytimefitness.com,Dyersburg
2997,37.90085,139.03595,中央区上近江2-1-13 1F,,新潟市,新潟県,JP,〒950-0973,JP-1450,025-384-4045,af_niigataoumi439_info@anytimefitness.jp,新潟市 (新潟近江店)
2998,32.83734,-96.47485,203 Laurence Dr,,Heath,Texas,US,75032,4092,(972) 202-6594,HeathTX@anytimefitness.com,Heath
2999,35.35285,139.35309,東真土1-1-1,,平塚市,神奈川県,JP,〒254-0018,JP-3082,,af_higashishindo1317_info@anytimefitness.jp,平塚市 (平塚東真土店)
3000,27.06038,-80.13892,11690 SE Federal Hwy,,Hobe Sound,Florida,US,33455,3457,(772) 545-2030,HobeSoundFL@anytimefitness.com,Hobe Sound
3001,44.05992,-122.99484,2197 Olympic St,,Springfield,Oregon,US,97477,1279,(541) 741-6774,SpringfieldOR@anytimefitness.com,Springfield (Olympic St)
3002,34.67833,-84.47637,96 Craig St,,Ellijay,Georgia,US,30540,3018,(706) 697-3488,EllijayGA@anytimefitness.com,Ellijay
3003,41.47847,-72.26552,24 Hartford Rd,,Salem,Connecticut,US,06420,4182,(860) 850-1010,SalemCT@anytimefitness.com,Salem
3004,35.88706,139.78716,弥生町３-43 越谷エヌビル 2F,,越谷市,埼玉県,JP,〒343-0816,JP-1386,048-972-6136,af_koshigayast379_info@anytimefitness.jp,越谷市 (越谷駅前店)
3005,1.33176,103.87945,"401 MacPherson Rd, Singapore 368125",,Singapore,Central Singapore,SG,,SG-0184,+65 89004077,MacPhersonMall@anytimefitness.sg,MacPherson Mall
3006,27.72365,-82.67999,4949 34th St S,,St. Petersburg,Florida,US,33711,3583,(727) 864-0333,StPetersburgFL5@anytimefitness.com,St. Petersburg
3007,35.66267,139.31466,元本郷町3-6-10 2F,,八王子市,東京都,JP,〒192-0051,JP-1630,042-686-2512,af_nishihachioji619_info@anytimefitness.jp,八王子市 (西八王子店)
3008,34.67561,135.558,東成区深江北2-9-24 2F,,大阪市,大阪府,JP,〒537-0001,JP-1476,06-6720-8220,af_fukaekita463_info@anytimefitness.jp,大阪市 (深江北店)
3009,39.69833,-86.41753,1070 W Main St,,Plainfield,Indiana,US,46168,1222,(317) 203-5312,PlainfieldIN@anytimefitness.com,Plainfield
3010,28.40663,76.92222,"Second Floor, AMB Selfie Street",,Gurgaon,Haryana,IN,122001,IN-1172,+91 8287174249,92.gurgaon@anytimefitness.in,"Gurgaon, Sector 92"
3011,41.97725,-91.61798,806 34th St SE,,Cedar Rapids,Iowa,US,52403,2241,(319) 550-0216,CedarRapidsIA@anytimefitness.com,Cedar Rapids (34th St SE)
3012,41.63396,-88.44847,68 E Schoolhouse Rd,,Yorkville,Illinois,US,60560,632,(630) 553-6678,YorkvilleIL@anytimefitness.com,Yorkville
3013,28.44546,-81.56122,10665 Village Lake Road,,Windermere,Florida,US,34786,3016,(407) 217-6496,WindermereFL@anytimefitness.com,Windermere
3014,20.67067,-103.4055,"Avenida San Ignacio #1807, Local 8 Planta alta",,Zapopan,Jalisco,MX,45040,MX-1129,3313859200,sanignacio.gdl@anytimefitness.com.mx,Zapopan (San Ignacio)
3015,33.48225,-79.09825,113 Willbrook Blvd,,Pawleys Island,South Carolina,US,29585,3513,(843) 314-0260,PawleysIslandSC@anytimefitness.com,Pawleys Island
3016,45.814242,-122.704193,4326 S Settler Drive,,Ridgefield,Washington,US,98642,4980,360.557.2021,RidgefieldWA@anytimefitness.com,Ridgefield
3017,14.65542,121.00005,"4F, Ayala Cloverleaf Mall, A. Bonifacio Brgy. Balingasa, Balintawak",,Quezon City,Metro Manila,PH,,PH-0075,09171578686,AFCloverleaf@anytimefitness.ph,Quezon City (Cloverleaf)
3018,35.31329,136.82,両郷町4-1-2 1F,,一宮市,愛知県,JP,〒491-0022,JP-1475,0586-52-3160,af_ichinomiya465_info@anytimefitness.jp,一宮市 (一宮店)
3019,40.444228,-75.953511,5479 Pottsville Pike,,Leesport,Pennsylvania,US,19533,5014,(484) 671-3598,LeesportPA@anytimefitness.com,Leesport
3020,-27.46312,153.04051,599 Brunswick St,,New Farm,Queensland,AU,4005,AU-1516,0499530155,newfarm@anytimefitness.com.au,New Farm
3021,32.61103,-93.71345,5212 Airline Dr,,Bossier City,Louisiana,US,71111,1437,(318) 549-1247,BossierCityLA@anytimefitness.com,Bossier City (5212 Airline)
3022,33.07083,-96.75241,6921 Independence Pkwy,,Plano,Texas,US,75023,2406,(972) 943-9348,PlanoTX2@anytimefitness.com,Plano (Independence)
3023,30.84564,-89.141701,969 Hall St,,Wiggins,Mississippi,US,39577,1245,(601) 928-1776,WigginsMS@anytimefitness.com,Wiggins
3024,38.264,140.34132,薬師町1-16-10 1F,,山形市,山形県,JP,〒990-0053,JP-1308,023-687-1823,af_yyakushi301_info@anytimefitness.jp,山形市 (山形薬師町店)
3025,45.39859,-75.73785,1339 Wellington St W,,Ottawa,Ontario,CA,K1Y 3B8,4199,(613) 422-8456,OttawaON9@anytimefitness.ca,Ottawa
3026,14.25888,121.09116,"Block 7 Units 4 & 5, Eton City Square, Greendfield Parkway, Brgy. Malitlit",,Sta. Rosa,Laguna,PH,,PH-0192,0917 723 3866,EtonCitySquare@anytimefitness.ph,Eton City Square - Sta. Rosa
3027,35.51878,140.15009,辰巳台東1-1-1 1F,,市原市,千葉県,JP,〒290-0003,JP-2749,0436-37-3206,af_tatsumidai984_info@anytimefitness.jp,市原市 (辰巳台店)
3028,33.996787,-84.70792,1727 Mars Hill Rd,,Acworth,Georgia,US,30101,2463,(770) 421-6000,AcworthGA2@anytimefitness.com,Acworth (Mars Hill Rd)
3029,41.653272,-87.855487,9644 W 131st St,,Palos Park,Illinois,US,60464,4362,,PalosParkIL@anytimefitness.com,Palos Park
3030,45.39621,-75.71162,901 Carling Ave,,Ottawa,Ontario,CA,K1Y 4E3,3850,(613) 695-2407,OttawaON6@anytimefitness.ca,Ottawa
3031,-37.04831,174.92866,Southgate,,"Takanini, Auckland",Auckland,NZ,2112,NZ-1018,09 2980013,takanini@anytimefitness.co.nz,"Takanini, Auckland"
3032,32.74675,-97.79822,1108 S Main St,,Weatherford,Texas,US,76086,2433,(682) 290-6954,WeatherfordTX@anytimefitness.com,Weatherford
3033,34.816845,-102.399642,301 Main St,,Hereford,Texas,US,79045,5261,806.360.4772,HerefordTX@anytimefitness.com,Hereford
3034,42.11436,-96.71141,614 Main St,,Pender,Nebraska,US,68047,3620,(402) 385-6246,PenderNE@anytimefitness.com,Pender
3035,33.188547,-96.7512953,1860 S Independence Pkwy ,,McKinney,Texas,US,75072,4588,(972) 924-0424,McKinneyTX3@anytimefitness.com,McKinney
3036,,,,,Homestead Cl NE. AB,Alberta,CA,,5413,,EdmontonAB11@anytimefitness.com,Homestead Cl NE. AB
3037,49.73886,-96.87128,107-1309 Dawson Rd,,Lorette,Manitoba,CA,R5K 0S2,3093,(204) 878-9000,LoretteMB@anytimefitness.ca,Lorette
3038,-38.13609,144.3371,103 Shannon Avenue,,Manifold Heights,Victoria,AU,3218,AU-1393,03 5222 5137,manifoldheights@anytimefitness.com.au,Manifold Heights
3039,37.91549,139.10344,東区はなみずき2-9-22 2F,,新潟市,新潟県,JP,〒950-0893,JP-1440,025-282-5965,af_hanamizuki428_info@anytimefitness.jp,新潟市 (新潟はなみずき店)
3040,35.90963,139.6648,見沼区大字御蔵1530-7,,さいたま市,埼玉県,JP,〒337-0033,JP-2717,048-796-5971,af_minaminakano952_info@anytimefitness.jp,Saitama Shi (大宮南中野店)
3041,41.284019,-82.884655,102 Commerce Park Drive,,Bellevue,Ohio,US,44811,4775,(419) 484-5426,BellevueOH@anytimefitness.com,Bellevue
3042,35.69045,139.84525,大島9-3-12 2F,,江東区,東京都,JP,〒136-0072,JP-2711,03-5858-8272,af_eojima946_info@anytimefitness.jp,Koto Ku (東大島店)
3043,25.03938,121.56553,台北市信義區松高路77號B2樓,,Taipei,臺北市,TW,,TW-0026,02 8786 3367,XinyiA25@anytimefitness.tw,台北信義 A25 (Xinyi A25)
3044,-27.66783,152.91783,"Shop 8, 1 Springfield Lakes Boulevard",,Springfield Lakes,Queensland,AU,4300,AU-1135,0427377758,springfield@anytimefitness.com.au,Springfield Lakes
3045,-34.72052,135.85914,78 Tasman Tce,,Port Lincoln,South Australia,AU,5606,AU-1370,08 8682 1033,portlincoln@anytimefitness.com.au,Port Lincoln
3046,36.11313,140.11499,桜1-23-6 1F,,つくば市,茨城県,JP,〒305-0003,JP-1543,029-896-3266,af_tsukuba535_info@anytimefitness.jp,つくば市 (つくば店)
3047,35.52046,139.69417,川崎区池田2-7-9 池田町ビル 1-2F,,川崎市,神奈川県,JP,〒210-0022,JP-1305,044-223-8025,af_hachinawate298_info@anytimefitness.jp,川崎市 (八丁畷店)
3048,-36.77554,144.30645,150-158 Condon Street,,Kennington,Victoria,AU,3550,AU-1162,03 5442 6634,kennington@anytimefitness.com.au,Kennington
3049,35.6082,139.65052,等々力4-4-11 2F,,世田谷区,東京都,JP,〒158-0082,JP-1379,03-6432-1385,af_todoroki361_info@anytimefitness.jp,世田谷区 (等々力店)
3050,35.71657,139.74129,小石川5-11-17　ニュー小石川ビル B1,,文京区,東京都,JP,〒112-0002,JP-1093,03-3868-3241,afmyogadani87_info@anytimefitness.jp,文京区 (茗荷谷店)
3051,-37.78158,144.91521,Shop 20/320 Epsom Road,,Flemington,Victoria,AU,3031,AU-1641,0421 555 512,flemington@anytimefitness.com.au,Flemington
3052,42.62067,-83.17122,2129 W S Blvd,,Troy,Michigan,US,48098,3538,(248) 275-8316,TroyMI@anytimefitness.com,Troy
3053,46.4866,-87.71655,130 N Pansy St,,Ishpeming,Michigan,US,49849,2743,(906) 485-4502,IshpemingMI@anytimefitness.com,Ishpeming
3054,42.186,-87.8016,1850 2nd Street,,Highland Park,Illinois,US,60035,5478,847-748-0428,HighlandParkIL@anytimefitness.com,Highland Park
3055,35.78102,139.65222,四葉2-9-2 東日ハウスvol.3 2F,,板橋区,東京都,JP,〒175-0084,JP-2722,03-6909-8126,af_yotsuba957_info@anytimefitness.jp,板橋区 (板橋四葉店)
3056,38.33932,140.96654,青山2-2-1 1F,,宮城郡利府町,宮城県,JP,〒981-0131,JP-1666,022-349-4551,af_rifu655_info@anytimefitness.jp,利府町 (利府店)
3057,32.33199,-96.1314,1016 W Main St,,Gun Barrel City,Texas,US,75156,984,(903) 887-2001,GunBarrelCityTX@anytimefitness.com,Gun Barrel City
3058,51.55551,-0.06701,"Unit 20 Maple Path,",,London (Hackney Downs),Greater London,GB,E5 8QJ,UK-0521,,hackneydowns@anytimefitness.co.uk,London (Hackney Downs)
3059,36.75495,137.0197,あわら町226 1F,,高岡市,富山県,JP,〒933-0911,JP-1696,0766-92-3661,af_awaramachi684_info@anytimefitness.jp,高岡市 (高岡あわら町店)
3060,42.279025,-87.875763,219 Waukegan Road,,Lake Bluff,Illinois,US,60044,4828,847-739-2575,LakeBluffIL@anytimefitness.com,Lake Bluff
3061,43.11077,-88.34107,520 Hartbrook Dr,,Hartland,Wisconsin,US,53029,1362,(262) 369-9300,HartlandWI@anytimefitness.com,Hartland
3062,38.55479,-121.42924,6350 Folsom Blvd,,Sacramento,California,US,95819,1724,(916) 452-5555,SacramentoCA2@anytimefitness.com,Sacramento (Folsom Blvd)
3063,-33.61323,150.81228,29 Brabyn St,,Windsor,New South Wales,AU,2756,AU-1343,0452577002,windsor@anytimefitness.com.au,Windsor
3064,38.48778,-90.35806,4329F Butler Hill Rd,,St. Louis,Missouri,US,63128,3922,(314) 696-6952,StLouisMO@anytimefitness.com,St. Louis
3065,33.68081,-93.60374,1301 N Hervey,,Hope,Arkansas,US,71801,2203,(870) 777-9100,HopeAR@anytimefitness.com,Hope
3066,40.29079,-96.74861,2317 N 6th St,,Beatrice,Nebraska,US,68310,132,(402) 228-2277,beatrice@anytimefitness.com,Beatrice
3067,-37.59068,144.91462,"Suite 2, Level 1 Central Suites Craigieburn Central",,Craigieburn,Victoria,AU,3064,AU-1325,0418 537 590,craigieburn@anytimefitness.com.au,Craigieburn
3068,34.42643,-118.42604,16676 Soledad Canyon Rd,,Santa Clarita,California,US,91387,4519,(661) 250-7191,SandCanyon@anytimefitness.com,Santa Clarita
3069,51.2289,5.43399,Groenstraat 12,,Neerpelt (België),Limburg,BE,3910,NL-1067,+32 472 55 05 32,neerpelt@anytimefitness.be,Neerpelt (België)
3070,34.17309,-118.55247,19235 Ventura Blvd,,Tarzana,California,US,91356,1801,818-642-5277,TarzanaCA@anytimefitness.com,Tarzana
3071,28.60627,77.29541,"15 Pratap Nagar, 2nd Floor",,Delhi,Delhi,IN,110091,IN-1065,+918744888994,mayurvihar.delhi@anytimefitness.in,"New Delhi, Mayur Vihar"
3072,45.66668,-122.60275,6713 NE 63rd St,,Vancouver,Washington,US,98661,5392,(360) 946-2459,VancouverWA@anytimefitness.com,Vancouver
3073,36.3976812,-100.8029537,220 South Main St,,Perryton,Texas,US,79070,4252,806-648-1171,PerrytonTX@anytimefitness.com,Perryton
3074,38.88971,-94.60968,13154 Stateline Rd,,Leawood,Kansas,US,66209,4217,(913) 222-8080,LeawoodKS@anytimefitness.com,Leawood
3075,35.87536,139.92546,おおたかの森北1-12-1 OKTプラザ 1F,,流山市,千葉県,JP,〒270-0119,JP-2554,04-7128-9206,af_ootakaannex789_info@anytimefitness.jp,流山市 (おおたかの森アネックス店)
3076,35.49835,139.40723,相武台1-38-31 2F,,座間市,神奈川県,JP,〒252-0011,JP-1478,046-240-6520,af_sobudai464_info@anytimefitness.jp,座間市 (相武台店)
3077,32.21351,-82.4074,603 E 1st St,,Vidalia,Georgia,US,30474,2760,(912) 246-4218,VidaliaGA@anytimefitness.com,Vidalia
3078,-34.48198,150.41455,Shop C2 / 68-70 Station Street,,Bowral,New South Wales,AU,2576,AU-1138,02 4862 1874,bowral@anytimefitness.com.au,Bowral
3079,41.62088,-93.67327,2815 Beaver Ave,,Des Moines,Iowa,US,50310,480,(515) 274-2100,BeaverdaleIA@anytimefitness.com,Des Moines (Beaverdale)
3080,30.48888,-87.19779,6301 N 9th Ave,,Pensacola,Florida,US,32504,2457,(850) 969-1348,PensacolaFL2@anytimefitness.com,Pensacola (N 9th Ave)
3081,-37.79884,145.28053,198 Mount Dandenong Road,,Croydon,Victoria,AU,3136,AU-1302,03 9722 9857,croydon@anytimefitness.com.au,Croydon
3082,13.73544,100.56159,"4th floor, 388 Sukhumvit Road, Khlong Toei, Bangkok 10110",,Khlong Toei,Bangkok,TH,,TH-0014,,ExchangeTower@anytimefitness.co.th,Exchange Tower
3083,40.31519,-75.99405,1100 W Wyomissing Blvd,,West Lawn,Pennsylvania,US,19609,3985,(484) 987-2624,WestLawnPA@anytimefitness.com,West Lawn
3084,44.900406,-97.105535,501 1st Ave NE,,Watertown,South Dakota,US,57201,417,(605) 878-2112,WatertownSD@anytimefitness.com,Watertown
3085,20.72303,-103.41361,"Av. Acueducto 6050, Lomas del Bosque, Chedraui,",,Zapopan,Jalisco,MX,44160,MX-1135,3328336794,acueducto.zapopan@anytimefitness.com.mx,Zapopan (Acueducto)
3086,35.67561,139.73861,永田町2-13-10,,千代田区,東京都,JP,〒100-0014,JP-2975,03-3528-8701,af_akasakapt1186_info@anytimefitness.jp,千代田区 (赤坂プルデンシャルタワー店)
3087,37.21361,-80.403,1480 S Main St,,Blacksburg,Virginia,US,24060,2737,(540) 951-1340,BlacksburgVA@anytimefitness.com,Blacksburg
3088,45.080745,-93.054689,4600 Centerville Rd,,White Bear Lake,Minnesota,US,55127,3305,(651) 330-0367,WhiteBearLakeMN2@anytimefitness.com,White Bear Lake
3089,1.27973,103.84849,"139 Cecil St, #04-01",,Cecil Street,South East,SG,069539,SG-0085,87778551,CecilStreet@anytimefitness.sg,Cecil Street
3090,39.70042,141.1477,菜園1-8-15 パルクアベニュー・カワトクcube-Ⅱ B2F,,盛岡市,岩手県,JP,〒020-0024,JP-1474,019-613-7506,af_moriokasaien470_info@anytimefitness.jp,盛岡市 (盛岡菜園店)
3091,34.74907,135.32601,菊谷町2-25 Kプラザ B1,,西宮市,兵庫県,JP,〒662-0078,JP-1300,0798-61-2282,af_kurakueg293_info@anytimefitness.jp,西宮市 (苦楽園店)
3092,49.530007,-96.690045,#6 145 Main St,,Steinbach,Manitoba,CA,R5G 1Y5,4576,(204) 381-8788,SteinbachMB@anytimefitness.ca,Steinbach
3093,49.84589,-97.20007,980 Lorimer Blvd,,Winnipeg,Manitoba,CA,R3P 1C8,2754,204 488 8677,WinnipegMB2@anytimefitness.ca,Winnipeg (Lorimer Blvd)
3094,35.76365,-91.61584,3050 Harrison St,,Batesville,Arkansas,US,72501,2309,(870) 793-2700,BatesvilleAR@anytimefitness.com,Batesville
3095,44.29737,-94.7222,128 Main St E,,Sleepy Eye,Minnesota,US,56085,3493,(507) 794-2424,SleepyEyeMN@anytimefitness.com,Sleepy Eye
3096,49.605102,-97.059281,4-40 Drovers Run,,Niverville,Manitoba,CA,R0A 0A1,4937,(204) 961-1919,NivervilleMB@anytimefitness.ca,Niverville
3097,35.82867,139.80071,氷川町2133-1,,草加市,埼玉県,JP,〒340-0034,JP-1179,048-951-7301,afsoka173_info@anytimefitness.jp,草加市 (草加店)
3098,42.12588,-88.0614,819 N Quentin Rd,,Palatine,Illinois,US,60067,3568,(847) 485-8840,PalatineIL@anytimefitness.com,Palatine
3099,34.54737,133.34819,御幸町大字上岩成464 1F,,福山市,広島県,JP,〒720-0001,JP-1503,084-961-4747,af_fukuyamamiyuki492_info@anytimefitness.jp,福山市 (福山御幸店)
3100,38.2702,140.86998,青葉区上杉1-6-6　イースタンビル 1F,,仙台市,宮城県,JP,〒980-0011,JP-1132,022-281-9399,afkotodai125_info@anytimefitness.jp,仙台市 (勾当台通り店)
3101,41.300196,-75.851317,1056 Wyoming Ave,,Wyoming,Pennsylvania,US,18644,4419,570.338.2839,WyomingPA@anytimefitness.com,Wyoming
3102,41.44863,2.24145,Sant Ramón 38 - 42,,Badalona,Catalonia,ES,08912,SP-0088,606773469,badalonacentre@anytimefitness.es,Badalona
3103,40.3878,-111.90898,328 E Crossroads Blvd,,Saratoga Springs,Utah,US,84045,884,(801) 768-8900,SaratogaSpringsUT@anytimefitness.com,Saratoga Springs
3104,49.69595,-112.89443,340 University Dr W,,Lethbridge,Alberta,CA,T1K 7V5,3335,(403) 380-3022,LethbridgeAB@anytimefitness.ca,Lethbridge
3105,-33.28214,149.10543,179-181 Byng Street,,Orange,New South Wales,AU,2800,AU-1130,02 6362 7333,orange@anytimefitness.com.au,Orange
3106,35.61995,140.13091,中央区祐光4-3-1 セナリオプラザ 2F,,千葉市,千葉県,JP,〒260-0007,JP-2807,043-215-7657,af_takashina1038_info@anytimefitness.jp,千葉市 (千葉高品店)
3107,51.06643,-114.20933,722 85 St SW,,Calgary,Alberta,CA,T3H 4C7,3686,403 289 8463,WestSprings@anytimefitness.ca,Calgary (West Springs)
3108,50.14925,-101.66088,414 Main St,,Moosomin,Saskatchewan,CA,SOG 3NO,4529,(306) 269-8463,MoosominSK@anytimefitness.ca,Moosomin
3109,26.16891,-80.28682,10144 W Oakland Park Blvd,,Sunrise,Florida,US,33351,4235,(954) 749-8600,SunriseFL@anytimefitness.com,Sunrise
3110,20.64643,-103.38115,"Avenida Cruz del Sur, número 2548",,Guadalajara,Jalisco,MX,44950,MX-1064,3316026109,cruzdelsur.gdl@anytimefitness.com.mx,Guadalajara (Centro Comercial Cruz del Sur)
3111,44.03463,-79.44871,695 Stonehaven Ave,,Newmarket,Ontario,CA,L3X 0G2,4724,905-953-7777 ,NewmarketON@anytimefitness.ca,Newmarket
3112,46.26434,-119.2116,5820 Road 92,,Pasco,Washington,US,99301,5376,(509) 410-4700,PascoWA@anytimefitness.com,Pasco
3113,35.667,139.7657,銀座7-16-21 銀座木挽ビル B1F,,中央区,東京都,JP,〒104-0061,JP-1122,03-6264-7531,afe-ginza120_info@anytimefitness.jp,中央区 (東銀座店)
3114,35.81372,139.73573,南鳩ケ谷4-5-4 2F,,川口市,埼玉県,JP,〒334-0013,JP-2923,048-446-6985,af_minamihatogaya1134_info@anytimefitness.jp,川口市 (南鳩ヶ谷店)
3115,35.59223,139.73348,南大井6-3-8　ガーデニア大森 2F,,品川区,東京都,JP,〒140-0013,JP-1027,03-5767-8856,afomori23_info@anytimefitness.jp,品川区 (大森店)
3116,-33.81283,151.17027,71 Longueville Rd,,Lane Cove,New South Wales,AU,2066,AU-1108,02 9418 6299,lanecove@anytimefitness.com.au,Lane Cove
3117,-33.7312,150.97346,"Unit 7, 10 Hudson Avenue",,Castle Hill,New South Wales,AU,2154,AU-1090,02 9659 9588,castlehill@anytimefitness.com.au,Castle Hill
3118,34.81882,135.49073,船場西3-1-7 2F,,箕面市,大阪府,JP,〒562-0036,JP-1363,072-736-8790,af_mino353_info@anytimefitness.jp,箕面市 (箕面船場店)
3119,33.22557,131.62784,下郡3153-3 2F,,大分市,大分県,JP,〒870-0951,JP-2676,097-589-8656,af_oitashimogori912_info@anytimefitness.jp,大分市 (大分下郡店)
3120,35.40025,139.5775,港南区野庭町49-2 イエローハット横浜市港南店 2F,,横浜市,神奈川県,JP,〒234-0056,JP-2895,045-353-7201,af_kaminagaya1106_info@anytimefitness.jp,横浜市 (港南上永谷店)
3121,43.779892,-91.225755,3514 Mormon Coulee Rd,,LaCrosse,Wisconsin,US,54601,4910,(608) 796-9119,LaCrosseWI2@anytimefitness.com,LaCrosse
3122,44.07715,-93.51182,115 4th St SW,,Waseca,Minnesota,US,56093,3838,(507) 201-5087,WasecaMN@anytimefitness.com,Waseca
3123,41.55784,-87.69599,18232 S Kedzie Ave,,Hazel Crest,Illinois,US,60429,4380,708-960-4240,HazelCrestIL@anytimefitness.com,Hazel Crest
3124,14.78642,121.07556,"Lower Ground Floor, SM City San Jose Del Monte Bulacan, Quirino Highway, Brgy Tungkong Mangga",,San Jose Del Monte,Bulacan,PH,3023,PH-0178,0917 573 3003,SMSJDMBulacan@anytimefitness.ph,SM City SJDM Bulacan
3125,39.4792,-74.99856,301 S Main Rd,,Vineland,New Jersey,US,08360,2982,(856) 839-0065,VinelandNJ@anytimefitness.com,Vineland
3126,-28.75768,114.62659,208 - 210 North Coastal West Highway,,Geraldton,Western Australia,AU,6530,AU-1438,0411105852,geraldton@anytimefitness.com.au,Geraldton
3127,1.32286,103.85292,288 Balestier Road,,Balestier,Central Singapore,SG,329731,SG-0016,+65 8714 9366,Balestier@anytimefitness.sg,Balestier
3128,46.48769,-87.3481,1001 M-28 E,,Harvey,Michigan,US,49855,2391,(906) 249-9800,HarveyMI@anytimefitness.com,Harvey
3129,-27.43989,153.06697,Shop 3 Riverside Building,,Hamilton,Queensland,AU,4007,AU-1331,0436 433 318,hamilton@anytimefitness.com.au,Hamilton
3130,-37.75043,144.86199,"Level 1, Shop 48 Milleara Shopping Centre",,Keilor East,Victoria,AU,3033,AU-1122,03 9325 4988,keiloreast@anytimefitness.com.au,Keilor East
3131,-38.09586,145.3639,195S St Germain Village,,Clyde North,Victoria,AU,3978,AU-1638,0483 181 931,clydenorth@anytimefitness.com.au,Clyde North
3132,41.12091,-74.57777,45 Mitchell Avenue,,Franklin,New Jersey,US,07416,2582,(973) 827-8900,FranklinNJ@anytimefitness.com,Franklin
3133,37.87215,-122.51091,140 Donahue St,,Sausalito,California,US,94965,4356,(415) 480-3838,SausalitoCA@anytimefitness.com,Sausalito
3134,30.00056,-98.10091,14306 RR-12,,Wimberley,Texas,US,78676,2370,(512) 847-8887,WimberleyTX@anytimefitness.com,Wimberley
3135,41.76545,-88.3626,1923 W Galena Blvd,,Aurora,Illinois,US,60506,4401,331-300-2180,AuroraIL3@anytimefitness.com,West Aurora
3136,40.833141,-84.940593,1624 Nuttman Avenue,,Decatur,Indiana,US,46733,1803,(260) 724-3626,DecaturIN@anytimefitness.com,Decatur
3137,29.33347,-96.09491,2407 N Richmond Rd,,Wharton,Texas,US,77488,2191,(979) 282-9000,WhartonTX@anytimefitness.com,Wharton
3138,33.78169,-111.92366,32687 N Scottsdale Rd,,Scottsdale,Arizona,US,85266,2160,(480) 575-7505,ScottsdaleAZ@anytimefitness.com,Scottsdale
3139,53.33905,-113.43236,6304 29th Ave.,,Beaumont,Alberta,CA,T4X 0H5,6010,(780) 737-0435,BeaumontAB@anytimefitness.ca,Beaumont
3140,1.33194,103.92393,"Apt Blk 537 Bedok North Street 3, #01-555, Singapore 460537",,Bedok,South East,SG,460537,SG-0150,98265008,537BedokNorth@anytimefitness.sg,537 Bedok North
3141,35.17677,-101.81381,3600 S Osage St,,Amarillo,Texas,US,79118,2399,(806) 372-2000,AmarilloTX@anytimefitness.com,Amarillo
3142,33.71423,-112.14017,3780 W Happy Valley Rd,,Glendale,Arizona,US,85310,5176,623-377-8440,GlendaleAZ3@anytimefitness.com,Glendale
3143,-33.87055,150.98527,"Unit 6, 708-712 Woodville Road",,Fairfield East,New South Wales,AU,2165,AU-1447,02 9681 7354,fairfieldeast@anytimefitness.com.au,Fairfield East
3144,33.50801,-82.14513,4497-4 Columbia Rd.,,Martinez,Georgia,US,30907,145,(706) 364-2418,EvansGA@anytimefitness.com,Martinez (Columbia Rd)
3145,-38.11149,145.28306,125 High Street,,Cranbourne,Victoria,AU,3977,AU-1215,03 5995 3465,cranbourne@anytimefitness.com.au,Cranbourne
3146,44.27438,-88.47668,1401 N Casaloma Dr,,Appleton,Wisconsin,US,54913,736,(920) 730-1000,AppletonWest@anytimefitness.com,"Appleton (Appleton, WI (West))"
3147,36.668067,-76.948594,1347 Armory Dr.,,Franklin,Virginia,US,23851,5163,757.304.6444,FranklinVA@anytimefitness.com,Franklin
3148,44.82478,-93.34726,5107 W 98th St,,Bloomington,Minnesota,US,55437,1700,(952) 303-3864,BloomingtonMN2@anytimefitness.com,Bloomington
3149,34.54565,133.73145,連島中央1-9-6 1F,,倉敷市,岡山県,JP,〒712-8014,JP-1626,086-441-7682,af_kurashikitsurajima615_info@anytimefitness.jp,倉敷市 (倉敷連島店)
3150,48.564922,-123.406366,A01 2261 Keating Cross Rd,,Saanichton,British Columbia,CA,V8Z 5T1,4785,778 351 2515,SaanichtonBC@anytimefitness.com,Saanichton
3151,43.08175,-94.23474,1502 N Hwy 169,,Algona,Iowa,US,50511,2418,(515) 341-6821,AlgonaIA@anytimefitness.com,Algona
3152,-34.02704,151.1199,"Unit 1, 177 Taren Point Road",,Taren Point,New South Wales,AU,2229,AU-1775,,tarenpoint@anytimefitness.com.au,Taren Point
3153,-37.87267,145.02373,201 Balaclava Road,,Caulfield,Victoria,AU,3161,AU-1260,0437 988 200,caulfield@anytimefitness.com.au,Caulfield
3154,14.60421,120.97574,"Lucky Chinatown Mall, 1166 Soler Street, Brgy. 283",,Binondo,Metro Manila,PH,1008,PH-0199,,LuckyChinatownMall@anytimefitness.ph,Lucky Chinatown Mall
3155,35.60965,140.11636,中央区新田町1-1 ＩＭＩ未来ビル 1F,,千葉市,千葉県,JP,〒260-0027,JP-1397,043-301-2372,af_chibachuo391_info@anytimefitness.jp,千葉市 (千葉中央店)
3156,53.64545,-3.01183,"Unit 2, Ribble Buildings",,Southport,North West,GB,PR8 1RN,UK-0225,01704 324247,southport@anytimefitness.co.uk,Southport
3157,34.73879,135.37511,甲子園口2-1-37 ビエラ甲子園口 3F,,西宮市,兵庫県,JP,〒663-8113,JP-1465,0798-31-5010,af_koshien457_info@anytimefitness.jp,西宮市 (甲子園口駅前店)
3158,35.54438,139.44679,原町田6-13-21 アミックスビル 3F,,町田市,東京都,JP,〒194-0013,JP-2691,042-851-8297,af_machida927_info@anytimefitness.jp,町田市 (町田店)
3159,43.81146,-91.25034,112-114 5th Ave S,,La Crosse,Wisconsin,US,54601,3410,(608) 519-5990,LaCrosseWI@anytimefitness.com,La Crosse
3160,27.84187,-82.21504,16144 Churchview Dr. Ste 201,,Lithia,Florida,US,33547,4090,(813) 438-8474,LithiaFL@anytimefitness.com,Lithia
3161,44.2465,-88.34763,W 3171 Springfield Drive,,Appleton,Wisconsin,US,54915,283,(920) 882-2272,AppletonWI@anytimefitness.com,Appleton
3162,39.672552,-77.698068,19405 Emerald Square,,Hagerstown,Maryland,US,21742,4722,(301) 302-0580,HagerstownMD@anytimefitness.com,Hagerstown
3163,-33.78483,151.12633,2 Coolinga St,,Macquarie Park,New South Wales,AU,2113,AU-1328,0423 301 042,macquariepark@anytimefitness.com.au,Macquarie Park
3164,29.57887,-90.69077,1128 Grand Caillou Rd,,Houma,Louisiana,US,70363,4631,985-872-0852,HoumaLA3@anytimefitness.com,Houma
3165,31.7326,-95.61174,2190 S. Loop 256,,Palestine,Texas,US,75801,2086,(903) 480-6474,PalestineTX@anytimefitness.com,Palestine
3166,27.71505,-82.37441,3828 Sun City Center Blvd.,,Sun City Center,Florida,US,33573,5173,813.938.3939,SunCityCenterFL@anytimefitness.com,Sun City Center
3167,35.62474,139.42401,落合1-11-2 1F,,多摩市,東京都,JP,〒206-0033,JP-1599,042-319-6360,af_tamacenter585_info@anytimefitness.jp,多摩市 (多摩センター店)
3168,45.53929,-73.61305,"600 Rue Jean-Talon E,",,Montréal,Quebec,CA,H2R 3A8,9900039,(514) 273-7979,Jean_talon@anytimefitness.quebec,Montréal
3169,34.47446,-84.45987,1101 Old Philadelphia Rd,,Jasper,Georgia,US,30143,4219,(706) 253-5555,JasperGA@anytimefitness.com,Jasper
3170,22.32116,114.26168,"Shops 16A, C,D and E, G/F, King Lam Shopping Centre, King Lam Estate, 38 Po Lam Rd North, Sai Kung,",,Tsueng Kwan O,NEW TERRITORIES,HK,,HK-0044,+852 6121 1606,KingLam@anytimefitness.hk,King Lam
3171,44.10048,-123.12746,65 Division Ave,,Eugene,Oregon,US,97404,612,(541) 689-0777,EugeneOR@anytimefitness.com,Eugene
3172,33.364943,-97.181026,551 N Stemmons Fwy,,Sanger,Texas,US,76266,2956,(940) 458-2020,SangerTX@anytimefitness.com,Sanger
3173,-37.83235,144.84726,3/174 Millers Road,,Altona North,Victoria,AU,3025,AU-1276,03 9325 1362,altonanorth@anytimefitness.com.au,Altona North
3174,-37.7563,145.0644,163-165 Burgundy Street,,Heidelberg,Victoria,AU,3084,AU-1194,03 9458 4888,heidelberg@anytimefitness.com.au,Heidelberg
3175,35.336,139.34194,追分2-5 1-2F,,平塚市,神奈川県,JP,〒254-0047,JP-2531,0463-79-6836,af_hiraoiwake766_info@anytimefitness.jp,平塚市 (平塚追分店)
3176,32.90454,-97.18606,8300 Precinct Line Rd,,Colleyville,Texas,US,76034,1485,(817) 718-2525,ColleyvilleTX@anytimefitness.com,Colleyville
3177,-42.97595,147.31003,Channel Court Shopping Centre,,Kingston,Tasmania,AU,7050,AU-1482,03 6229 1484,kingstontas@anytimefitness.com.au,Kingston
3178,33.42006,-94.12398,600 N. Kings Hwy,,Wake Village,Texas,US,75501,1238,(903) 832-5438,NashTX@anytimefitness.com,Wake Village
3179,45.49919,-73.64815,4800 Rue Jean-Talon O,,Montréal,Quebec,CA,H4P 1W9,9900029,514 735 4373,jean_talon2@anytimefitness.quebec,Montréal
3180,36.37232,139.04683,古市町382-1 1-2F,,前橋市,群馬県,JP,〒371-0844,JP-1528,027-289-2291,af_furuichimachi525_info@anytimefitness.jp,前橋市 (前橋古市町店)
3181,35.51032,139.56615,緑区鴨居1-9-14 MMP鴨居 2F,,横浜市,神奈川県,JP,〒226-0003,JP-1400,045-479-1581,af_kamoi390_info@anytimefitness.jp,横浜市 (鴨居店)
3182,43.12037,-88.08649,N56 W14108 Silver Spg Dr,,Menomonee Falls,Wisconsin,US,53051,3422,(262) 781-3220,MenomoneeFallsWI@anytimefitness.com,Menomonee Falls
3183,43.01504,-89.30269,5802 Hwy 51,,McFarland,Wisconsin,US,53558,594,(608) 838-8111,McFarlandWI@anytimefitness.com,McFarland
3184,32.31644,-95.279585,1827 Troup Hwy,,Tyler,Texas,US,75701,1064,(903) 509-1121,TylerTX@anytimefitness.com,Tyler (Troup Hwy)
3185,43.0603,-88.0241,8907 W North Ave,,Wauwatosa,Wisconsin,US,53226,2314,(414) 258-5658,WauwatosaWI@anytimefitness.com,Wauwatosa
3186,-36.89893,174.90416,20 Dunrobin Place,,"Highland Park, Auckland",Auckland,NZ,2010,NZ-1019,09 535 8855,highlandpark@anytimefitness.co.nz,"Highland Park, Auckland"
3187,45.50244,-73.56975,733 Rue Cathcart,,Montreal,Quebec,CA,H3B 5L6,9900086,514 874 9595,cathcart@anytimefitness.quebec,Montreal
3188,38.668779,-94.36609,1911 N 291 Hwy,,Harrisonville,Missouri,US,64701,3994,(816) 884-3165,HarrisonvilleMO@anytimefitness.com,Harrisonville
3189,42.23832,-84.3438,4010 Page Ave,,Jackson,Michigan,US,49254,3738,(517) 748-9351,JacksonMI@anytimefitness.com,Jackson
3190,34.53188,135.4969,中区深井清水3847 1F,,堺市,大阪府,JP,〒599-8273,JP-1297,072-276-4901,af_fukaisf289_info@anytimefitness.jp,堺市 (深井駅前店)
3191,1.36029,103.88814,"JForte Sportainment Centre Level 2 50 Hougang Ave 1, Singapore 538885",,Singapore,North East,SG,,SG-0044,+65 6280 8800,kovan@anytimefitness.sg,Kovan
3192,51.15059,0.87505,25 New Street,,Ashford,South East,GB,TN24 8TN,UK-0028,01233 802471,ashford@anytimefitness.co.uk,Ashford
3193,41.10052,-85.05699,6520 E State Blvd,,Fort Wayne,Indiana,US,46815,4337,(260) 240-2400,FortWayneIN2@anytimefitness.com,Fort Wayne
3194,41.06407,-80.36032,3443 Wilmington Rd,,New Castle,Pennsylvania,US,16105,2098,(724) 654-2470,NewCastlePA@anytimefitness.com,New Castle
3195,32.75452,-97.71286,200 S Oakridge Dr,,Hudson Oaks,Texas,US,76087,2358,(817) 594-3432,HudsonOaksTX@anytimefitness.com,Hudson Oaks
3196,41.828989,-72.902207,250 Albany Turnpike,,Canton,Connecticut,US,06019,4156,860-352-2074,cantonct@anytimefitness.com,Canton
3197,35.55325,139.50578,青葉区若草台17-1 サンドラッグ若草台店 2F,,横浜市,神奈川県,JP,〒227-0045,JP-2942,045-511-7935,af_wakakusadai1153_info@anytimefitness.jp,横浜市 (若草台店)
3198,51.96525,4.57176,Griendwerkerstraat 7 -13,,Rotterdam-Zevenkamp,Zuid-Holland,NL,3068 GZ,NL-1213,+31 (0) 10 8 46 62 80,rotterdam-zevenkamp@anytimefitness.nl,Rotterdam-Zevenkamp
3199,39.60273,-87.68848,512 E Jasper St,,Paris,Illinois,US,61944,4081,(217) 921-3223,ParisIL@anytimefitness.com,Paris
3200,49.025195,-123.067322,1212C 56 St,,Delta,British Columbia,CA,V4L 2A4,4970,604-943-0020,DeltaBC3@anytimefitness.ca,Delta
3201,28.60859,77.08262,"1st Floor, RZ 84, KH NI 26, 11",,New Delhi,Delhi,IN,110045,IN-1129,+91 7011533184,dabri.delhi@anytimefitness.in,"New Delhi, Dabri"
3202,51.89201,5.89861,Markt 47,,Bemmel,Gelderland,NL,6681 AG,NL-1178,+31 481 200 000,bemmel@anytimefitness.nl,Bemmel
3203,21.49218,-104.86354,"Boulevard Luis Donaldo Colosio, número 812",,Tepic,Nayarit,MX,63175,MX-1083,3111386723,plazaubika.nay@anytimefitness.com.mx,Tepic (Plaza Ubika)
3204,28.58993,77.43584,"Unit No. 3, 4 & IT, A04, Lower Ground Floor",,Noida,Uttar Pradesh,IN,201301,IN-1177,"+91 9773501123, +91 9773501124",goldeni.greaternoida@anytimefitness.in,"Greater Noida, Golden I"
3205,46.82106,-71.33187,5150 Bd de l'Ormière,,Ville de Québec,Quebec,CA,G1P 4B2,9900038,(418) 877-8181,quebec2@anytimefitness.quebec,Ville de Québec
3206,30.5317509,-87.2735903,"3 W. Nine Mile Rd, Ste 8",,Pensacola,Florida,US,32534,3202,(850) 497-6644,PensacolaFL3@anytimefitness.com,Pensacola
3207,-33.70278,151.09692,185 Peats Ferry Road,,Hornsby,New South Wales,AU,2077,AU-1184,02 9476 1285,hornsby@anytimefitness.com.au,Hornsby
3208,39.57979,2.65258,"Calle 31 de Diciembre, 28",,Palma de Mallorca,Islas Baleares,ES,07004,SP-0047,683288133,mallorca@anytimefitness.es,Palma de Mallorca
3209,38.29398,-122.46863,500 W Napa St,,Sonoma,California,US,95476,3009,(707) 938-7238,SonomaCA@anytimefitness.com,Sonoma
3210,40.11243,-75.32513,1000 Sandy Street,,Norristown,Pennsylvania,US,19401,2865,(610) 239-9500,PlymouthMeetingPA@anytimefitness.com,Norristown (Plymouth Meeting)
3211,32.35028,-110.97702,7937 N Oracle Rd,,Tucson,Arizona,US,85704,2779,(520) 622-2514,TucsonAZ3@anytimefitness.com,Tucson (Oracle Rd)
3212,1.54467,103.71238,"01-10 & 11, No. 10, Jalan Setia Tropika 1/21",,Setia Tropika,Johor,MY,,MY-0044,,SetiaTropika@anytimefitness.my,Setia Tropika (CS24 Sdn Bhd 1310896-D)
3213,39.29259,141.11105,柳原町1‐4‐10 2F,,北上市,岩手県,JP,〒024-0083,JP-1699,0197-62-3890,af_kitakami687_info@anytimefitness.jp,北上市 (北上店)
3214,35.46955,139.63042,神奈川区栄町8-4 B1F,,横浜市,神奈川県,JP,〒221-0052,JP-2606,045-565-9172,af_yokohamaps842_info@anytimefitness.jp,Yokohama Shi (横浜ポートサイド店)
3215,55.749774,-120.221034,11000 8th St,,Dawson Creek,British Columbia,CA,V1G 3L8,4816,888 261 8758,DawsonCreekBC@anytimefitness.ca,Dawson Creek
3216,46.70987,-92.45769,910 SR-33 S,,Cloquet,Minnesota,US,55720,896,(218) 879-6220,CloquetMN@anytimefitness.com,Cloquet
3217,19.17574,-96.13472,"Av. Salvador Díaz Miron #1984, esq. Alvarado",,Veracruz,Veracruz,MX,91918,MX-1084,2293316528,diazmiron.ver@anytimefitness.com.mx,Díaz Miron (Díaz Miron)
3218,,,,,Hospitalet de Llobregat,Catalonia,ES,08000,SP-0114,,,Hospitalet de Llobregat
3219,42.30521,-83.69476,3393 Plymouth Rd,,Ann Arbor,Michigan,US,48105,1472,(734) 418-3338,AnnArborMI2@anytimefitness.com,Ann Arbor (Plymouth Rd)
3220,45.53014,-73.62009,7077 Ave du Parc,,Montreal,Quebec,CA,H3N 1X7,9900023,514 903 7077,parc_ave@anytimefitness.quebec,Montreal
3221,35.6279,139.63606,用賀3-13-7　ゼネラルアコード 2F,,世田谷区,東京都,JP,〒158-0097,JP-1142,03-6411-7375,afyoga137_info@anytimefitness.jp,世田谷区 (用賀店)
3222,41.66843216,-91.48176117,613 Eastbury Drive,,Iowa City,Iowa,US,52245,1059,(319) 338-2447,IowaCityIA@anytimefitness.com,Iowa City (Eastbury Dr)
3223,34.01502,130.94977,石原305 2F,,下関市,山口県,JP,〒751-0886,JP-1663,083-227-2455,af_shinshimonoseki652_info@anytimefitness.jp,下関市 (コスパ新下関店)
3224,42.03309,-91.60472,501 7th Ave,,Marion,Iowa,US,52302,1283,(319) 373-2747,marionIA@anytimefitness.com,Marion
3225,-27.5249,153.25515,33 Shore Street West,,Cleveland,Queensland,AU,4163,AU-1333,0417 161 726,cleveland@anytimefitness.com.au,Cleveland
3226,10.78899,106.6928,"80 Vo Thi Sau Street,  Tan Dinh Ward",,Saigon,Ho Chi Minh City(Saigon),VN,,VN-0006,,VoThiSau@anytimefitness.vn,Vo Thi Sau
3227,20.88736,-156.49206,54 Maui Lani Pkwy,,Wailuku,Hawaii,US,96793,3829,808-244-2348,WailukuHI@anytimefitness.com,Wailuku
3228,45.51805,-73.58027,4117 Blvd - St. Laurent.,,Montreal,Quebec,CA,H2W 1Y7,3397,514 507 4141,plateaumontroyal@anytimefitness.quebec,Montreal
3229,45.49417,-73.55879,225 Rue Peel,,Montreal,Quebec,CA,H3C 2G6,9900031,514 866 0261,griffintown@anytimefitness.quebec,Montreal
3230,-34.86072,138.58302,Churchill Centre,,Prospect,South Australia,AU,5082,AU-1199,08 8262 9073,prospect@anytimefitness.com.au,Prospect
3231,34.16366,131.46558,松美町27-3,,山口市,山口県,JP,〒753-0053,JP-3040,,af_yamaguchimatsumi1250_info@anytimefitness.jp,山口市 (山口松美町店)
3232,32.72199,-97.15117,2701 W Park Row Dr,,Arlington,Texas,US,76013,3519,(817) 795-1626,PantegoTX@anytimefitness.com,Arlington
3233,40.15339,-89.35899,716 N. Logan St,,Lincoln,Illinois,US,62656,2722,(217) 732-1155,LincolnIL@anytimefitness.com,Lincoln
3234,52.91219,-0.64397,91-92 Westgate,,Grantham,East Midlands,GB,NG31 6LE,UK-0197,01476500247,grantham@anytimefitness.co.uk,Grantham
3235,45.51011,-73.62477,2869 Van horne Ave,,Montreal,Quebec,CA,H3S 1P7,9900014,514 344 3003,Wildertonqc@anytimefitness.quebec,Montreal
3236,35.79106,139.9729,松飛台43 1F,,松戸市,千葉県,JP,〒270-2214,JP-2874,047-393-8305,af_matsuhidai1085_info@anytimefitness.jp,松戸市 (松戸松飛台店)
3237,32.77873,-91.8926,1812 E Madison Ave,,Bastrop,Louisiana,US,71220,2938,(318) 281-4118,BastropLA@anytimefitness.com,Bastrop
3238,45.49742,-73.62491,5700 Chem. de la Côte-des-Neiges,,Montreal,Quebec,CA,H3T 2A8,9900085,514 340 0000,cotedesneiges@anytimefitness.quebec,Montreal
3239,-39.54727,176.83927,230 Gloucester Street,,Taradale,Hawkes Bay,NZ,4112,NZ-1055,06 211 7993,taradale@anytimefitness.co.nz,Taradale
3240,-33.71785,150.95468,Shop C1 Severn Vale Drive and Memorial Ave,,Kellyville,New South Wales,AU,2155,AU-1673,0404047207,kellyville@anytimefitness.com.au,Kellyville
3241,46.82536,-92.19096,4865 Miller Trunk Hwy,,Hermantown,Minnesota,US,55811,47,(218) 722-5930,HermantownMN@anytimefitness.com,Hermantown
3242,42.94472,-83.66326,2241 E Hill Rd,,Grand Blanc,Michigan,US,48439,3471,(810) 694-7800,GrandBlancMI2@anytimefitness.com,Grand Blanc (E. Hill Road)
3243,49.10649,-121.96251,5725 Vedder Rd,,Chilliwack,British Columbia,CA,V2R 3N4,2398,604 846 2447,ChilliwackBC@anytimefitness.ca,Chilliwack
3244,-37.72195,144.57284,179-253 Exford Road,,Weir Views,Victoria,AU,3338,AU-1642,0448909989,weirviews@anytimefitness.com.au,Weir Views
3245,47.40305,-92.94236,3923 1st Ave.,,Hibbing,Minnesota,US,55746,42,(218) 263-8200,Hibbing@anytimefitness.com,Hibbing
3246,51.34544,-2.97869,Unit 3 Central Walk,,Weston-Super-Mare,South West,GB,BS23 1FF,UK-0295,01934 440400,westonsupermare@anytimefitness.co.uk,Weston-Super-Mare
3247,-6.21911,106.814,"Jl. Jenderal Sudirman No.Kav. 54 - 55, Senayan, Kec. Kby. Baru, Kota Jakarta Selatan",,Daerah Khusus Ibukota,Jakarta,ID,12190,ID-0048,,SenayanMenaraMandiri@anytimefitness.id,Senayan Menara Mandiri
3248,-34.29763,146.04544,2/86 Willandra Avenue,,Griffith,New South Wales,AU,2680,AU-1338,02 6962 4222,griffith@anytimefitness.com.au,Griffith
3249,35.77171,139.54431,上の原2-3-18 アクロスプラザ東久留米 1F,,東久留米市,東京都,JP,〒203-0001,JP-1361,042-420-6501,af_higashikurume359_info@anytimefitness.jp,東久留米市 (東久留米店)
3250,51.153237,-114.030517,#190 - 11120 11 St NE,,Calgary ,Alberta,CA,T4K 2R5,3301,403-693-5511,CalgaryAB24@anytimefitness.ca,Calgary  (District)
3251,49.1057,-122.7408,102-17392 57th Ave,,Surrey,British Columbia,CA,V3S 4A2,5074,236 456 1098,SurreyBC10@anytimefitness.ca,Surrey
3252,26.55609,-81.90735,9211 College Pkwy,,Fort Myers,Florida,US,33919,1583,(239) 481-2237,FortMyersFL2@anytimefitness.com,Fort Myers
3253,35.63365,139.5785,元和泉1-1-2 イトーピア狛江ECORMA2 2F,,狛江市,東京都,JP,〒201-0013,JP-3006,03-5761-5325,af_komae1217_info@anytimefitness.jp,狛江市 (狛江店)
3254,32.2583,-92.72254,914 Pershing Hwy,,Jonesboro,Louisiana,US,71251,2844,318-395-1067,JonesboroLA@anytimefitness.com,Jonesboro
3255,22.3215,114.18809,"G/F & M/F, Tam Kung Mansion, 53 Tam Kung Road",,To Kwa Wan,KOWLOON,HK,,HK-0009,+852 6113 6320,ToKwaWan@anytimefitness.hk,To Kwa Wan
3256,35.89656,139.34313,鹿山247-6 1-2F,,日高市,埼玉県,JP,〒350-1231,JP-2639,042-978-8535,af_komagawa875_info@anytimefitness.jp,日高市 (高麗川店)
3257,30.67956,76.72218,"SCO No. 42, 43, 44 & 45",,Mohali,Punjab,IN,160062,IN-1119,+91 7696311148,districtone.mohali@anytimefitness.in,"Mohali, District One, Punjab"
3258,35.66006,-101.40433,1315 W. Wilson St.,,Borger,Texas,US,79007,2713,(806) 275-9019,BorgerTX@anytimefitness.com,Borger
3259,35.68235,139.68479,本町1-51-14　SHOWN HATSUDAI 2F,,渋谷区,東京都,JP,〒151-0071,JP-1012,03-5354-8121,afhatsudai12_info@anytimefitness.jp,渋谷区 (渋谷初台店)
3260,35.85258,139.33049,緑町7-1 1-2F,,飯能市,埼玉県,JP,〒357-0024,JP-1736,042-978-6066,af_hanno724_info@anytimefitness.jp,飯能市 (飯能店)
3261,37.99145,-122.30655,1477 Fitzgerald Dr,,Pinole,California,US,94564,4222,(510) 222-5646,PinoleCA@anytimefitness.com,Pinole
3262,40.91782,-75.42264,1421 US-209,,Brodheadsville,Pennsylvania,US,18322,3747,(610) 951-4225,BrodheadsvillePA@anytimefitness.com,Brodheadsville
3263,42.87218,-88.31978,937 Greenridge Ct,,Mukwonago,Wisconsin,US,53149,4605,262-378-3169,MukwonagoWI@anytimefitness.com,Mukwonago
3264,45.87647,-93.28105,901 Forest Ave E,,Mora,Minnesota,US,55051-1617,1572,(320) 679-6970,MoraMN@anytimefitness.com,Mora
3265,37.78584,139.11618,秋葉区程島1865-1 1F,,新潟市,新潟県,JP,〒956-0035,JP-1567,0250-47-7091,af_niitsu558_info@anytimefitness.jp,新潟市 (新津店)
3266,-27.60693,153.01058,201 Gooderham Road,,Pallara,Queensland,AU,4110,AU-1720,0477513193,pallara@anytimefitness.com.au,Pallara
3267,31.488953,-97.12179,635 N Robinson Dr,,Robinson,Texas,US,76706,5469,254-327-1900,RobinsonTX@anytimefitness.com,Robinson
3268,53.555581,-113.292111,3880 Sherwood Dr,,Sherwood Park,Alberta,CA,T8H 0A8,4084,780.570.3880,SherwoodParkAB@anytimefitness.ca,Sherwood Park
3269,32.59043,131.65685,岡富町178 1F,,延岡市,宮崎県,JP,〒882-0056,JP-1730,098-220-2751,af_nobeokaokatomi718_info@anytimefitness.jp,延岡市 (延岡岡富町店)
3270,41.44677,-91.02861,1903 Park Ave,,Muscatine,Iowa,US,52761,1060,(563) 263-3488,MuscatineIA@anytimefitness.com,Muscatine
3271,51.48546,-0.1822,222-224 Fulham Road,,London,Greater London,GB,SW10 9NB,UK-0047,020 3745 5066,chelsea@anytimefitness.co.uk,London (Chelsea)
3272,-38.2355,145.06165,36 Milgate Drive,,Mornington,Victoria,AU,3931,AU-1710,0451 287 583,mornington@anytimefitness.com.au,Mornington
3273,-27.51507,153.20336,296 Old Cleveland rd east,,Capalaba,Queensland,AU,4157,AU-1741,0477630053,capalaba@anytimefitness.com.au,Capalaba
3274,1.31461,103.88824,653 Geylang Rd.,,Geylang,South East,SG,389583,SG-0024,+65 8809 7170,Geylang@anytimefitness.sg,Geylang
3275,-38.21969,145.03865,"Level 1, 105/107 Main Street",,Mornington,Victoria,AU,3931,AU-1304,0451 328 090,mainstreetmornington@anytimefitness.com.au,Mornington Main Street
3276,28.55865,77.1986,"Basement & Ground Floor,",,New Delhi,Delhi,IN,110029,IN-1113,+917800200228,safdarjung.delhi@anytimefitness.in,"New Delhi, Safdarjung Enclave"
3277,-38.22454,144.33717,458-498 Torquay Road,,Armstrong Creek,Victoria,AU,3217,AU-1635,0448 880 214,armstrongcreek@anytimefitness.com.au,Armstrong Creek
3278,42.90383,-88.15312,7759 Racine Ave,,Muskego,Wisconsin,US,53150,4617,(414) 240-8150,MuskegoWI@anytimefitness.com,Muskego
3279,42.49925,-83.41977,37592 W 12 Mile Rd,,Farmington Hills,Michigan,US,48331,2970,(248) 553-1912,FarmHills@anytimefitness.com,Farmington Hills (12 mile)
3280,44.29863,-96.76979,720 22nd Ave S,,Brookings,South Dakota,US,57006,2825,(605) 692-2200,BrookingsSD@anytimefitness.com,Brookings
3281,35.66919,139.75004,虎ノ門1-12-1,,港区,東京都,JP,〒105ｰ0001,JP-3074,,af_toranomonekimae1309_info@anytimefitness.jp,港区 (虎ノ門駅前)
3282,-37.79972,145.04984,599 High Street,,Kew,Victoria,AU,3101,AU-1425,03 9859 4444,kew@anytimefitness.com.au,Kew
3283,37.48564,139.92128,南花畑3-32 1F,,会津若松市,福島県,JP,〒965-0874,JP-1632,0242-93-7680,af_aizuwakamatsu621_info@anytimefitness.jp,会津若松市 (会津若松店)
3284,-6.15968,106.85223,"Jalan Casa No. 170 RT-13/RW 6, Kebon Kosong, Kemayoran",,Citra Towers Kemayoran,Jakarta,ID,,ID-0005,,CitraTowersKemayoran@anytimefitness.id,"Citra Towers, Kemayoran"
3285,31.326224,-95.437142,1023 E Loop 304,,Crockett,Texas,US,75835,4966,936-243-4500,CrockettTX@anytimefitness.com,Crockett
3286,34.49606,135.42607,北豊中町2-18-23 1F,,泉大津市,大阪府,JP,〒595-0012,JP-1607,0725-99-8026,af_kitatoyonakacho598_info@anytimefitness.jp,泉大津市 (泉大津北豊中町店)
3287,-34.0151,151.06018,Lot 6/40-42 Railway Cres,,Jannali,New South Wales,AU,2226,AU-1783,,,Jannali
3288,38.23698,140.30722,南館5-4-23 1F,,山形市,山形県,JP,〒990-2461,JP-1643,023-664-1070,af_minamidate632_info@anytimefitness.jp,山形市 (山形南館店)
3289,39.222314,-94.757218,15279 Brink Meyers Rd,,Parkville,Missouri,US,64152,5031,(816) 710-2800,ParkvilleMO@anytimefitness.com,Parkville
3290,51.08232,-4.06177,"Unit 3, Northgate House",,Barnstaple,South West,GB,EX31 1TP,UK-0277,01271 533420,barnstaple@anytimefitness.co.uk,Barnstaple
3291,-34.95028,138.60555,14 Arthur Street,,Unley,South Australia,AU,5061,AU-1201,08 8271 4144,unley@anytimefitness.com.au,Unley
3292,45.53507,9.28603,Via Treviso 5a/5b,,Cologno Monzese,Milano,IT,20093,IT-0014,+390225410636,colognomonzese@anytimefitness.it,Cologno Monzese
3293,30.32041,-92.03958,115 Derek Plaza Dr,,Carencro,Louisiana,US,70520,1741,(337) 565-2626,CarencroLA@anytimefitness.com,Carencro
3294,46.79552,-100.79354,141 Ivy Ave,,Bismarck,North Dakota,US,58504,423,(701) 258-6532,SouthBismarck@anytimefitness.com,Bismarck (Ivy Ave)
3295,48.94046,-122.4699,111 North 17th St,,Lynden,Washington,US,98264,3107,(360) 543-8200,LyndenWA2@anytimefitness.com,Lynden
3296,26.27031,127.76922,愛知1-2-6,,宜野湾市,沖縄県,JP,〒901-2206,JP-3061,,af_ginowanaichi1271_info@anytimefitness.jp,宜野湾市 (宜野湾愛知店)
3297,40.54871,-84.56846,228 E Market St,,Celina,Ohio,US,45822,3755,(567) 876-1399,CelinaOH@anytimefitness.com,Celina
3298,30.14102,-92.06208,3524 Kaliste Saloom Rd,,Lafayette,Louisiana,US,70508,2386,(337) 988-9348,SouthLafayetteLA@anytimefitness.com,Lafayette (Kaliste Saloom)
3299,1.3145,103.77017,"Blk 354, Clementi Ave 2, #01-183, Singapore 120354",,Clementi,North East,SG,120354,SG-0031,+65 8026 8235,Clementi354@anytimefitness.sg,Clementi 354
3300,32.80151,130.72748,中央区新大江1-1-1　 2-3F,,熊本市,熊本県,JP,〒862-0972,JP-1207,096-273-6532,afshinoe203_info@anytimefitness.jp,熊本市 (新大江店)
3301,48.85629,-122.58933,5905 Portal Way,,Ferndale,Washington,US,98248,3458,(360) 393-3779,FerndaleWA@anytimefitness.com,Ferndale
3302,42.07973,-88.01984,3256 Kirchoff Road,,Rolling Meadows,Illinois,US,60008,4427,(847) 957-1496,RollingMeadowsIL@anytimefitness.com,Rolling Meadows
3303,7.09159,125.61166,"2F Abreeza Mall, JP Laurel Ave.",,Davao,Davao del Sur,PH,8000,PH-0013,0995-483-4901,abreeza@anytimefitness.ph,Abreeza Mall
3304,37.40033,-89.66033,2451 N High St,,Jackson,Missouri,US,63755,3651,(573) 204-0445,JacksonMO@anytimefitness.com,Jackson
3305,43.13446,-88.23096,N64 W24350 Main St,,Sussex,Wisconsin,US,53089,2714,(262) 246-8000,SussexWI2@anytimefitness.com,Sussex
3306,-37.81734,144.96245,Lower Ground Floor 367 Collins Street,,Melbourne CBD - Collins St,Victoria,AU,3000,AU-1451,03 9629 3194,melbournecbd2@anytimefitness.com.au,Melbourne CBD - Collins St
3307,28.56853,77.21818,"D-14, 2nd Floor",,South Ex-2,Delhi,IN,110049,IN-1056,+919654585585,southex2.delhi@anytimefitness.in,"New Delhi, South Ex-2"
3308,34.02611,-84.25,9945 Jones Bridge Rd,,Johns Creek,Georgia,US,30022,3839,678-713-8373 ,JohnsCreekGA@anytimefitness.com,Johns Creek
3309,35.57126,-100.96694,211 W. 30th Ave.,,Pampa,Texas,US,79065,2251,(806) 665-3333,PampaTX@anytimefitness.com,Pampa
3310,23.03967,72.52971,"A-205, Amrapali Lake view Tower, Opp. Hyatt International & Alpha Mall,Vastrapur Lake, Vastrapur",,Ahmedabad,Gujarat,IN,380015,IN-1015,+919979978249,vastrapur.ahmedabad@anytimefitness.in,"Ahmedabad, Vastrapur"
3311,36.44788,139.98708,上高間木1-28-2 1F,,真岡市,栃木県,JP,〒321-4337,JP-1562,0285-81-7792,af_moka554_info@anytimefitness.jp,真岡市 (真岡店)
3312,29.72166,-98.14665,2351 Loop 337,,New Braunfels,Texas,US,78130,37,(830) 625-5402,NewBraunfelsTX@anytimefitness.com,New Braunfels
3313,42.19289,-71.19771,111 Lenox St,,Norwood,Massachusetts,US,02062,4007,(781) 667-3191,NorwoodMA@anytimefitness.com,Norwood
3314,35.74109,139.77918,荒川6-2-6,,荒川区,東京都,JP,〒116-0002,JP-2997,03-6240-8651,af_machiyaekimae1208_info@anytimefitness.jp,町屋駅前 (町屋駅前店)
3315,32.8240632,-116.9038246,13465 Camino Canada,,El Cajon,California,US,92021,4740,619.956.9555,ElCajonCA2@anytimefitness.com,El Cajon
3316,52.3294,-0.18358,44 High Street,,Huntingdon,East of England,GB,PE29 3PR,UK-0165,01480 260247,huntingdon@anytimefitness.co.uk,Huntingdon
3317,35.95365,139.38323,花影町25-19 1-2F,,坂戸市,埼玉県,JP,〒350-0236,JP-2702,049-292-1672,af_asabano938_info@anytimefitness.jp,坂戸市 (坂戸浅羽野店)
3318,36.16739,-94.1132,1602 E Robinson Ave,,Springdale,Arkansas,US,72764,2845,(479) 841-9752,SpringdaleAR2@anytimefitness.com,Springdale (Old Missouri)
3319,42.27464,-89.63424,1862 S West Ave,,Freeport,Illinois,US,61032,2225,(815) 233-4334,FreeportIL@anytimefitness.com,Freeport
3320,28.63095,77.4343,"Unit No. 601, 602, 603, 604, 605, 6th Floor",,Ghaziabad,Uttar Pradesh,IN,201016,IN-1147,"+91 9654787630, +91 9654787664",crossingrepublik.ghaziabad@anytimefitness.in,"Ghaziabad, Crossings Republik"
3321,40.4811,-78.0133,7495 Huntingdon Plaza,,Huntingdon,Pennsylvania,US,16652,3207,814-506-1320,HuntingdonPA@anytimefitness.com,Huntingdon
3322,32.64768,-92.05607,8950 Hwy. 165 N.,,Sterlington,Louisiana,US,71280,1870,(318) 387-7233,SterlingtonLA@anytimefitness.com,Sterlington (Hwy 165 N)
3323,40.81044,-82.94873,199 S Stetzer Rd,,Bucyrus,Ohio,US,44820,4317,(419) 689-5298,BucyrusOH@anytimefitness.com,Bucyrus
3324,35.77443,139.50624,野塩4-64-1-201 AQUAビル清瀬 2F,,清瀬市,東京都,JP,〒204-0004,JP-1442,042-497-1045,af_kiyose431_info@anytimefitness.jp,清瀬市 (清瀬店)
3325,30.70669,-95.5478,2414 Sam Houston Ave,,Huntsville,Texas,US,77340,4190,936-755-8108,HuntsvilleTX@anytimefitness.com,Huntsville
3326,38.812161,-94.264212,2001 N 7 Hwy,,Pleasant Hill,Missouri,US,64080,2857,(816) 540-2012,PleasantHillMO@anytimefitness.com,Pleasant Hill
3327,35.77015,139.87104,東金町1-43-1 常総金町ビル 3F,,葛飾区,東京都,JP,〒125-0041,JP-2888,03-5672-9706,af_kanamachist1099_info@anytimefitness.jp,葛飾区 (金町駅前店)
3328,-37.7503,144.77656,"Shop M004A, Brimbank Shopping Centre",,Deer Park,Victoria,AU,3023,AU-1614,0416652655,deerpark@anytimefitness.com.au,Deer Park
3329,-33.82255,150.92796,Level 1 30 Watkin Tench Parade,,Pemulwuy,New South Wales,AU,2145,AU-1352,02 9636 3113,pemulwuy@anytimefitness.com.au,Pemulwuy
3330,35.65753,-105.96101,720 St. Michael's Dr.,,Santa Fe,New Mexico,US,87505,1076,(505) 424-0500,SantaFeNM@anytimefitness.com,Santa Fe (St Michael's)
3331,29.55154,-81.22243,260 Cypress Edge Dr.,,Palm Coast,Florida,US,32164,1809,(386) 445-4945,PalmCoastFL@anytimefitness.com,Palm Coast
3332,35.7492,139.697,大山町50-2 B1-2F,,板橋区,東京都,JP,〒173-0023,JP-2726,03-5926-5075,af_hroyama961_info@anytimefitness.jp,板橋区 (ハッピーロード大山店)
3333,39.03111,-77.08472,4265 Howard Ave,,Kensington,Maryland,US,20895,1960,(240) 242-3053,KensingtonMD@anytimefitness.com,Kensington
3334,35.65787,139.53195,上石原1-48-1　ドリームコート西調布 2-3F,,調布市,東京都,JP,〒182-0035,JP-1155,042-444-5807,afnishichofu149_info@anytimefitness.jp,調布市 (西調布店)
3335,40.701037,-79.934524,5021 Adair Avenue,,Valencia,Pennsylvania,US,16059,4929,(724) 903-0005,ValenciaPA@anytimefitness.com,Valencia
3336,28.569731,-82.559889,9573 Commercial Way (US-19),,Weeki Wachee,Florida,US,34613,4799,(352) 293-3844,WeekiWachee@anytimefitness.com,Weeki Wachee
3337,48.23649,-122.32728,7104 265th St NW,,Stanwood,Washington,US,98292,5058,360-939-9593,StanwoodWA@anytimefitness.com,Stanwood
3338,33.25127,130.30697,水ヶ江2-2-4 1-2F,,佐賀市,佐賀県,JP,〒840-0054,JP-1383,0952-37-8480,af_katatae371_info@anytimefitness.jp,佐賀市 (佐賀片田江店)
3339,44.82041,-91.47238,2625 Birch St,,Eau Claire,Wisconsin,US,54703,1132,(715) 831-6200,EauClaireWI2@anytimefitness.com,Eau Claire (Birch St)
3340,14.60364,121.01877,"Gregorio Araneta Ave, San Juan, Metro Manila, Manila, Philippines",,Sta. Mesa,Metro Manila,PH,,PH-0111,+639560978011,SantaMesa@anytimefitness.ph,SM City Sta. Mesa
3341,19.29268,-99.11689,Calzada Tenorios  número 281,,Ciudad de México,Ciudad de Mexico,MX,14308,MX-1100,,coapa.cdmx@anytimefitness.com.mx,Ciudad de México (Coapa)
3342,14.55786,120.98899,2F Radiance Manila Bay Roxas Boulevard Manila,,Manila,Metro Manila,PH,,PH-0121,0905-485-0791,AFRoxasBoulevard@anytimefitness.ph,Radiance Manila Bay
3343,38.501676,-122.750693,620 Larkfield Center,,Santa Rosa,California,US,95403,2380,(707) 578-4900,SantaRosaCA3@anytimefitness.com,Santa Rosa (Larkfield)
3344,38.897382,-94.836919,1473 E 151st St,,Olathe,Kansas,US,66062,4211,(913) 971-4060,OlatheKS@anytimefitness.com,Olathe
3345,35.05177,135.7853,左京区松ヶ崎小脇町10-4 2F,,京都市,京都府,JP,〒606-0957,JP-2512,075-708-3870,af_kitayama747_info@anytimefitness.jp,京都市 (北山店)
3346,3.11383,101.66275,"Unit 1-02(i), Lot L1-02 (ii), Pusat Beli Belah KL Gateway, No. 2, Jalan Kerinchi",,Bangsar South,Kuala Lumpur,MY,59200,MY-0018,014-321 4627,Bangsar.South@anytimefitness.my,Bangsar South (KL Gateway)
3347,35.62341,139.71848,西五反田7-18-3　 1-3F,,品川区,東京都,JP,〒141-0031,JP-1157,03-6421-7217,afgotanda105_info@anytimefitness.jp,品川区 (五反田店)
3348,44.81901,-93.04222,9070 Buchanan Trl,,Inver Grove Heights,Minnesota,US,55076,489,(651) 455-8100,InverGroveHeights@anytimefitness.com,Inver Grove Heights
3349,41.54412,2.44068,Cami de la Geganta 7,,Mataró Barcelona,Catalonia,ES,08302,SP-0089,626010587,mataro@anytimefitness.es,Mataró (Barcelona)
3350,-33.88117,151.20965,87-89 Foveaux Street,,Surry Hills,New South Wales,AU,2010,AU-1099,0466 409 760,surryhills@anytimefitness.com.au,Surry Hills
3351,42.75643,-83.48292,9685 Dixie Hwy,,Clarkston,Michigan,US,48348,2695,(248) 625-3002,ClarkstonMI@anytimefitness.com,Clarkston (Dixie Hwy)
3352,3.20201,101.68938,"UNIT NO A2-17, A2-19 & A2-20, 2ND FLOOR, PUNCAK SENTUL, NO. 8, JALAN SENTUL PERDANA",,Sentul Point,Kuala Lumpur,MY,51000,MY-0050,+6012-200 0237,SentulPoint@anytimefitness.my,Sentul Point
3353,43.78082,11.26051,Via Cavour 86,,Firenze,Firenze,IT,50121,IT-0048,351 8666923,firenzecavour@anytimefitness.it,Firenze (Cavour)
3354,22.37528,113.9631,"Shop No. R318A, Butterfly Plaza, 1 Wu Chui Road",,Tuen Mun,NEW TERRITORIES,HK,,HK-0025,+852 6121 1522,Butterfly@anytimefitness.hk,Butterfly
3355,39.66478,-86.19811,2222 W Southport Rd,,Southport,Indiana,US,46217,1412,(317) 885-8385,SouthportIN@anytimefitness.com,Southport
3356,48.946203,-57.91673,44 Maple Valley Rd,,Corner Brook,Newfoundland and Labrador,CA,A2H 6L8,5033,888 261 8758,CornerBrookNL@anytimefitness.ca,Corner Brook
3357,43.63414,-116.39312,80 E Ustick Rd,,Meridian,Idaho,US,83646,437,(208) 884-3338,MeridianID@anytimefitness.com,Meridian
3358,-27.82984,153.02776,Shop C1002 111-115 Brisbane Street,,Jimboomba,Queensland,AU,4280,AU-1726,0423335922,jimboomba@anytimefitness.com.au,Jimboomba
3359,42.53401,-89.01311,2240 Prairie Ave,,Beloit,Wisconsin,US,53511,830,(608) 363-9999,BeloitWI@anytimefitness.com,Beloit
3360,43.02623,-91.12627,40 Riverside Square,,Prairie du Chien,Wisconsin,US,53821,3924,(608) 326-1550,PrairieduChienWI@anytimefitness.com,Prairie du Chien
3361,35.51015,140.10131,更級4-2-1 2F,,市原市,千葉県,JP,〒290-0050,JP-1717,0436-63-3602,af_ichiharasarashina705_info@anytimefitness.jp,市原市 (アクロスプラザ市原更級店)
3362,37.878602,-122.1821409,2 Orinda Theatre Square,,Orinda,California,US,94563,4625,(925) 542-0342,OrindaCA@anytimefitness.com,Orinda
3363,40.07509,-80.87112,50843 Valley Plz. Dr.,,St. Clairsville,Ohio,US,43950,3213,(740) 699-2900,StClairsvilleOH@anytimefitness.com,St. Clairsville
3364,49.85744,-97.28349,4910 Roblin Blvd,,Winnipeg,Manitoba,CA,R3R 0G7,4111,431 999 3359,Charleswood@anytimefitness.ca,Winnipeg
3365,41.02814,-84.04306,820 N Locust St,,Ottawa,Ohio,US,45875,4468,(419) 796-8583,OttawaOH@anytimefitness.com,Ottawa
3366,-33.80109,150.92668,4C/1 Rowood Road,,Prospect,New South Wales,AU,2148,AU-1280,0286601505,prospect.nsw@anytimefitness.com.au,"Prospect, NSW"
3367,43.09028,-88.47247,1288 Summit Ave,,Oconomowoc,Wisconsin,US,53066,3672,(262) 567-1101,OconomowocWI@anytimefitness.com,Oconomowoc
3368,35.80718,139.84482,大瀬6-1-4 KMビル 3F,,八潮市,埼玉県,JP,〒340-0822,JP-2681,048-934-7094,af_yashio917_info@anytimefitness.jp,八潮市 (八潮店)
3369,38.387202,-81.825255,1445 MacCorkle Ave,,St. Albans,West Virginia,US,25177,3338,(304) 727-4500,StAlbansWV@anytimefitness.com,St. Albans
3370,32.28266,-93.8128,4974 Hwy 3276,,Stonewall,Louisiana,US,71078,2071,(318) 775-5474,StonewallLA@anytimefitness.com,Stonewall
3371,14.59739,121.03959,"3rd Level, G Square Building, Wilson Street",,San Juan,Metro Manila,PH,,PH-0056,02 7270279,Wilson@anytimefitness.ph,Wilson
3372,34.67089,135.60927,菱江5-3-16 2F,,東大阪市,大阪府,JP,〒578-0984,JP-1591,072-943-1904,af_eosakahishie580_info@anytimefitness.jp,東大阪市 (東大阪菱江店)
3373,35.08129,136.60894,大字大仲新田169-1 サンシパーク内 1F,,桑名市,三重県,JP,〒511-0947,JP-2880,0594-82-5260,af_kuwana1091_info@anytimefitness.jp,桑名市 (桑名店)
3374,-42.89498,147.32777,Level 1/19 Magnet Ct,,Sandy Bay,Tasmania,AU,7005,AU-1383,0466 413 153,sandybay@anytimefitness.com.au,Sandy Bay
3375,41.705249,-88.119125,1128 W Boughton Rd,,Bolingbrook ,Illinois,US,60440,5034,630-863-7432,BolingbrookIL@anytimefitness.com,Bolingbrook 
3376,39.97913,-86.12868,110 W Main St,,Carmel,Indiana,US,46032,2155,(317) 564-8171,CarmelIN@anytimefitness.com,Carmel
3377,36.54691,-82.52129,111 Jack White Dr,,Kingsport,Tennessee,US,37660,4303,(423) 398-5103,KingsportTN2@anytimefitness.com,Kingsport
3378,34.74088,135.5179,東淀川区淡路5-1-3,,大阪市,大阪府,JP,〒533-0032,JP-1264,06-6300-7183,af_awaji259_info@anytimefitness.jp,東淀川区 (淡路店)
3379,33.654305,-112.029583,18413 N Cave Creek Rd,,Phoenix,Arizona,US,85032,4699,602-824-9095,PhoenixAZ13@anytimefitness.com,Phoenix (N Cave Creek Rd)
3380,32.37346,-117.06015,Carr. Libre Tij-Ens #300,,Playas de Rosarito,Baja California,MX,22703,MX-1005,(661) 612-4853,rosaritobc@anytimefitness.com.mx,Rosarito (Playas de Rosarito)
3381,32.5233,-92.14801,2419 N 7th St,,West Monroe,Louisiana,US,71291,420,(318) 396-6966,WestMonroeLA2@anytimefitness.com,West Monroe (N 7th St)
3382,39.96704,-75.16525,1640 Fairmount Ave,,Philadelphia,Pennsylvania,US,19130,3899,(267) 519-2554,PhiladelphiaPA2@anytimefitness.com,Philadelphia (Fairmount)
3383,37.44739,138.80906,福山町川原416-1 1F,,長岡市,新潟県,JP,〒940-2122,JP-1536,0258-94-5490,af_nanokamachi522_info@anytimefitness.jp,長岡市 (長岡七日町店)
3384,22.41658,114.22799,"Shop 406, 4/F, Heng On Shopping Centre, Heng On Estate, Ma On Shan",,Shatin,NEW TERRITORIES,HK,,HK-0034,+852 6121 0607,HengOn@anytimefitness.hk,Heng On
3385,43.78464,-88.44833,209 N Macy St,,Fond du Lac,Wisconsin,US,54935,1643,(920) 921-4800,FondDuLacWI@anytimefitness.com,Fond du Lac
3386,-26.77531,153.12468,786 Nicklin Way,,Currimundi,Queensland,AU,4551,AU-1097,0753418120,currimundi@anytimefitness.com.au,Currimundi
3387,51.54527,-0.15438,47 Crogsland Road,,London (Chalk Farm),Greater London,GB,NW1 8QJ,UK-0372,020 3375 6600,chalkfarm@anytimefitness.co.uk,London (Chalk Farm)
3388,37.161551,-93.29184,319N E Battlefield St,,Springfield,Missouri,US,65807,902,(417) 719-4292,SpringfieldMO2@anytimefitness.com,Springfield (Battlefld)
3389,55.78178,-4.17331,Playsport,,"East Kilbride, Glasgow",Scotland,GB,G74 4GT,UK-0351,01355 377500,eastkilbride@anytimefitness.co.uk,East Kilbride
3390,-28.82411,153.32716,Shop 8-11 Goonellabah Shopping Centre,,Goonellabah,New South Wales,AU,2480,AU-1321,02 6624 5678,lismore@anytimefitness.com.au,Lismore
3391,29.39153,76.957,"330, L Model Town Panipat",,panipat,Haryana,IN,132103,IN-1097,"+919999648450, +919999648472",modeltown.panipat@anytimefitness.in,"Panipat, Model Town"
3392,48.24801,-101.29536,1100 N Broadway,,Minot,North Dakota,US,58703,2333,(701) 838-3333,MinotND@anytimefitness.com,Minot (N Broadway)
3393,53.49848,-113.49999,10430 61 Ave NW,,Edmonton,Alberta,CA,T6H 1T2,4086,(780) 250-6100,Allendale@anytimefitness.ca,Edmonton (Allendale)
3394,19.50442,-99.25507,"Avenida Lomas Verdes, número 414, Local 1 Colonia Santiago Occipaco",,Estado de México,Mexico,MX,53250,MX-1158,5572130299,lomasverdes.edo@anytimefitness.com.mx,Estado de México (Lomas Verdes)
3395,39.72129,-90.2515,1241 W Morton Ave,,Jacksonville,Illinois,US,62650,2224,(217) 479-8000,JacksonvilleIL@anytimefitness.com,Jacksonville
3396,40.88184,-111.89345,533 W 750 S,,Bountiful,Utah,US,84010,1177,385-414-2768,BountifulUT@anytimefitness.com,"Bountiful, UT"
3397,41.57412,2.01654,Avda. Josep Tarradellas 2,,Terrassa Barcelona,Catalonia,ES,08225,SP-0033,690114385,terrassa@anytimefitness.es,Terrassa
3398,35.84368,139.88667,三郷1-3-1 3F,,三郷市,埼玉県,JP,〒341-0024,JP-2981,048-954-6451,af_misato1192_info@anytimefitness.jp,三郷市 (三郷店)
3399,,,"Unit L1-02, Mercu 2, Jalan Bangsar, KL Eco City, 59200, Kuala Lumpur, Malaysia",,Kuala Lumpur,Kuala Lumpur,MY,59200,MY-0036,,,Kuala Lumpur
3400,36.29874,139.56649,田島町65-1 1F,,佐野市,栃木県,JP,〒327-0031,JP-1416,0283-86-7444,af_sano407_info@anytimefitness.jp,佐野市 (佐野店)
3401,34.98448,135.75466,西九条北ノ内町42,,京都市南区,京都府,JP,〒601-8411,JP-3060,,af_kyotohachijoguchi1270_info@anytimefitness.jp,京都市 (京都駅八条口店)
3402,1.36028,103.76639,4 Hillview Rise #02-18/19 HillV2,,Singapore,Central Singapore,SG,667979,SG-0048,+65 6266 4426,HillV2@anytimefitness.sg,HillV2
3403,34.16518,-81.35242,1237 Chapin Rd,,Chapin,South Carolina,US,29036,2630,(803) 941-7397,ChapinSC@anytimefitness.com,Chapin
3404,-27.53649,152.99895,"Building 2, Brisbane Markets",,Rocklea,Queensland,AU,4106,AU-1514,0407603903,rocklea@anytimefitness.com.au,Rocklea
3405,39.87209,-85.95498,11915 E Pendleton Pike,,Oaklandon,Indiana,US,46236,1224,(317) 823-0685,OaklandonIN@anytimefitness.com,Oaklandon
3406,51.12294,6.03571,Heerbaan 19,,Posterholt,Limburg,NL,6061 EB,NL-1174,‎+31 475 20 10 33,posterholt@anytimefitness.nl,Posterholt
3407,-37.81853,145.12198,1 Main Street,,Box Hill North,Victoria,AU,3128,AU-1056,0489 075 988,boxhill@anytimefitness.com.au,Box Hill Central
3408,3.07691,101.74247,"G-02, G-03, G-03A, G-05, G-06, RESIDENSI MAJESTIC MAXIM,",,Taman Bukit Cheras,Kuala Lumpur,MY,56000,MY-0054,+6017 - 359 3570,ConnaughtCheras@anytimefitness.my,Connaught Cheras
3409,38.44655,-107.86456,1544 Oxbow Dr,,Montrose,Colorado,US,81401,1002,(970) 249-5557,MontroseCO@anytimefitness.com,Montrose
3410,36.82664,-107.99406,105 W Aztec Blvd,,Aztec,New Mexico,US,87410,2766,(505) 334-9595,AztecNM@anytimefitness.com,Aztec
3411,33.64196,-97.1354,905 E Hwy 82,,Gainesville,Texas,US,76240,2723,(940) 665-6500,GainesvilleTX@anytimefitness.com,Gainesville
3412,3.21194,101.64498,"AEON Mall Metro Prima, 1, Jalan Metro Prima, Taman Kepong, 52100 Kuala Lumpur, Wilayah Persekutuan",,Kepong Baru,Kuala Lumpur,MY,52100,MY-0049,017-206 0430,MetroPrimaKepong@anytimefitness.my,Metro Prima Kepong
3413,13.7401,100.55186,"JLK Tower 129 Sukhumvit Road, (Sukhumvit 7), Khlong Toei Nuea, Watthana, Bangkok 10110",,Watthana,Bangkok,TH,10110,TH-0017,,JLKNana@anytimefitness.co.th,JLK Nana
3414,45.440941,-73.4422,101-8005 Blvd du Quartier,,Brossard,Quebec,CA,J4Y 0N5,9900087,450 486 7275,dix.30@anytimefitness.quebec,Brossard
3415,3.10164,101.59895,"L2-3AK, L2-5K, L2-6K, L2-7K & L2-8K, Level 2, Highpark Suites, Jalan SS 6/2, SS 6, Kelana Jaya",,Highpark Kelana Jaya,Selangor,MY,47301,MY-0025,(+6 012 986 7902),HighparkKelanaJaya@anytimefitness.my,Highpark Kelana Jaya
3416,43.59095,-116.58332,355 Caldwell Blvd,,Nampa,Idaho,US,83686,905,(208) 465-4400,NampaID1@anytimefitness.com,Nampa (Caldwell Blvd)
3417,3.21914,101.67144,"3-28 & 3a-28 ECOSKY, 872 BATU 6 1/2, JALAN IPOH,",,Eco Sky Jalan Kuching,Kuala Lumpur,MY,,MY-0048,017-519 0594,EcoSky@anytimefitness.my,Eco Sky
3418,38.55822,-90.39011,343 Watson Plz,,Crestwood,Missouri,US,63126,2925,(314) 394-1010,CrestwoodMO@anytimefitness.com,Crestwood
3419,14.84447,120.85356,"LHPL Centre Annex 2 Cagayan Valley Road, Sta. Cruz Guiguinto, Bulacan",,Guiginto,Bulacan,PH,,PH-0223,,Guiguinto@anytimefitness.ph,HPL Centre Guiguinto
3420,3.05012,101.67211,"2, Persiaran Jalil 8, Bukit Jalil,",,Wilayah Persekutuan,Kuala Lumpur,MY,,MY-0065,017-319 7883,pavilionbukitjalil@anytimefitness.my,Pavilion Bukit Jalil
3421,36.66728,137.20288,二口5-8-5 2F,,富山市,富山県,JP,〒939-8211,JP-1737,076-482-6229,af_toyamafutakuchi725_info@anytimefitness.jp,富山市 (富山二口店)
3422,34.6478,135.52316,大道5丁目11-25,,大阪市天王寺区,大阪府,JP,〒543-0052,JP-3080,,af_teradachoekimae1315_info@anytimefitness.jp,大阪市 (寺田町駅前)
3423,33.5669,130.4171,南区玉川町6-7　ティファーナ高宮 1-2F,,福岡市,福岡県,JP,〒815-0037,JP-1076,092-408-2298,aftakamiya72_info@anytimefitness.jp,福岡市 (高宮店)
3424,33.62762,-112.06586,15610 N 7th St,,Phoenix,Arizona,US,85022,4228,(602) 795-8088,PhoenixAZ9@anytimefitness.com,Phoenix
3425,39.24446,-94.66143,7000 NW 83rd St,,Kansas City,Missouri,US,64152,2697,(816) 746-6400,KansasCityMO@anytimefitness.com,Kansas City
3426,35.75726,139.65203,早宮2-17-28,,練馬区,東京都,JP,〒179-0085,JP-3079,,af_heiwadai1314_info@anytimefitness.jp,練馬区 (平和台店)
3427,34.36439,132.45811,南区宇品西2-16-51 1F,,広島市,広島県,JP,〒734-0014,JP-2651,082-569-9305,af_ujina887_info@anytimefitness.jp,広島市 (宇品店)
3428,-36.78456,174.77076,138 Hurstmere Road,,Auckland,Auckland,NZ,0622,NZ-1068,027 720 1011,takapuna@anytimefitness.co.nz,"Takapuna, North Shore"
3429,-32.90139,151.6683,29 Tyrrell Street,,Wallsend,New South Wales,AU,2287,AU-1086,0480 120 968,wallsend@anytimefitness.com.au,Wallsend
3430,42.59011,-5.57103,C/ Fernando Becker 5-9,,Leon,Castilla y Leon,ES,Leon,SP-0073,622171939,leon@anytimefitness.es,León
3431,-31.93988,115.99225,Shop 14  120 Wittenoom Road,,High Wycombe,Western Australia,AU,6057,AU-1212,08 9454 6622,highwycombe@anytimefitness.com.au,High Wycombe
3432,51.49802,0.12239,"Unit 7&8 Kestrel Court,",,Abbey Wood,South East,GB,SE2 9FB,UK-0472,020 3336 2376,abbeywood@anytimefitness.co.uk,Abbey Wood
3433,27.76221,-82.39487,6110 Hwy 41 N,,Apollo Beach,Florida,US,33572,498,(813) 641-7171,ApolloBeachFL@anytimefitness.com,Apollo Beach
3434,35.76636,139.8089,足立4-41-27,,足立区,東京都,JP,〒120-0015,JP-3078,,af_gotanno1313_info@anytimefitness.jp,足立区 (五反野店)
3435,-33.7902,150.99825,Unit A1+A2 23-25 Windsor Rd,,Northmead,New South Wales,AU,2152,AU-1731,0434411034,northmead@anytimefitness.com.au,Northmead
3436,42.45661,14.22559,"Via Alessandro Valignani, 35",,Pescara,Pescara,IT,65126,IT-0072,3759012926,pescara@anytimefitness.it,Pescara
3437,-33.8921,151.24761,"Levels 1 & 2, 133-135 Oxford Street",,Bondi Junction,New South Wales,AU,2022,AU-1124,0498 001 300,bondijunction@anytimefitness.com.au,Bondi Junction
3438,54.31956,-2.74339,"Unit 12, K-Village",,Kendal,North West,GB,LA9 7FH,UK-0332,01539 423333,kendal@anytimefitness.co.uk,Kendal
3439,34.19241,-97.16164,1513 N Rockford Rd,,Ardmore,Oklahoma,US,73401,2724,(580) 223-5252,ArdmoreOK@anytimefitness.com,Ardmore
3440,,,"430 Upper Changi Road, Singapore 487048",,Singapore,Central Singapore,SG,,SG-0188,,SimpangBedok@anytimefitness.sg,Simpang Bedok
3441,50.87947,-114.07187,19369 Sheriff King St SW,,Calgary,Alberta,CA,T2X 0T9,3555,403 931 9989,CalgaryAB6@anytimefitness.ca,Calgary (Silverado)
3442,-35.27786,138.46035,Aldinga Central Shopping Centre,,Aldinga,South Australia,AU,5173,AU-1335,08 8557 8995,aldinga@anytimefitness.com.au,Aldinga
3443,51.46017,-0.19921,94 Putney Bridge Road,,London (Wandsworth),Greater London,GB,SW18 1TU,UK-0464,020 3475 3979,wandsworth@anytimefitness.co.uk,London (Wandsworth)
3444,31.84158,-81.60093,435 EG Miles Pkwy,,Hinesville,Georgia,US,31313,3476,(912) 669-4100,HinesvilleGA@anytimefitness.com,Hinesville
3445,-33.74627,150.74034,"201 Dunheved Road,",,Werrington County,New South Wales,AU,2747,AU-1664,0491 814 813,WerringtonC@anytimefitness.com.au,Werrington County
3446,-33.82416,151.24125,"Level 1, 22 Spit Road",,Mosman,New South Wales,AU,2088,AU-1191,0484 912 022,mosman@anytimefitness.com.au,Mosman
3447,22.36047,114.12784,"207-208, 2/F Hang King Shopping Arcade, 9 Wing Fong Road",,Kwai Fong,NEW TERRITORIES,HK,,HK-0004,+852 9331 8291,KwaiFong@anytimefitness.hk,Kwai Fong (Kwai Fong)
3448,34.3631,132.34742,佐伯区隅の浜3-2-26　1-2F,,広島市,広島県,JP,〒731-5145,JP-1412,082-961-6720,af_hhatsukaichi401_info@anytimefitness.jp,広島市 (広島廿日市店)
3449,28.36992,-82.18853,14540 7th St,,Dade City,Florida,US,33523,1164,(352) 437-5900,DadeCityFL@anytimefitness.com,Dade City
3450,1.38694,103.86936,1 Seletar Road #02-05/06 Greenwich V Singapore,,Singapore,North East,SG,807011,SG-0029,+65 9898 7161,greenwichv@anytimefitness.sg,Greenwich
3451,1.35594,103.94584,"#03-361 Block 506 Tampines Central 1,",,Tampines,North East,SG,520506,SG-0022,+65 9865 1970,sales.tampines@anytimefitness.sg,Tampines
3452,30.017147,-81.508933,60 Silver Forest Dr,,St. Augustine,Florida,US,32092,5216,(904) 209-9917,StAugustineFL@anytimefitness.com,St. Augustine
3453,35.60034,-119.35327,2445 Hwy 46,,Wasco,California,US,93280,819,(661) 758-1500,WascoCA@anytimefitness.com,Wasco
3454,42.328897,-122.872242,150 N Bartlett St,,Medford,Oregon,US,97501,1032,(541) 779-1446,MedfordOR2@anytimefitness.com,Medford
3455,42.0878290291,-71.0943351245,25 Washington St,,Easton,Massachusetts,US,02356,5179,508-219-5941,EastonMA@anytimefitness.com,Easton
3456,14.11619,120.96142,Ground Floor Fora Mall Silang Crossing,,Tagaytay City,Cavite,PH,,PH-0066,0966 934 3775 / 0960 909 0625,AFTagaytay@anytimefitness.ph,Tagaytay City
3457,35.45296,137.02346,新池町1-4 1F,,美濃加茂市,岐阜県,JP,〒505-0031,JP-1428,0574-48-8002,af_minokamo443_info@anytimefitness.jp,美濃加茂市 (美濃加茂店)
3458,-34.91501,138.51396,5 Irene Avenue,,Fulham Gardens,South Australia,AU,5024,AU-1087,08 8356 7670,fulhamgardens@anytimefitness.com.au,Fulham Gardens
3459,35.65713,-88.41171,591 W Church St,,Lexington,Tennessee,US,38351,2624,(731) 249 5854,LexingtonTN@anytimefitness.com,Lexington
3460,-35.33367,149.17696,"Level 1, 47 Newcastle Street",,Fyshwick,Australian Capital Territory,AU,2609,AU-1050,02 6280 6425,fyshwick@anytimefitness.com.au,Fyshwick
3461,-33.89139,151.20212,"78 - 80 George Street,",,Redfern,New South Wales,AU,2016,AU-1686,0456 460 970,redfern@anytimefitness.com.au,Redfern
3462,35.63382,139.53017,菅3-1-1 KTプラザ 2F,,川崎市多摩区,神奈川県,JP,〒214-0001,JP-1592,044-281-3416,af_inadazutsumi583_info@anytimefitness.jp,川崎市 (京王稲田堤店)
3463,35.73596,139.74769,駒込1-38-2　駒込TRビル 3F,,豊島区,東京都,JP,〒170-0003,JP-1058,03-5981-6733,afkomagome54_info@anytimefitness.jp,豊島区 (駒込店)
3464,32.42616,131.62628,都町2-8 1F,,日向市,宮崎県,JP,〒883-0043,JP-1692,0982-57-3831,af_hyugamiyako680_info@anytimefitness.jp,日向市 (日向都町店)
3465,22.4447,114.02756,"2/F, Cheong Yu Building, 143-151 Castle Peak Road (Yuen Long Section)",,Yuen Long,NEW TERRITORIES,HK,,HK-0018,+852 6115 4829,YuenLong@anytimefitness.hk,Yuen Long
3466,40.42777,-79.7078,5050 William Penn Hwy,,Monroeville,Pennsylvania,US,15146,1965,(724) 387-1001,MurrysvillePA@anytimefitness.com,"Murrysville, PA"
3467,43.85209,-88.85777,1069 W Fond Du Lac St,,Ripon,Wisconsin,US,54971-9260,858,(920) 748-7880,RiponWI@anytimefitness.com,Ripon
3468,-34.59699,138.74812,Level 1,,Gawler,South Australia,AU,5118,AU-1186,08 8522 1144,gawler@anytimefitness.com.au,Gawler
3469,-37.83003,145.05737,Camberwell Arcade,,Camberwell,Victoria,AU,3124,AU-1486,0490759089,camberwell@anytimefitness.com.au,Camberwell
3470,53.49069,-113.42027,5207 55 Ave NW,,Edmonton,Alberta,CA,T6B 3V1,4126,(780) 490-5118,roper@anytimefitness.ca,Edmonton (Roper)
3471,22.3361,114.1591,"2/F, Giovane, 201 Castle Peak Road",,Sham Shui Po,KOWLOON,HK,,HK-0035,+852 5165 5761,ShamShuiPo@anytimefitness.hk,Sham Shui Po
3472,43.71766,-79.40043,2739 Yonge St,,Toronto,Ontario,CA,M4N 2H9,2981,(647) 865 4433,TorontoON@anytimefitness.ca,Toronto
3473,51.62979,-0.75663,2 Newlands Walk,,High Wycombe,South East,GB,HP11 2DQ,UK-0004,01494 372068,highwycombe@anytimefitness.co.uk,High Wycombe
3474,33.49429,-112.01364,3135 E Indian School Rd,,Phoenix,Arizona,US,85016,4145,(602) 362-3166,PhoenixAZ7@anytimefitness.com,Phoenix
3475,22.33739,114.14612,"Shop 2/F, Sing Shun Centre, 495 Castle Peak Road",,Lai Chi Kok,KOWLOON,HK,,HK-0027,+852 5236 1104,LaiChiKok@anytimefitness.hk,Lai Chi Kok
3476,28.42139,77.07056,"F-01, SUSHANT LOK 2 EXTENSION,",,GURGAON,Haryana,IN,122022,IN-1052,+919090109050,57.gurgaon@anytimefitness.in,"Gurgaon, Sector-57"
3477,30.517714,-92.083035,1536 S Union St,,Opelousas,Louisiana,US,70570,1644,(337) 678-1314,OpelousasLA@anytimefitness.com,Opelousas
3478,40.77079,-96.6227,4131 Pioneer Woods Dr,,Lincoln,Nebraska,US,68506,4765,402.488.7777,LincolnNE@anytimefitness.com,Lincoln
3479,45.42231,10.97062,"Via Golosine, 2",,Verona,Verona,IT,37136,IT-0069,3923131489,veronasantalucia@anytimefitness.it,Verona (Santa Lucia)
3480,14.56693,121.01149,2F PMI Tower 273 Pablo Ocampo Sr. Ext.,,Makati City,Metro Manila,PH,1203,PH-0184,,PabloOcampoMakati@anytimefitness.ph,Pablo Ocampo Makati
3481,1.51445,103.68729,"Unit 1-04, 3-04 & 5-04, Block C, Pangsapuri Putra Mewah, Jalan Segenting, Taman Bukit Mewah",,Johor Bahru,Johor,MY,81200,MY-0069,,IOIPlatinoParadigm@anytimefitness.my,IOI Platino (Paradigm 24 Fitness Sdn Bhd 1552380-A)
3482,-28.07417,153.44521,2019 Gold Coast Highway,,Miami,Queensland,AU,4220,AU-1464,0452 422 019,miami@anytimefitness.com.au,Miami
3483,-27.54497,153.03852,655 Toohey Road,,Salisbury,Queensland,AU,4107,AU-1455,0401 430 244,salisbury@anytimefitness.com.au,Salisbury
3484,51.53635,4.46919,Van Beethovenlaan 6,,Roosendaal,Noord-Brabant,NL,4702 JS,NL-1125,+31 165 235 025,roosendaal@anytimefitness.nl,Roosendaal
3485,38.7804574,-77.1836719,6400 Brandon Ave,,Springfield,Virginia,US,22150,4894,(703) 936-7070,SpringfieldVA@anytimefitness.com,Springfield
3486,42.91874,-89.24873,2300 US Hwy 51,,Stoughton,Wisconsin,US,53589,664,(608) 873-7799,StoughtonWI@anytimefitness.com,Stoughton
3487,36.58261,139.92621,御幸本町4864-1 1-2F,,宇都宮市,栃木県,JP,〒321-0983,JP-1468,028-678-4160,af_utmiyuki456_info@anytimefitness.jp,宇都宮市 (宇都宮御幸店)
3488,51.87698,0.93193,Haven Road,,Colchester,East of England,GB,CO2 8HT‎,UK-0045,01206 707080,eastcolchester@anytimefitness.co.uk,Colchester East
3489,32.46022,-83.73029,1040 Macon Rd,,Perry,Georgia,US,31069,2859,(478) 987-3333,PerryGA@anytimefitness.com,Perry
3490,32.0852,-82.11923,125 W Brazell St,,Reidsville,Georgia,US,30453,2855,(912) 557-1910,ReidsvilleGA@anytimefitness.com,Reidsville
3491,42.02474,-87.814511,7900 N Milwaukee Ave,,Niles,Illinois,US,60714,5005,847.430.3132,NilesIL@anytimefitness.com,Niles
3492,35.67494,139.71062,神宮前2-22-2,,渋谷区,東京都,JP,〒150-0001,JP-3021,03-6804-6145,af_jingugaien1232_info@anytimefitness.jp,渋谷区 (神宮外苑店)
3493,33.51057,-111.90964,5094 North Hayden Rd,,Scottsdale,Arizona,US,85250,4259,(602) 900-0852,scottsdaleaz5@anytimefitness.com,Scottsdale
3494,45.46393,9.18608,Piazza Pio XI 78/C,,Roma,Roma,IT,00165,IT-0070,,romagregoriovii@anytimefitness.it,Roma (Gregorio VII)
3495,39.08618,-94.8839,620 S 130th St,,Bonner Springs,Kansas,US,66012,3903,(913) 745-5746,BonnerSpringsKS@anytimefitness.com,Bonner Springs
3496,38.19814,140.87277,太白区柳生1-3-1 1F,,仙台市,宮城県,JP,〒981-1106,JP-2856,022-395-8405,af_ssendai1067_info@anytimefitness.jp,仙台市 (南仙台店)
3497,35.21005,137.08667,幡野町341-1 1-2F,,瀬戸市,愛知県,JP,〒489-0874,JP-2760,0561-56-0177,af_seto995_info@anytimefitness.jp,瀬戸市 (瀬戸店)
3498,-33.92544,151.2301,375-377 Anzac Parade,,KINGSFORD,New South Wales,AU,2032,AU-1666,0422099901,kingsford@anytimefitness.com.au,KINGSFORD
3499,35.10186,137.02144,緑区白土803番地 ハウスプラザ白土 1F,,名古屋市,愛知県,JP,〒458-0836,JP-2925,052-846-2605,af_shirotsuchi1136_info@anytimefitness.jp,名古屋市 (名古屋白土店)
3500,29.46936,-98.49123,4200 McCullough Ave,,San Antonio,Texas,US,78212,2221,(210) 829-8400,SanAntonioTX6@anytimefitness.com,San Antonio (McCullough)
3501,31.24496,-81.48752,24 Canal Rd,,Brunswick,Georgia,US,31525,1676,(912) 275-8005,BrunswickGA@anytimefitness.com,Brunswick
3502,30.282318,-95.571953,910 Pine Market Ave,,Montgomery,Texas,US,77316,4968,936-657-5151,WoodforestTX@anytimefitness.com,Montgomery (Woodforest)
3503,36.37736,139.84878,駅東4-4-13 1F,,下野市,栃木県,JP,〒329-0413,JP-2527,0285-39-7097,af_jichiidai762_info@anytimefitness.jp,下野市 (自治医大店)
3504,-27.85359,153.29925,"Unit 2, 195 Old Coach Road",,Upper Coomera,Queensland,AU,4209,AU-1446,07 5665 9507,uppercoomera@anytimefitness.com.au,Upper Coomera
3505,26.20613,78.19049,"Krishna Business Center, 3rd Floor",,Gwalior,Madhya Pradesh,IN,474002,IN-1144,"+91 9520869721, +91 9520869722",citycenter.gwalior@anytimefitness.in,"Gwalior, City Centre"
3506,50.96661,-1.35173,The Swan Centre,,Eastleigh,South East,GB,SO50 5SF,UK-0032,02380 010247,eastleigh@anytimefitness.co.uk,Eastleigh
3507,35.40622,-80.86266,9856 Gilead Rd,,Huntersville,North Carolina,US,28078,372,(704) 948-8988,HuntersvilleNC@anytimefitness.com,Huntersville (Lake Norman)
3508,35.182984,-106.663786,9368 Valley View Dr,,Albuquerque,New Mexico,US,87114,4890,505-508-2129,AlbuquerqueNM7@anytimefitness.com,Albuquerque
3509,33.25898,-97.22746,802 E. McCart St.,,Krum,Texas,US,76249,3357,(940) 482-2900,KrumTX@anytimefitness.com,Krum
3510,43.08949,-87.88779,4009 N Oakland,,Shorewood,Wisconsin,US,53211,863,(414) 332-1111,ShorewoodWI@anytimefitness.com,Shorewood
3511,-37.96044,145.05545,4/4-10 Jamieson Street,,Cheltenham,Victoria,AU,3192,AU-1078,03 9585 0004,cheltenham@anytimefitness.com.au,Cheltenham
3512,-6.21923,106.85535,"JL. Jatinegara Timur , Balimester, Jatinegara, 13310 Jakarta Timur, DKI Jakarta, RT.11/RW.3, Bali Me",,Jakarta,Jakarta,ID,,ID-0058,,JTownJatinegara@anytimefitness.id,J Town Jatinegara
3513,37.331792,-121.909572,1036 The Alameda,,San Jose,California,US,95126,5039,(408) 827-4994,downtownsjca@anytimefitness.com,San Jose
3514,-33.98463,151.1362,316 - 318 Rocky Point Road,,Ramsgate,New South Wales,AU,2217,AU-1426,02 9529 3020,ramsgate@anytimefitness.com.au,Ramsgate
3515,36.99709,140.90604,鹿島町米田字手倉7-2 1F,,いわき市,福島県,JP,〒971-8133,JP-1565,0246-85-0006,af_iwakikashima552_info@anytimefitness.jp,いわき市 (いわき鹿島SC店)
3516,1.32357,103.88446,MacPherson Community Club,,Singapore,South East,SG,379131,SG-0003,+65 9340 6233,macpherson@anytimefitness.sg,MacPherson
3517,-32.32982,115.81726,"Level 1, 52 Goulburn Road",,Baldivis,Western Australia,AU,6171,AU-1185,0449264141,baldivis@anytimefitness.com.au,Baldivis
3518,52.17957,4.72038,Westkanaalweg 100B (ingang zijde Beukenpad),,Ter Aar,Zuid-Holland,NL,2461 EJ,NL-1130,+31 (0)172 200 055,teraar@anytimefitness.nl,Ter Aar
3519,34.43441,-118.52963,26869 Bouquet Cyn Rd,,Santa Clarita,California,US,91350,5127,661-309-6299,BouquetCanyon@anytimefitness.com,Santa Clarita
3520,36.30611,137.9005,豊科4947-1 1F,,安曇野市,長野県,JP,〒399-8205,JP-2898,0263-31-0245,af_azumino1109_info@anytimefitness.jp,安曇野市 (安曇野店)
3521,1.42805,103.79203,ACE The Place Community Club,,Woodlands,North West,SG,739069,SG-0001,+65 8123 0201,WoodlandsGym@anytimefitness.sg,Woodlands
3522,1.37954,103.88796,"Hougang Green Shopping Mall, 21 Hougang Street 51 #02-13A",,Singapore,Central Singapore,SG,538719,SG-0046,+65 8555 3059,Buangkok@anytimefitness.sg,Buangkok
3523,26.26132,73.00358,"3rd Floor, Plot G- 282",,Jodhpur,Rajasthan,IN,342003,IN-1140,"+918058384000, +918058385000",shastricircle.jodhpur@anytimefitness.in,"Jodhpur, Shastri Circle"
3524,36.31497,139.99558,大字直井1182-1 1F,,筑西市,茨城県,JP,〒308-0803,JP-2541,0296-45-7375,af_shimodate776_info@anytimefitness.jp,筑西市 (下館店)
3525,41.393,-82.00806,35147 Center Rdg Rd,,North Ridgeville,Ohio,US,44039,2880,(440) 326-1010,NorthRidgevilleOH@anytimefitness.com,North Ridgeville
3526,50.94709,5.97215,Kerkstraat 42a,,Brunssum,Limburg,NL,6441 BE,NL-1053,+31 (0)85 77 31 947,brunssum@anytimefitness.nl,Brunssum
3527,-37.81273,145.08257,Suite 4 & 5; 310 Whitehorse Road,,Balwyn,Victoria,AU,3103,AU-1142,03 9836 9986,balwyn@anytimefitness.com.au,Balwyn
3528,36.00092,138.17013,本町東5225-2 2F,,茅野市,長野県,JP,〒391-0003,JP-2689,0266-78-7352,af_chino925_info@anytimefitness.jp,茅野市 (茅野店)
3529,28.21921,-82.24479,34617 Pure Water Way,,Zephyrhills,Florida,US,33541,2169,(813)-815-9021,ZephyrhillsFL@anytimefitness.com,Zephyrhills (17 SR 54 West)
3530,51.4712,4.65982,Dennenlaan 1,,Zundert,Noord-Brabant,NL,4881 AC,NL-1077,+31 6 57 49 13 83,zundert@anytimefitness.nl,Zundert
3531,36.42412,139.02476,大久保750-3 1F,,北群馬郡吉岡町,群馬県,JP,〒370-3602,JP-1652,0279-26-2368,af_maebashiyoshioka641_info@anytimefitness.jp,吉岡町 (前橋吉岡店)
3532,-34.10024,150.79789,"Shop 17, Rosemeadow Marketplace, Corner of Copperfield Drive and Thomas Rose Drive",,Rosemeadow,New South Wales,AU,2560,AU-1717,02 4604 5430,rosemeadow@anytimefitness.com.au,Rosemeadow
3533,-6.17391,106.89358,"Ruko Kirana Boutique, Jl. Boulevard Raya No.1, Klp. Gading Tim., Kec. Klp. Gading, Jkt Utara,",,Daerah Khusu Ibukota,Jakarta,ID,14240,ID-0032,,BellaTerra@anytimefitness.id,Bella Terra
3534,35.94519,139.99065,百合ケ丘3-249-1 1F,,守谷市,茨城県,JP,〒302-0110,JP-1716,0297-21-5607,af_moriya704_info@anytimefitness.jp,守谷市 (イオンタウン守谷店)
3535,38.18914,-85.51882,12613 Taylorsville Rd,,Louisville,Kentucky,US,40299,2987,(502) 290-8998,LouisvilleKY3@anytimefitness.com,Louisville (Taylorsville Rd)
3536,-30.51372,151.66029,2/197 Beardy Street,,Armidale,New South Wales,AU,2350,AU-1061,02 67723675,armidale@anytimefitness.com.au,Armidale
3537,14.55912,121.00503,"Naya Building 1338 Filmore, Brgy. Palanan",,Makati City,Metro Manila,PH,1235,PH-0136,,PalananFilmore@anytimefitness.ph,Palanan Filmore
3538,51.64607,-0.38276,26-28 Aldenham Road,,Bushey,Greater London,GB,WD19 4AA,UK-0416,01923 918501,manager.bushey@anytimefitness.co.uk,Bushey
3539,35.72598,140.03015,西習志野1-1-1 2F,,船橋市,千葉県,JP,〒274-0815,JP-1315,047-404-3336,af_wnarashino309_info@anytimefitness.jp,船橋市 (西習志野店)
3540,33.00032,-96.79398,18216 Preston Rd,,Dallas,Texas,US,75252,2803,(972) 867-2635,DallasTX4@anytimefitness.com,Dallas (Preston Rd)
3541,46.11584,-74.58357,2505 Rue De L'Aulnaie,,Mont-Tremblant,Quebec,CA,J8E 2T9,9900006,819 717 3896,mont_tremblant@anytimefitness.quebec,Mont-Tremblant
3542,1.28945,103.831,570 Havelock Rd,,Kim Seng Community Centre,Central Singapore,SG,169640,SG-0102,,KimSengCC@anytimefitness.sg,Kim Seng Community Centre
3543,13.9906,121.16407,"Level 2, High 5 Square, Ayala Highway, Mataas na Lupa",,Lipa City,Batangas,PH,4217,PH-0057,0917-1-AFLIPA (235472),AFLipa@anytimefitness.ph,Lipa City
3544,42.97383,-89.52713,411 Prairie Heights Dr,,Verona,Wisconsin,US,53593,781,(608) 497-1266,VeronaWI@anytimefitness.com,Verona
3545,45.45143,9.17817,"Corso Manusardi, 10",,Milano,Milano,IT,20136,IT-0018,+393938988938,manusardi@anytimefitness.it,Milano (Manusardi)
3546,33.954594,-80.375297,1121 Broad St,,Sumter,South Carolina,US,29150,551,(803) 469-0999,SumterSC@anytimefitness.com,Sumter
3547,33.7607,-96.59031,3515 W FM 120,,Denison,Texas,US,75020,3514,(903) 464-2235,DenisonTX@anytimefitness.com,Denison
3548,50.95498,5.78049,Business Park Stein 106,,Elsloo,Limburg,NL,6181 MA,NL-1026,+31 46 42 01 480,Elsloo@anytimefitness.nl,Elsloo
3549,41.422595,-87.239915,7954 E 108th Ave,,Winfield,Indiana,US,46307,2854,(219) 663-6436,WinfieldIN@anytimefitness.com,Winfield
3550,42.04033,-87.88662,1525 Ellinwood Ave,,Des Plaines,Illinois,US,60016,4403,(847) 512-5213,DesPlainesIL3@anytimefitness.com,Des Plaines (Downtown)
3551,33.87232,130.68945,樋口3-6 1F,,遠賀郡水巻町,福岡県,JP,〒807-0002,JP-1602,093-482-8377,af_mizumaki595_info@anytimefitness.jp,水巻町 (水巻店)
3552,39.64553,-105.33865,3897 - 3901 Evergreen Pkwy,,Evergreen,Colorado,US,80439,3203,(303) 670-1496,EvergreenCO@anytimefitness.com,Evergreen
3553,1.37681,103.74555,190 Choa Chu Kang Avenue 1,,Choa Chu Kang,North West,SG,689466,SG-0033,+65 9040 8302,cck@anytimefitness.sg,Choa Chu Kang (Choa Chu Kang)
3554,-34.05304,151.15228,"Level 1, 84-86 Cronulla Street",,Cronulla,New South Wales,AU,2230,AU-1207,0402 636 443,cronulla@anytimefitness.com.au,Cronulla
3555,41.37084,-89.46522,444 S Main St,,Princeton,Illinois,US,61356,2978,(815) 915-8378,PrincetonIL@anytimefitness.com,Princeton
3556,20.64627,-100.34414,Anillo Vial Fray Junipero Serra #9390 Local 19,,Querétaro,Querétaro,MX,76146,MX-1060,(44) 2595-7916,elrefugioqro@anytimefitness.com.mx,Querétaro (El Refugio)
3557,14.6213,121.106,"The Pinnacle Building, 1 Marcos Highway, San Isidro",,Cainta,Rizal,PH,1900,PH-0030,0905-5044 992,MarcosHighway@anytimefitness.ph,"Pinnacle Building, Marcos Highway"
3558,36.39143,-97.91828,3324 W Owen K Garriot Rd,,Enid,Oklahoma,US,73703,2693,(580) 237-2100,EnidOK@anytimefitness.com,Enid
3559,1.31953,103.82731,383 Bukit Timah Road,,Stevens,South East,SG,,SG-0075,+65 9658 5676,Stevens@anytimefitness.sg,Stevens
3560,46.93446,-122.59069,1304 Yelm Ave E,,Yelm,Washington,US,98597,1009,(360) 338-3200,YelmWA@anytimefitness.com,Yelm
3561,38.23278,-78.11254,12379 B James Madison Hwy,,Orange,Virginia,US,22960,1788,(540) 672-1252,OrangeVA@anytimefitness.com,Orange
3562,-34.03392,151.09971,615 Kingsway,,Miranda,New South Wales,AU,2228,AU-1518,02 9542 7077,miranda@anytimefitness.com.au,Miranda
3563,51.9018,-0.64932,Billington Road,,Leighton Buzzard,East Midlands,GB,LU7 9HH,UK-0018,01525 308646,lb@anytimefitness.co.uk,Leighton Buzzard
3564,34.00555,-95.49119,1800 E Jackson St,,Hugo,Oklahoma,US,74743,2979,(580) 326-3480,HugoOK@anytimefitness.com,Hugo
3565,-33.76986,150.8441,12 Station Street,,Rooty Hill,New South Wales,AU,2766,AU-1545,0489 167 768,rootyhill@anytimefitness.com.au,Rooty Hill
3566,-33.94054,150.85977,5 Nuwi Place,,Prestons,New South Wales,AU,2170,AU-1682,02 8103 5460,prestonsnsw@anytimefitness.com.au,Prestons
3567,51.182809,-114.159207,"#130, 370 Sage Valley Common NW",,Calgary,Alberta,CA,T3R 1T8,5368,587 230 4944,CalgaryAB26@anytimefitness.ca,Calgary
3568,-34.04176,151.12291,28-30 Banksia Road,,Caringbah,New South Wales,AU,2229,AU-1073,0434 499 557,caringbah@anytimefitness.com.au,Caringbah
3569,38.74348,-121.25857,1850 Douglas Blvd,,Roseville,California,US,95661,2863,(916) 789-0110,RosevilleCA@anytimefitness.com,Roseville
3570,33.2169,130.55793,本村686-1外 1-2F,,八女市,福岡県,JP,〒834-0063,JP-2703,0943-22-8125,af_yame939_info@anytimefitness.jp,八女市 (八女本村店)
3571,42.3445,-122.824,3564 Lone Pine Rd,,Medford,Oregon,US,97504,1031,(541) 973-2700,MedfordOR@anytimefitness.com,Medford
3572,43.39957,-88.18633,790 W Paradise Dr,,West Bend,Wisconsin,US,53095,508,(262) 338-1441,WestBend@anytimefitness.com,West Bend
3573,-34.07049,150.81084,Shop L28 Campbelltown Mall,,Campbelltown,New South Wales,AU,2560,AU-1001,02 4620 7215,campbelltown@anytimefitness.com.au,Campbelltown
3574,53.09265,6.68327,Stationsweg 21,,Zuidlaren,Drenthe,NL,9471 GK,NL-1236,+31 50 20 83 036,zuidlaren@anytimefitness.nl,Zuidlaren
3575,36.64226,136.9481,中神1-174,,砺波市,富山県,JP,939-1344,JP-1604,0763-23-4551,af_tonami592_info@anytimefitness.co.jp,砺波市 (イオンモールとなみ)
3576,43.63379,-88.75308,912 W Main,,Waupun,Wisconsin,US,53963,867,(920) 324-4912,WaupunWI@anytimefitness.com,Waupun
3577,26.87127,80.97569,A-2 Kala Niketan,,Lucknow,Uttar Pradesh,IN,226016,IN-1130,+91 9519616076,indiranagar.lucknow@anytimefitness.in,"Lucknow, Indira Nagar, Uttar Pradesh"
3578,-32.10798,115.93645,"Unit 2, 20 Wright Road",,Harrisdale,Western Australia,AU,6112,AU-1440,0401 278 037,southernriver@anytimefitness.com.au,Southern River
3579,35.923298,-78.459161,201 Basalt Place,,Rolesville,North Carolina,US,27571,5429,919 729 5323,RolesvilleNC@anytimefitness.com,Rolesville
3580,30.786196,-91.365074,5357 Live Oak Center Drive,,St. Francisville,Louisiana,US,70775,4868,(225) 535-8100,StFrancisvilleLA@anytimefitness.com,St. Francisville
3581,44.90929,-93.08175,1201 S Robert St,,West St. Paul,Minnesota,US,55118,251,(651) 457-0300,WestStPaulMN@anytimefitness.com,West St. Paul
3582,33.57273,-82.19157,3110 William Few Pkwy,,Evans,Georgia,US,30809,4450,(706) 503-5353,EvansGA2@anytimefitness.com,Evans
3583,45.62695,-122.67617,710 Esther St,,Vancouver,Washington,US,98660,1129,(360) 635-5350,EstherShortPark@anytimefitness.com,Vancouver (Downtown)
3584,38.833834,-121.169662,3226 Boyington Rd,,Loomis,California,US,95650,1783,(916) 660-0700,LoomisCA@anytimefitness.com,Loomis
3585,36.07871,-94.2519,6315 Wedington Dr,,Fayetteville,Arkansas,US,72704,951,(479) 935-4600,FayettevilleAR@anytimefitness.com,Fayetteville
3586,51.60237,-0.69581,Keystone House,,Loudwater,South East,GB,HP10 9PN,UK-0077,01628 870247,loudwater@anytimefitness.co.uk,Loudwater
3587,29.937439,-95.680208,10750 Barker Cypress Rd,,Cypress,Texas,US,77433,5143,(281) 892-1525,cypresstx2@anytimefitness.com,Cypress (Riata Ranch)
3588,-6.17658,106.83859,"Jl. Senen Raya No.135, Senen, Kec. Senen, Kota Jakarta  Pusat, Daerah Khusus Ibukota Jakarta 10410,",,Jakarta,Jakarta,ID,10410,ID-0037,,MillenniumMall@anytimefitness.id,Millennium Mall
3589,35.58537,139.58159,宮前区宮前平2-15-15 Brillia宮前平 1F,,川崎市,神奈川県,JP,〒216-0006,JP-1367,044-789-8111,af_tkmmsp358_info@anytimefitness.jp,川崎市 (宮前平駅前店)
3590,35.78178,140.0026,新鎌ヶ谷4-8-5 1-2F,,鎌ヶ谷市,千葉県,JP,〒273-0107,JP-2875,047-404-9375,af_shinkamagaya1086_info@anytimefitness.jp,鎌ヶ谷市 (新鎌ヶ谷店)
3591,42.191376,-83.734823,6564 S. State St.,,Saline,Michigan,US,48176,5345,734-977-1101,SalineMI@anytimefitness.com,Saline
3592,43.281072,-87.989313,W63 N143 Washington Ave,,Cedarburg,Wisconsin,US,53012,567,(262) 375-9300,CedarburgWI@anytimefitness.com,Cedarburg
3593,34.07882,-84.35668,270 Rucker Rd,,Alpharetta,Georgia,US,30004,127,(770) 751-1837,NorthRoswellGA@anytimefitness.com,Alpharetta (Rucker Rd)
3594,34.8961,-117.0069,1301 E Main St,,Barstow,California,US,92311,970,(760) 577-1718,BarstowCA@anytimefitness.com,Barstow
3595,49.29652,-117.65173,1975 6 Ave,,"Castlegar, BC",British Columbia,CA,V1N 4B7,5320,(778) 460-6000,Castlegar@anytimefitness.ca,"Castlegar, BC"
3596,-34.98157,138.59159,574 Goodwood Road,,Daw Park,South Australia,AU,5041,AU-1155,08 8374 0029,dawpark@anytimefitness.com.au,Daw Park
3597,35.93008,-86.82465,4115 Mallory Ln,,Franklin,Tennessee,US,37067,1944,(615) 791-9666,FranklinTN@anytimefitness.com,Franklin
3598,34.65531,135.63742,下六万寺町3-1-20 1F,,東大阪市,大阪府,JP,〒579-8066,JP-1748,072-943-1450,af_shimorokumanji736_info@anytimefitness.jp,東大阪市 (東大阪下六万寺町店)
3599,33.7324546,-78.948896,3471 Belle Terre Blvd,,Myrtle Beach,South Carolina,US,29579,4857,843-282-7900,forestbrooksc@anytimefitness.com,Myrtle Beach (Forestbrook)
3600,31.63153,-84.17488,1555 Hwy 19 S,,Leesburg,Georgia,US,31763,2335,(229) 435-6300,LeesburgGA@anytimefitness.com,Leesburg
3601,35.65105,139.44029,一ノ宮4-19-16 キャッスル都 1F,,多摩市,東京都,JP,〒206-0002,JP-1509,042-400-1245,af_seiseki495_info@anytimefitness.jp,多摩市 (聖蹟桜ヶ丘店)
3602,-35.0153,138.55947,Shop 10 - 941-945 Marion Road,,Mitchell Park,South Australia,AU,5043,AU-1156,08 8358 2117,mitchellpark@anytimefitness.com.au,Mitchell Park
3603,34.05985,-117.18216,500 N Orange St,,Redlands,California,US,92374,2687,(909) 798-5000,RedlandsCA@anytimefitness.com,Redlands
3604,36.82138,-76.11993,4324 Holland Rd.,,Virginia Beach,Virginia,US,23452,2083,(757) 498-3274,VirginiaBeachVA@anytimefitness.com,Virginia Beach
3605,39.37278,-94.58385,1010 S. US Hwy. 169,,Smithville,Missouri,US,64089,2388,(816) 532-5032,SmithvilleMO@anytimefitness.com,Smithville
3606,38.79517,-122.55675,18990 Coyote Valley Rd,,Hidden Valley Lake,California,US,95467,2235,(707) 987-9100,HiddenValleyLakeCA@anytimefitness.com,Hidden Valley Lake
3607,30.7289,76.6795,"TDI Park Street, Airport Road",,Mohali,Punjab,IN,140301,IN-1160,+91 8968981681,tdipark.mohali@anytimefitness.in,"Mohali, TDI Park Street, Punjab"
3608,-35.00952,138.52264,360 Brighton Road,,Brighton,South Australia,AU,5048,AU-1323,08 8296 7233,brightonsa@anytimefitness.com.au,Brighton
3609,-34.75243,149.71965,258 Auburn St,,Goulburn,New South Wales,AU,2580,AU-1036,02 48210432,goulburn@anytimefitness.com.au,Goulburn
3610,53.24001,-0.5157,Units 2-4 Darwin Plaza,,Lincoln,East Midlands,GB,LN2 4QA,UK-0084,01522 246147,lincoln@anytimefitness.co.uk,Lincoln
3611,51.16343,-114.12572,"Unit 36, 12192 Symons Valley Rd NW",,Calgary,Alberta,CA,T3P 0A3,2286,403 269 6100,CalgaryAB@anytimefitness.ca,Calgary (Symons Valley Rd)
3612,30.246399,-81.696803,5541 Roosevelt Blvd,,Jacksonville,Florida,US,32244,5081,(904) 643-7999,JacksonvilleFL@anytimefitness.com,Jacksonville
3613,-33.89329,151.06617,78 Roberts Road,,Greenacre,New South Wales,AU,2190,AU-1401,02 9742 5493,strathfieldsouth@anytimefitness.com.au,Strathfield South
3614,20.58862,-100.36843,Avenida constituyentes 111 Colonia Carretas,,Queretaro,Querétaro,MX,76050,MX-1137,4425719547,carretas.qro@anytimefitness.com.mx,Querétaro (Carretas)
3615,42.6386039,-83.353251,3399 Elizabeth Lake Rd,,Waterford,Michigan,US,48328,4825,248-499-8949,WaterfordMI@anytimefitness.com,Waterford
3616,-43.52942,172.60692,55 Riccarton Road,,"Riccarton, Christchurch",Canterbury,NZ,8011,NZ-1002,03 3410158,riccarton@anytimefitness.co.nz,"Riccarton, Christchurch"
3617,49.089091,-122.59848,B-22575 Fraser Hwy,,Langley,British Columbia,CA,V2Z 2T5,4340,604 427 2729,LangleyBC2@anytimefitness.ca,Langley
3618,3.13286,101.6232,"25-B, Jalan SS 21/60, Damansara Utama, 47400 Petaling Jaya, Selangor, Malaysia",,Petaling Jaya,Selangor,MY,47400,MY-0105,,UptownDamansara@anytimefitness.my,Uptown Damansara
3619,34.68417,136.46518,久居明神町字風早2489、2490,,津市,三重県,JP,〒514-1101,JP-3085,,,津市 (久居インターガーデン店)
3620,27.95267,-81.8704,4695 E CR-540A,,Lakeland,Florida,US,33813,3619,(863) 800-0207,LakelandFL3@anytimefitness.com,Lakeland
3621,35.37646,132.75202,大塚町744 1F,,出雲市,島根県,JP,〒693-0063,JP-1538,0853-31-4020,af_izumootsuka527_info@anytimefitness.jp,出雲市 (出雲大塚店)
3622,41.371664,-88.838308,2733 Columbus St,,Ottawa,Illinois,US,61350,2848,(815) 434-7070,OttawaIL@anytimefitness.com,Ottawa
3623,42.49227,-83.52208,47980 Grand River Ave,,Novi,Michigan,US,48374,2903,(248) 348-8080,NoviMI@anytimefitness.com,Novi
3624,1.31429,103.89442,"#02-04, 11 Tanjong Katong Road, Kinex Mall,  Singapore, South East, 437157",,Paya Lebar,South East,SG,437157,SG-0034,+65 9154 4755,payalebar@anytimefitness.sg,Paya Lebar
3625,,,,,TBD,Ciudad de Mexico,MX,TBD,MX-1203,,,TBD
3626,36.32734,139.024,江木町30-1 2F,,高崎市,群馬県,JP,〒370-0046,JP-1631,027-395-5066,af_takasakiegi620_info@anytimefitness.jp,高崎市 (高崎江木店)
3627,-34.86997,138.63677,19 Fosters Rd,,Greenacres,South Australia,AU,5086,AU-1034,0416 523 387,greenacres@anytimefitness.com.au,Greenacres
3628,-32.58319,115.66115,633 Old Coast Road,,Falcon,Western Australia,AU,6210,AU-1384,0451 159 443,falcon@anytimefitness.com.au,Falcon
3629,-34.96359,138.57308,"Shop 2-3, 715-727 South Road",,Black Forest,South Australia,AU,5035,AU-1492,0883511531,blackforest@anytimefitness.com.au,Black Forest
3630,36.00872,140.15571,ひたち野西3-37-10 1F,,牛久市,茨城県,JP,〒300-1206,JP-1635,029-869-6381,af_hitachinoushiku624_info@anytimefitness.jp,牛久市 (ひたち野うしく店)
3631,27.89077,-82.78654,12955 Seminole Blvd,,Largo,Florida,US,33778,4694,727-286-5050  ,LargoFL2@anytimefitness.com,Largo
3632,37.50674,127.11587,서울 송파구 가락로 205 송림빌딩 1층,,서울 송파동,서울,KR,05663,KR-0004,+822 6956 1321,info@anytimefitness.co.kr,서울 송파동
3633,35.68651,139.8841,一之江3-2-33 2F,,江戸川区,東京都,JP,〒132-0024,JP-1275,03-5879-3505,af_ichinoesf266_info@anytimefitness.jp,江戸川区 (一之江駅前店)
3634,,,,,TBD,Ciudad de Mexico,MX,TBD,MX-1204,,,TBD
3635,5.33729,100.29035,"Lebuh Nipah 5, Kampung Seberang Paya, 11900 Bayan Lepas, Pulau Pinang, Malaysia",,Palau Pinang,Penang,MY,,MY-0122,,BukitJambul@anytimefitness.my,Bukit Jambul
3636,51.50276,-0.18816,Royal Garden Hotel,,London,Greater London,GB,W8 4PT,UK-0029,020 7937 9765,kensington@anytimefitness.co.uk,Kensington
3637,-33.41983,149.57468,241 George Street,,Bathurst,New South Wales,AU,2795,AU-1047,02 63322505,bathurst@anytimefitness.com.au,Bathurst
3638,34.70051,135.54585,城東区中央１-13-18　角屋がもよんビル 6F,,大阪市,大阪府,JP,〒536-0005,JP-1127,06-6180-5270,afgamoufour123_info@anytimefitness.jp,大阪市 (蒲生四丁目店)
3639,-27.26069,153.07968,"Shops 11-14, 9 Elizabeth Ave",,Clontarf,Queensland,AU,4019,AU-1382,0498 233 477,clontarf@anytimefitness.com.au,Clontarf
3640,34.89151,136.90749,山代町1-102-6 1F,,半田市,愛知県,JP,〒475-0974,JP-2628,0569-47-6030,af_handa864_info@anytimefitness.jp,半田市 (半田店)
3641,-6.22813,106.82458,"SOPO DEL TOWER & LIFESTYLE, JL. MEGA KUNINGAN BARAT III LOT 10, 1-6 RT 05 / RW 02, KAWASAN MEGA KUNI",,Mega Kuningan,Jakarta,ID,12950,ID-0012,,MegaKuningan@anytimefitness.id,Mega Kuningan
3642,30.23119,-93.32749,333 N Cities Service Hwy,,Sulphur,Louisiana,US,70663,2785,(337) 625-6840,SulphurLA@anytimefitness.com,Sulphur
3643,35.75025,139.75808,西尾久5-27-14,,荒川区,東京都,JP,〒116-0011,JP-1133,03-6807-8627,afnishiogu130_info@anytimefitness.jp,荒川区 (西尾久店)
3644,50.81704,5.89367,Nieuwstraat 8-10,,Gulpen,Limburg,NL,6271 AZ,NL-1002,+31 (0) 85 77 39 926,gulpen@anytimefitness.nl,Gulpen
3645,41.86992,12.48456,Via Girolamo Benzoni 25-27-29,,Rome,Roma,IT,00154,IT-0005,+39065783438,benzoni@anytimefitness.it,Roma (Benzoni)
3646,,,,,TBD,Ciudad de Mexico,MX,TBD,MX-1205,,,TBD
3647,14.64438,121.05286,"78 West Avenue cor. Examiner Street, Brgy. West Triangle",,Quezon City,Metro Manila,PH,,PH-0110,09175390247,WestAve@anytimefitness.ph,West Ave.
3648,-33.61139,151.13732,25-29 Turner Road,,Berowra,New South Wales,AU,2082,AU-1522,02 9456 4975,berowra@anytimefitness.com.au,Berowra
3649,35.54498,139.57377,都筑区茅ヶ崎中央3-1 センター南ビル 2F,,横浜市,神奈川県,JP,〒224-0032,JP-2946,045-479-2661,af_centerminami1157_info@anytimefitness.jp,横浜市 (センター南店)
3650,51.21751,-0.794,31 - 32 East Street,,Farnham,South East,GB,GU9 7SW,UK-0071,01252 279247,farnham@anytimefitness.co.uk,Farnham
3651,-37.84796,144.99113,16 Grattan Street,,Prahran,Victoria,AU,3181,AU-1210,03 95294443,prahran@anytimefitness.com.au,Prahran
3652,35.69971,139.81411,太平3-3-12　アドバンス喜月ビル 2F,,墨田区,東京都,JP,〒130-0012,JP-1181,03-6658-5372,afkinshicho174_info@anytimefitness.jp,墨田区 (錦糸町店)
3653,35.72106,140.04466,習志野台1丁目38-3,,船橋市,千葉県,JP,〒274-0063,JP-3014,,af_kitanarashino1225_info@anytimefitness.jp,船橋市 (北習志野店)
3654,-6.29407,106.52722,"PJ45+2GP, Cicalengka, Pagedangan, Tangerang Regency, Banten",,Pagedangan,Tangerang,ID,,ID-0047,,Eastvara@anytimefitness.id,Eastvara
3655,36.70019,-119.55417,1132 Academy Ave,,Sanger,California,US,93657,3317,(559) 399-8080,SangerCA@anytimefitness.com,Sanger
3656,14.37525,121.01145,"Evia Lifestyle Center, Evia 3, Second Floor, UNIT 2F 5B, Daang Hari Rd, Vista City",,Cavite,Cavite,PH,,PH-0023,0929-628-0056,vistacity@anytimefitness.ph,Vista City
3657,43.56307,-96.791645,1407 N Marion Rd,,Sioux Falls,South Dakota,US,57107,4766,605.271.4175,SiouxFallsSD3@anytimefitness.com,Sioux Falls
3658,53.32406,-6.3964,"Unit 28, The Mill Centre",,Clondalkin,Dublin,IE,22,UK-0056,01 405 6281,clondalkin@anytimefitness.co.uk,Clondalkin
3659,43.490164,-96.726402,6010 S Minnesota Ave,,Sioux Falls,South Dakota,US,57108,5080,(605) 271-7801,SiouxFalls@anytimefitness.com,Sioux Falls
3660,51.61973,0.29501,1 Weald Road,,Brentwood,East of England,GB,CM14 4SN,UK-0437,,brentwood@anytimefitness.co.uk,Brentwood
3661,14.48326,121.03401,"3F / 4F 90 NPSC Bldg. Dona Soledad, Better Living",,Paranaque,Metro Manila,PH,,PH-0050,02 ‎7728430,BetterLiving@anytimefitness.ph,Better Living (Better Living)
3662,35.67313,139.81598,東陽5-31-17 若竹ビル 2F,,江東区,東京都,JP,〒135-0016,JP-2623,03-6666-5474,af_toyocho859_info@anytimefitness.jp,江東区 (東陽町店)
3663,30.24276,-92.1006,101 Park West Dr,,Scott,Louisiana,US,70583,533,(337) 706-8221,ScottLA@anytimefitness.com,Scott
3664,40.6105,140.49675,和泉2-18-1 1-2F,,弘前市,青森県,JP,〒036-8053,JP-1744,0172-26-7173,af_hirosakiwaizumi732_info@anytimefitness.jp,弘前市 (弘前和泉店)
3665,35.64287,139.67126,三軒茶屋1-36-10　シンシアビル 1-3F,,世田谷区,東京都,JP,〒154-0024,JP-1061,03-5431-3475,afsancha57_info@anytimefitness.jp,世田谷区 (三軒茶屋店)
3666,,,,,TBD,Veracruz,MX,TBD,MX-1206,,,TBD
3667,-43.55751,172.70388,1105 Ferry Road,,Christchurch,Canterbury,NZ,8023,NZ-1039,03 421 6466,ferrymead@anytimefitness.co.nz,"Ferrymead, Christchurch"
3668,-34.04877,150.75701,"shop 14b, 2-4 Main Street",,Mt Annan,New South Wales,AU,2567,AU-1229,02 4647 7664,mtannan@anytimefitness.com.au,Mt Annan
3669,50.87836,-114.02225,1800 194th Ave SE,,Calgary,Alberta,CA,T2X 0R3,3980,587 352 2407,ChaparralAB@anytimefitness.ca,Calgary (Chaparral)
3670,34.73058,135.38418,大島1-24-1　エスパス武庫川 2F,,尼崎市,兵庫県,JP,〒660-0076,JP-1225,06-6435-9101,afmukogawa223_info@anytimefitness.jp,尼崎市 (武庫川店)
3671,46.72107,-92.0907,823 Belknap St,,Superior,Wisconsin,US,54880,895,(715) 392-6003,SuperiorWI@anytimefitness.com,Superior
3672,51.86592,-2.24539,13/23 Northgate Street,,Gloucester,West Midlands,GB,GL1 2AN,UK-0466,,gloucester@anytimefitness.co.uk,Gloucester
3673,41.023478,-78.412871,1800 Daisy St,,Clearfield,Pennsylvania,US,16830,4848,814-761-0775,ClearfieldPA@anytimefitness.com,Clearfield
3674,-31.43339,152.9071,Short Street and Haywood Street,,Port Macquarie,New South Wales,AU,2444,AU-1063,02 6583 7356,portmacquarie@anytimefitness.com.au,Port Macquarie
3675,1.33537,103.72152,"1 Yung Sheng Road, #01-02 Taman Jurong Community Club",,Singapore,South West,SG,618495,SG-0020,+65 9231 0102,taman.jurong@anytimefitness.sg,Taman Jurong
3676,-38.68928,176.0733,80 Tuwharetoa Street,,Taupo,Waikato,NZ,3300,NZ-1044,07 3765219,taupo@anytimefitness.co.nz,Taupo
3677,36.01912,-115.05329,1510 W Horizon Rdg Pkwy,,Henderson,Nevada,US,89012,1210,(702) 202-1371,HendersonNV2@anytimefitness.com,Henderson (W. Horizon)
3678,1.35207,103.86067,151 Lorong Chuan #01-12,,New Tech Park,North East,SG,556741,SG-0062,8874 1521,NewTechPark@anytimefitness.sg,New Tech Park
3679,50.93059,-114.02498,14919 Deer Ridge Dr SE,,Calgary,Alberta,CA,T2J 7C4,3961,587 351 2407,CalgaryDeerRidge@anytimefitness.ca,Calgary
3680,35.39265,139.38124,倉見1089 1-2F,,高座郡寒川町,神奈川県,JP,〒253-0101,JP-2658,0467-53-7156,af_samukawa894_info@anytimefitness.jp,寒川町 (寒川店)
3681,34.58425,135.51653,北区北花田町3-17-6 ホリゾンビル 4F,,堺市,大阪府,JP,〒591-8002,JP-1304,072-275-4380,af_nhanada297_info@anytimefitness.jp,堺市 (北花田店)
3682,32.00714,-97.09832,303 Coke St.,,Hillsboro,Texas,US,76645,2506,(254)582-2929,HillsboroTX@anytimefitness.com,Hillsboro
3683,31.17915,-83.77892,803 1st Ave SE,,Moultrie,Georgia,US,31768,2628,(229) 668-2348,MoultrieGA@anytimefitness.com,Moultrie
3684,40.40416,-3.71712,Paseo Pontones 31,,Madrid,Madrid,ES,28005,SP-0096,,,Madrid (Madrid)
3685,50.70709,-113.97754,200 Southridge Dr,,Okotoks,Alberta,CA,T1S 0B2,4121,403 842 2407,OkotoksAB@anytimefitness.ca,Okotoks
3686,49.181502,-122.843,9900 King George Blvd,,Surrey,British Columbia,CA,V3T 4Y3,4943,,SurreyBC11@anytimefitness.com,Surrey
3687,2.99892,101.44335,"1-18, 1-19, 1-20, 1-21, Impiria Residency 21C, Lorong Batu Nilam",,"Bukit Tinggi, Klang",Selangor,MY,41200,MY-0046,012 966 0113,ImpiriaBukitTinggi@anytimefitness.my,Impiria Bukit Tinggi
3688,53.12297,-1.25669,"Unit E, The Broad Centre",,Sutton-in-Ashfield,East Midlands,GB,NG17 5FH,UK-0229,01623 272872,sutton-in-ashfield@anytimefitness.co.uk,Sutton-in-Ashfield
3689,1.32923,103.86945,No. 15 Tai Thong Crescent,,Singapore,Central Singapore,SG,,SG-0047,+65 8748 8208,sales.potongpasir@anytimefitness.sg,Potong Pasir
3690,40.40036,-3.70007,Paseo de Santa Maria de la Cabeza 64,,Arganzuela,Madrid,ES,28045,SP-0075,662252202,arganzuela@anytimefitness.es,Arganzuela (Madrid)
3691,33.23289,131.60477,東大道1-3-1 KCAアクロスプラザ大分駅南 1F,,大分市,大分県,JP,〒870-0823,JP-1520,097-535-7742,af_oitaekis507_info@anytimefitness.jp,大分市 (大分駅南店)
3692,47.49257,-94.90566,2526 Hannah Ave,,Bemidji,Minnesota,US,56601,19,(218) 444-5529,Bemidji@anytimefitness.com,Bemidji
3693,41.33928,-89.11927,1035 Shooting Park Rd,,Peru,Illinois,US,61354,2847,(815) 223-7070,PeruIL@anytimefitness.com,Peru
3694,42.03589,-87.9392,849 S Elmhurst Rd,,Des Plaines,Illinois,US,60016,4010,(847) 258-4962,DesPlainesIL2@anytimefitness.com,Des Plaines
3695,41.58171,-93.61984,300 W Martin Luther King Jr. Pkwy,,Des Moines,Iowa,US,50309,2911,(515) 288-0151,DowntownDSM@anytimefitness.com,Des Moines
3696,33.137764,-117.130684,1234 E Mission Rd,,San Marcos,California,US,92069,4003,760-203-4347,SanMarcosCA@anytimefitness.com,San Marcos
3697,1.33289,103.849,Blk 190 Lorong 6 Toa Payoh #03-512,,Singapore,Central Singapore,SG,310190,SG-0017,+65 8379 8092,sales.toapayoh@anytimefitness.sg,Toa Payoh
3698,28.052078,-81.77674,444 Havendale Blvd,,Auburndale,Florida,US,33823,2313,(863) 965-4695,AuburndaleFL@anytimefitness.com,Auburndale
3699,32.35556,-93.71481,1931 Southern Loop,,Shreveport,Louisiana,US,71106,4473,318-703-3990,ShreveportLA7@anytimefitness.com,Shreveport (Southern Loop)
3700,34.023846,-84.139313,2615 Peachtree Industrial Blvd,,Duluth,Georgia,US,30097,1342,(770) 232-4949,DuluthGA@anytimefitness.com,Duluth
3701,37.53473,-77.52653,7101 Forest Hill Ave,,Richmond,Virginia,US,23225,3652,(804) 404-3604,RichmondVA3@anytimefitness.com,Richmond (Forest Hill Ave)
3702,49.886448,-119.494121,454 Bernard Ave,,Kelowna,British Columbia,CA,V1Y 6N7,4559,236 420 1333,KelownaBC2@anytimefitness.ca,Kelowna
3703,35.6088911,-105.223553,1650 7th St,,Las Vegas,New Mexico,US,87701,4897,505.587.7870,LasVegasNM@anytimefitness.com,Las Vegas
3704,43.868061,-92.489354,1600 2nd Ave NW,,Stewartville,Minnesota,US,55976,1740,(507) 533-1923,StewartvilleMN@anytimefitness.com,Stewartville
3705,28.5237,77.20796,28 Community Centre,,New Delhi,Delhi,IN,110017,IN-1080,+919810044949,saket.delhi@anytimefitness.in,"New Delhi, Saket"
3706,51.61486,-0.24503,Titan Court,,Mill Hill,Greater London,GB,NW7 2JA,UK-0105,020 3745 6779,millhill@anytimefitness.co.uk,London (Mill Hill)
3707,52.28918,-0.5987,"Unit 3 and 4,  Peter Crisp Building",,Rushden,East Midlands,GB,NN10 9YU,UK-0087,01933 824869,rushden@anytimefitness.co.uk,Rushden
3708,28.52598,77.37489,"Shop no. 1(A,B,C,D),02,03,04,05",,Noida,Uttar Pradesh,IN,201304,IN-1081,+919355153331,108.noida@anytimefitness.in,"Noida, Sector-108"
3709,45.69714,-73.93158,17680 Rue Charles,,Mirabel,Quebec,CA,J7S 1S1,9900082,450 508 3110,Mirabel@anytimefitness.quebec,Mirabel
3710,42.4049,-83.334359,15986 Middlebelt Rd,,Livonia,Michigan,US,48154,5363,(734) 469-4757,LivoniaMI2@anytimefitness.com,Livonia
3711,48.40218,-102.93042,801 Elm St,,Tioga,North Dakota,US,58852,3545,(701) 664-3456,TiogaND@anytimefitness.com,Tioga
3712,41.85804,12.46,Via della Magliana 63/A,,Roma,Roma,IT,00146,IT-0029,3914528236,magliana@anytimefitness.it,Roma (Magliana)
3713,39.1455,-77.41664,19942 Fisher Ave,,Poolesville,Maryland,US,20837,4249,(240) 489-3214,PoolesvilleMD@anytimefitness.com,Poolesville
3714,36.0278,140.05735,みどりの中央11-4 1F,,つくば市,茨城県,JP,〒305-0882,JP-1582,029-879-9201,af_midorino569_info@anytimefitness.jp,つくば市 (みどりの店)
3715,29.5791386,-98.586782,5138 UTSA Blvd,,San Antonio,Texas,US,78249,4940,210-966-8466,SanAntonioTX17@anytimefitness.com,San Antonio (The Plaza at UTSA)
3716,35.9522852,-86.6694413,7240 Nolensville Rd.,,Nolensville,Tennessee,US,37135,5607,615-234-9931,NolensvilleTN@anytimefitness.com,Nolensville
3717,28.01905,-82.76473,1471 Main St,,Dunedin,Florida,US,34698,2692,(727) 733-1100,DunedinFL@anytimefitness.com,Dunedin
3718,34.56593,135.51097,北区長曽根町720-1 2F,,堺市,大阪府,JP,〒591-8025,JP-1694,072-247-9308,af_shinkanaoka682_info@anytimefitness.jp,堺市 (新金岡店)
3719,43.08539,-89.26773,6420 Cottage Grove Rd,,Madison,Wisconsin,US,53718,332,(608) 221-1222,MadisonWI@anytimefitness.com,Madison (Cottage Grove Road)
3720,1.3346,103.96261,"#02-02C 5 Changi Business Park Central 1, Singapore 486038",,Upper Changi,North East,SG,486038,SG-0130,+65 86866181,ChangiCityPoint@anytimefitness.sg,Changi City Point
3721,-38.16353,145.93136,75 Queen Street,,Warragul,Victoria,AU,3820,AU-1586,0477289286,warragul@anytimefitness.com.au,Warragul
3722,35.66538,139.75144,西新橋2-35-2 ハビウル西新橋 2F,,港区,東京都,JP,〒105-0003,JP-2963,03-5843-7156,af_toranomon1174_info@anytimefitness.jp,港区 (虎ノ門店)
3723,14.57392,121.05814,"8006 Pioneer St., Pioneer Centre, Brgy. Kapitolyo",,Pasig City,Metro Manila,PH,1603,PH-0002,02 6310454,Pioneer@anytimefitness.ph,Pasig City (Pioneer)
3724,42.60921,-82.97191,15222 Canal Rd,,Clinton Township,Michigan,US,48038,1902,(586) 948-9910,ClintonTownshipMI@anytimefitness.com,Clinton Township
3725,43.49637,-112.07393,2141 W Broadway St,,Idaho Falls,Idaho,US,83402,496,(208) 542-9675,IdahoFallsID@anytimefitness.com,Idaho Falls
3726,50.86377,-1.27543,Locks Heath Shopping Centre,,Fareham,South East,GB,SO31 6DX,UK-0252,01489 232333,fareham@anytimefitness.co.uk,Locks Heath
3727,47.89073,-97.08143,3750 32nd Ave S,,Grand Forks,North Dakota,US,58201,125,(701) 738-0036,GrandForks@anytimefitness.com,Grand Forks
3728,-33.92344,151.0913,"Shop 7,8,9/721 Canterbury Rd",,Belmore,New South Wales,AU,2192,AU-1685,0493 609 020,belmore@anytimefitness.com.au,Belmore
3729,41.157026,-81.303318,"2500 Ohio 59, Kent",,Kent,Ohio,US,44240,5417,(330) 474-2910,KentonOH2@anytimefitness.com,Kent
3730,32.252966,-111.014133,2500 N Silverbell Rd,,Tucson,Arizona,US,85745,4671,(520) 999-8282,TucsonAZ4@anytimefitness.com,Tucson
3731,42.271,-84.9755,106 Redfield Plaza,,Marshall,Michigan,US,49068,5352,269.558.4585,MarshallMI@anytimefitness.com,Marshall
3732,43.55827,-79.74336,5602 Tenth Line W,,Mississauga,Ontario,CA,L5M 7L9,1818,905 812 7669,MississaugaON2@anytimefitness.ca,Mississauga (Tenth Line)
3733,-36.90508,174.75913,981 Mount Eden Road,,Auckland,Auckland,NZ,1024,NZ-1081,,threekings@anytimefitness.co.nz,Auckland
3734,34.111771,-83.586413,960 Lee St,,Jefferson,Georgia,US,30549,5300,706-708-4088,JeffersonGA@anytimefitness.com,Jefferson
3735,33.36322,-111.65565,8257 E. Guadalupe Rd.,,Mesa,Arizona,US,85212,91,(480) 354-0666,MesaAZ@anytimefitness.com,Mesa
3736,28.41135,77.319,"SCO 100- 101, 3rd Floor",,Faridabad,Haryana,IN,121002,IN-1197,+91 9220503331,16.faridabad@anytimefitness.in,"Faridabad, Haryana"
3737,-35.72448,174.32438,93-95 Walton Street,,Whangarei,Northland,NZ,0110,NZ-1009,09 4388863,whangarei@anytimefitness.co.nz,Whangarei
3738,33.58399,-92.85062,206 Garden Oaks Dr,,Camden,Arkansas,US,71701,2524,(870) 836-7100,CamdenAR@anytimefitness.com,Camden
3739,14.62344,120.99619,"SM Fairview, Upper Ground Floor Main Mall, Quirino Highway corner Regalado Avenue, Novaliches",,Quezon City,Metro Manila,PH,,PH-0190,09275795657,SMFairview@anytimefitness.ph,Fairview
3740,-27.61276,152.79407,196-198 Brisbane Road,,Booval,Queensland,AU,4305,AU-1253,0460 423 888,ipswich@anytimefitness.com.au,Booval
3741,42.51485,-82.89799,30110 Harper Ave,,St. Clair Shores,Michigan,US,48082,1336,(586) 415-9662,StClairShoresMI@anytimefitness.com,St. Clair Shores
3742,34.71886,135.01764,西区糀台5-9-4 エキソアレ西神中央 5F,,神戸市,兵庫県,JP,〒651-2273,JP-2900,078-995-5293,af_seishinchuou1111_info@anytimefitness.jp,神戸市 (エキソアレ西神中央店)
3743,52.70954,-2.75894,Cirrus House,,Shrewsbury,West Midlands,GB,SY1 1RT,UK-0107,01743 562 600,shrewsbury@anytimefitness.co.uk,Shrewsbury
3744,35.6909,139.92973,妙典5-13-33 2F,,市川市,千葉県,JP,〒272-0111,JP-2544,047-712-8092,af_myoden779_info@anytimefitness.jp,市川市 (妙典店)
3745,28.7540914,-81.8772804,27900 US Hwy 27S,,Leesburg,Florida,US,34748,5278,352.764.4422,OkahumpkaFL@anytimefitness.com,Leesburg
3746,35.78643,139.71197,赤羽北1-13-2　ペルマネンテ・アビ 1-2F,,北区,東京都,JP,〒115-0052,JP-1178,03-5948-4112,afakabanekita170_info@anytimefitness.jp,北区 (赤羽北店)
3747,35.40008,139.6161,磯子区森1-9-1 アクロスキューブ磯子 2F,,横浜市,神奈川県,JP,〒235-0023,JP-1486,045-353-5641,af_isogo474_info@anytimefitness.jp,横浜市 (磯子店)
3748,43.18985,-88.73977,804-806 W St,,Watertown,Wisconsin,US,53094,2527,(920) 390-2893,WatertownWI@anytimefitness.com,Watertown
3749,28.63043,77.30153,Plot Number 11 and 12,,New Delhi,Delhi,IN,110092,IN-1138,"+919625166582, +917982746995",ipextension.delhi@anytimefitness.in,"New Delhi, I.P. Extension"
3750,51.54028,-2.4132,17 East Walk,,Bristol,South West,GB,BS37 4AP,UK-0037,0117 9277225,yate@anytimefitness.co.uk,Bristol (Yate)
3751,42.53096,-82.94911,31887 Utica Rd.,,Fraser,Michigan,US,48026,518,(586) 285-1404,Fraser@anytimefitness.com,Fraser
3752,-33.40064,151.34769,"1-3 First Floor, 8 Brooks Avenue",,Wyoming,New South Wales,AU,2250,AU-1029,02 4328 2244,wyoming@anytimefitness.com.au,Wyoming
3753,22.62401,88.4427,"3rd Floor, Unit B, New Town Square, Athgara",,Kolkata,West Bengal,IN,700136,IN-1067,+919830115664,chinarpark.kolkata@anytimefitness.in,"Kolkata, Chinar Park"
3754,-27.65589,152.74744,5/422-436 Warwick Road,,Yamanto,Queensland,AU,4305,AU-1419,0476 374 048,yamanto@anytimefitness.com.au,Yamanto
3755,32.75288,129.87045,尾上町1-1 アミュプラザ新館 5F,,長崎市,長崎県,JP,〒850-0058,JP-2943,095-895-8566,af_amunagasaki1154_info@anytimefitness.jp,長崎市 (アミュプラザ長崎店)
3756,32.56084,-93.71163,3011 Airline Dr,,Bossier City,Louisiana,US,71111,2222,(318) 562-3472,BossierCityLA2@anytimefitness.com,Bossier City (3011 Airline)
3757,35.10892,138.86547,杉崎町13-59 1F,,沼津市,静岡県,JP,〒410-0033,JP-1728,055-957-6112,af_numazuchuo716_info@anytimefitness.jp,沼津市 (沼津中央店)
3758,41.61524,-93.73384,8405 Hickman Rd,,Urbandale,Iowa,US,50322,347,(515) 331-3600,Urbandale@anytimefitness.com,Urbandale
3759,35.192074,-102.056073,18500 W I-40,,Amarillo,Texas,US,79124,5025,806-542-3500,AmarilloTX5@anytimefitness.com,Amarillo (Bushland)
3760,35.8654,139.85617,美南3-12 イオンタウン吉川美南ANNEX 1F,,吉川市,埼玉県,JP,〒342-0038,JP-1301,048-940-7185,af_yoshimina295_info@anytimefitness.jp,吉川市 (イオンタウン吉川美南店)
3761,45.489868,-73.584282,2313 Saint- Catherine St W,,Montreal,Quebec,CA,H3H 1N2,9900022,,montreal.forum@anytimefitness.quebec,Montreal
3762,22.42018,114.23031,"L201A, Yiu On Shopping Centre, 2 Hang Hong Street, Ma On Shan",,Hong Kong,HONG KONG ISLAND,HK,,HK-0049,,YiuOn@anytimefitness.hk,Yiu On Shopping Centre
3763,37.82129,140.54949,保原町泉町94-1 1F,,伊達市,福島県,JP,〒960-0653,JP-1713,024-573-5354,af_date701_info@anytimefitness.jp,伊達市 (伊達店)
3764,-6.27524,106.71903,"Bintaro Junction Level 1, Jl. Jendral Sudirman",,Tangerang Selatan,Tangerang,ID,15224,ID-0004,+628118490596,BintaroJunction@anytimefitness.id,Bintaro Junction
3765,46.872033,-89.316539,400 River St,,Ontonagon,Michigan,US,49953,5289,(906) 884-4348,OntonagonMI@anytimefitness.com,Ontonagon
3766,26.32444,-80.20468,7613 N SR 7,,Parkland,Florida,US,33067,2942,(954) 346-2002,ParklandFL@anytimefitness.com,Parkland
3767,27.85458,-82.31612,11252 Boyette Rd,,Riverview,Florida,US,33569,3291,(813) 443-4747,RiverviewFL@anytimefitness.com,Riverview (Boyette)
3768,42.28461,-71.67034,10010-P Shops Way,,Northborough,Massachusetts,US,01532,4577,(508) 654-0057,NorthboroughMA@anytimefitness.com,Northborough
3769,20.64139,-105.23289,PLAZA CARACOL,,Puerto Vallarta,Jalisco,MX,48333,MX-1034,322 277 82 91,pvr.caracol@anytimefitness.com.mx,Puerto Vallarta (Plaza Caracol)
3770,33.7315,-116.2319,81801 Indio Blvd,,Indio,California,US,92201,656,(760) 772-9772,IndioCA@anytimefitness.com,Indio
3771,30.91095,75.83699,"Second and Third Floor,B-19-400/2",,Ludhiana,Punjab,IN,141010,IN-1101,"+91 9094368000, +91 9097187000",civillines.ludhiana@anytimefitness.in,"Ludhiana , Civil Lines, Punjab"
3772,51.35911,-0.19022,29 Brighton Road,,London,Greater London,GB,SM2 5AJ,UK-0260,0208 706 0780,sutton@anytimefitness.co.uk,Sutton
3773,29.93474,-90.10581,4600 Freret St,,New Orleans,Louisiana,US,70115,2440,(504) 899-2111,NewOrleansLA4@anytimefitness.com,New Orleans (Freret St)
3774,35.61707,139.57182,多摩区登戸3135 1F,,川崎市,神奈川県,JP,〒214-0014,JP-1350,044-712-3861,af_noborito339_info@anytimefitness.jp,川崎市 (登戸店)
3775,-43.53139,172.57389,1 Waimairi Road,,Christchurch,Canterbury,NZ,8041,NZ-1048,03 341 2220,church.corner@anytimefitness.co.nz,"Church Corner, Christchurch"
3776,33.37908,-104.52399, 1300 S Main St,,Roswell,New Mexico,US, 88203,4877,575.363.0663,RoswellNM@anytimefitness.com,Roswell
3777,51.46631,-0.19308,Piper Building,,London Fulham (Hurlingham),South East,GB,SW6 3EF,UK-0427,02077365332,hurlingham@anytimefitness.co.uk,London Fulham (Hurlingham)
3778,33.58797,130.4296,博多区博多駅東3-15-18　1-3F,,福岡市,福岡県,JP,〒812-0013,JP-1169,092-260-1983,afhakataekihigashi131_info@anytimefitness.jp,福岡市 (博多駅東店)
3779,34.622674,-98.461427,5338 NW Cache Rd,,Lawton,Oklahoma,US,73505,963,580-275-2009,LawtonOK1@anytimefitness.com,Lawton (NW Cache Rd)
3780,33.24834,-95.91318,2212 Live Oak St,,Commerce,Texas,US,75428,2409,(903) 886-8811,CommerceTX@anytimefitness.com,Commerce
3781,29.69502,-95.82854,15014 Lakefair Dr,,Richmond,Texas,US,77406,3877,(281) 762-1974,RichmondTX2@anytimefitness.com,Katy
3782,35.52645,139.69627,川崎区小川町10-1 TREEM 2F,,川崎市,神奈川県,JP,〒210-0023,JP-2920,044-223-7538,af_kawasakie1131_info@anytimefitness.jp,川崎東口 (川崎東口店)
3783,29.723373,-95.925639,5430 FM 359 S Rd,,Brookshire,Texas,US,77423,5187,281-533-4127,FulshearTX@anytimefitness.com,Fulshear
3784,-37.70078,144.88054,"Unit 3, 203 Melrose Drive",,Tullamarine,Victoria,AU,3043,AU-1591,03 9330 1821,tullamarine@anytimefitness.com.au,Tullamarine
3785,51.93185,4.58675,Fluiterlaan 431,,Capelle aan den Ijssel,Zuid-Holland,NL,2903 HN,NL-1008,+31 85 77 31 760,Capelle@anytimefitness.nl,Capelle aan den Ijssel
3786,34.93862,136.60146,泊小柳町4-5 1F,,四日市市,三重県,JP,〒510-0883,JP-1718,059-337-8148,af_yokkaichitomari706_info@anytimefitness.jp,四日市市 (イオンタウン四日市泊店)
3787,55.90036,-3.64272,The Hub,,Bathgate,Scotland,GB,EH48 1TQ,UK-0181,01506 374 123,bathgate@anytimefitness.co.uk,Bathgate
3788,13.71004,100.54309,Market Place Mall Nanlinchee,,Nanglinchee Market Place Mall (สาขานางลิ้นจี่),Bangkok,TH,10120,TH-0005,"063 168 5880, 022872196",Nanglinchee@anytimefitness.co.th,Nanglinchee Market Place Mall (สาขานางลิ้นจี่)
3789,25.03345,121.55479,台北市信義區信義路四段279號B1,,Taipei,臺北市,TW,,TW-0011,02-27032803,Xinyi.Anhe@anytimefitness.tw,台北信義安和 Xinyi Anhe (Taipei)
3790,44.02926,-92.74988,110 Main St W,,Kasson,Minnesota,US,55944,1897,(507) 634-8100,kassonMN@anytimefitness.com,Kasson
3791,51.7973,-0.07513,"The New Arcade, The Marquee Centre",,Hertford,East of England,GB,SG14 1SH,UK-0127,01992 350247,hertford@anytimefitness.co.uk,Hertford
3792,-33.81577,151.00938,12 Union Street,,Parramatta,New South Wales,AU,2150,AU-1873,,,Parramatta
3793,1.41788,103.83777,"Wisteria Mall, B1-26/27, 598 Yishun Ring Road",,Wisteria,North West,SG,7668698,SG-0056,+65 9615 5678,Wisteria@anytimefitness.sg,Wisteria
3794,37.61315,140.46148,油井字福岡440 2F,,二本松市,福島県,JP,〒969-1404,JP-1633,0243-24-8853,af_nihonmatsu622_info@anytimefitness.jp,二本松市 (二本松店)
3795,44.95669,-89.62673,409 Forest St,,Wausau,Wisconsin,US,54403,2465,(715) 298-9500,WausauWI@anytimefitness.com,Wausau
3796,47.64919,-122.34825,837 N. 34th St.,,Seattle,Washington,US,98103,106,(206) 545-4348,FremontWA@anytimefitness.com,Seattle (Fremont)
3797,47.32389,-122.35602,1614 SW Dash Point Rd,,Federal Way,Washington,US,98023,3832,(206) 212-6176,FederalWayWA@anytimefitness.com,Federal Way
3798,45.01791,-93.02126,2515 White Bear Ave,,Maplewood,Minnesota,US,55109,5209,(651) 571-5570,MaplewoodMN2@anytimefitness.com,Maplewood
3799,52.06059,6.10236,Imboslaan 71,,Dieren,Gelderland,NL,6951 KA,NL-1106,+31 313 200 919,dieren@anytimefitness.nl,Dieren
3800,57.48515,-4.21815,26 Harbour Road,,Inverness,Scotland,GB,IV1 1UA,UK-0425,01463 592 200,inverness@anytimefitness.co.uk,Inverness
3801,41.58321,-71.49433,1051 Ten Rod Rd,,North Kingstown,Rhode Island,US,02852,3974,(401) 386-9001,NorthKingstownRI@anytimefitness.com,North Kingstown
3802,33.96791,-117.649584,15709 Euclid Ave,,Chino,California,US,91710,4926,909-550-1016,Chino@anytimefitness.com,Chino
3803,34.78788,134.59431,網干区北新在家1 1F,,姫路市,兵庫県,JP,〒671-1235,JP-2599,079-289-5178,af_aboshi835_info@anytimefitness.jp,姫路市 (網干店)
3804,20.60202,-103.44769,"Boulevard Bugambilias, número 2299, Local A-10B",,Zapopan,Jalisco,MX,45237,MX-1142,3332171151,bugambilias.jal@anytimefitness.com.mx,Zapopan (Bugambilias)
3805,41.41364,-82.23956,7590 Oak Point Rd,,Amherst,Ohio,US,44001,2293,(440) 984-4961,AmherstOH@anytimefitness.com,Amherst
3806,-6.25576,106.81278,KEMANG RAYA NO. 8 MAMPANG PRAPATAN,,La Codefin Kemang,Jakarta,ID,12730,ID-0010,,LaCodefinKemang@anytimefitness.id,La Codefin Kemang
3807,27.87921,-82.83309,11700 Oakhurst Rd,,Largo,Florida,US,33774,1640,(727) 388-9010,SeminoleFL@anytimefitness.com,Largo
3808,41.73738,-71.30518,180-188 County Rd,,Barrington,Rhode Island,US,02806,3745,401-477-9331,BarringtonRI@anytimefitness.com,Barrington
3809,40.737065,-96.683212,7301 S 27th St,,Lincoln,Nebraska,US,68512,4764,402.742.7777,LincolnNE3@anytimefitness.com,Lincoln
3810,-32.05023,150.86695,177 Kelly Street,,Scone,New South Wales,AU,2337,AU-1454,02 6545 1631,scone@anytimefitness.com.au,Scone
3811,29.547008,-95.613002,17034 University Blvd,,Sugar Land,Texas,US,77479,4958,346-304-2560,sugarland.manager@anytimefitness.com,Sugar Land
3812,26.78323,80.99108,"Second Floor, Sky Line Plaza-1",,Lucknow,Uttar Pradesh,IN,226030,IN-1176,"+91 7007131031, +91 9076788814",ansal.lucknow@anytimefitness.in,"Lucknow, Ansal Golf City, Uttar Pradesh"
3813,-36.8014,174.64057,124 Hobsonville Road,,Auckland,Auckland,NZ,0618,NZ-1031,021 2233 000,hobsonville@anytimefitness.co.nz,"Hobsonville, Auckland"
3814,34.60923,-98.36048,2304 E Gore Blvd,,Lawton,Oklahoma,US,73507,2366,(580) 699-8484,LawtonOK2@anytimefitness.com,Lawton (E Gore Blvd)
3815,50.81758,-0.37243,2 Newland Road,,Worthing,South East,GB,BN11 1JR,UK-0066,01903 688247,worthing@anytimefitness.co.uk,Worthing
3816,35.67029,139.6159,上高井戸1-8-4,,杉並区,東京都,JP,〒168-0074,JP-3010,03-6304-6321,af_hachimanyama1221_info@anytimefitness.jp,杉並区 (八幡山店)
3817,28.66731,77.33141,Aero City Centre Mall,,Ghaziabad,Uttar Pradesh,IN,201011,IN-1165,9870508880,suryanagar.ghaziabad@anytimefitness.in,"Ghaziabad, Surya Nagar"
3818,36.08818,-79.88529,5605 W Friendly Ave,,Greensboro,North Carolina,US,27410,4218,(336) 542-0539,GreensboroNC@anytimefitness.com,Greensboro
3819,51.58289,-0.10212,6-9 Salisbury Promenade,,London (Harringay),Greater London,GB,N8 0RX,UK-0447,020 7183 8868,harringay@anytimefitness.co.uk,London (Harringay)
3820,36.199228,-86.74108,2701 Gallatin Pike Rd.,,Nashville,Tennessee,US,37216,5085,(615) 649-8677,NashvilleTN4@anytimefitness.com,Nashville
3821,31.66033,74.85218,"1st Floor, SCO No. 11-12",,Amritsar,Punjab,IN,143008,IN-1134,+91 9650935940,ranjitavenue.amritsar@anytimefitness.in,"Amritsar, Ranjit Avenue, Punjab"
3822,34.19824,-101.75101,1601 Kermit St.,,Plainview,Texas,US,79072,2252,(806) 296-7777,PlainviewTX@anytimefitness.com,Plainview
3823,40.51613,141.50151,城下4-25-6 1F,,八戸市,青森県,JP,〒031-0072,JP-1548,0178-20-8518,af_hachinohechuo536_info@anytimefitness.jp,八戸市 (八戸中央店)
3824,28.9158,-81.93191,510 E Hwy 466,,Lady Lake,Florida,US,32159,3011,(352) 633-0868,LadyLakeFL@anytimefitness.com,Lady Lake
3825,42.96277,-90.12991,401 N Iowa St,,Dodgeville,Wisconsin,US,53533,2450,(608) 930-2691,DodgevilleWI@anytimefitness.com,Dodgeville
3826,-32.07884,115.84306,170 Murdoch Drive,,Murdoch,Western Australia,AU,6150,AU-1737,0431 780 166,murdoch@anytimefitness.com.au,Murdoch
3827,47.798221,-103.28267,102 4th Ave SE,,Watford City,North Dakota,US,58854,5043,701-842-4317,WatfordCityND2@anytimefitness.com,Watford City
3828,33.60979,-111.7253,16425 E Palisades Blvd,,Fountain Hills,Arizona,US,85268,120,(480) 837-5151,FountainHills@anytimefitness.com,Fountain Hills
3829,35.38378,136.68596,稲里678-1 1F,,瑞穂市,岐阜県,JP,〒501-0224,JP-1609,058-372-2511,af_gifumizuho597_info@anytimefitness.jp,瑞穂市 (岐阜瑞穂店)
3830,35.70345,139.6485,高円寺南3-46-10　VORT高円寺南 3-4F,,杉並区,東京都,JP,〒166-0003,JP-1007,03-5305-6872,afkoenji07_info@anytimefitness.jp,杉並区 (高円寺店)
3831,40.86053,-96.6831,4900 N 26th St,,Lincoln,Nebraska,US,68521,4768,402.438.7777,LincolnNE2@anytimefitness.com,Lincoln
3832,-35.07615,138.59323,130-150 Hub Drive,,Aberfoyle Park,South Australia,AU,5159,AU-1248,08 8270 1022,aberfoylepark@anytimefitness.com.au,Aberfoyle Park
3833,29.64308,-98.48924,20079 Stone Oak Pkwy,,San Antonio,Texas,US,78258,272,(210) 403-2900,StoneOak@AnytimeFitness.com,San Antonio (Hardy Oak)
3834,39.463908,-107.264633,7025 Colorado 82,,Glenwood Springs,Colorado,US,81601,4776,(970) 945-6000,GlenwoodSpringsCO@anytimefitness.com,Glenwood Springs
3835,33.1259,-96.12892,4800 Joe Ramsey Blvd E,,Greenville,Texas,US,75401,2696,(903) 455-5500,GreenvilleTX@anytimefitness.com,Greenville
3836,32.73467,-89.534,303 S Van Buren Street,,Carthage ,Mississippi,US,39051,3628,(601) 741-8079,CarthageMS@anytimefitness.com,Carthage 
3837,34.05635,131.5734,天神1-10-21 1F,,防府市,山口県,JP,〒747-0034,JP-2528,0835-28-1681,af_hofutenjin763_info@anytimefitness.jp,防府市 (防府天神店)
3838,51.41268,-0.30541,1 Wood St,,London (Kingston Upon Thames),Greater London,GB,KT1 1TY,UK-0476,020 8149 6149,kingston@anytimefitness.co.uk,London (Kingston Upon Thames)
3839,35.25545,136.8838,熊之庄西出82 2F,,北名古屋市,愛知県,JP,〒481-0006,JP-2574,0568-48-3327,af_kumanosho810_info@anytimefitness.jp,北名古屋市 (熊之庄店)
3840,42.72799,-90.47447,555 Ellen St,,Platteville,Wisconsin,US,53818,3172,(608) 348-8811,PlattevilleWI@anytimefitness.com,Platteville
3841,28.4749,77.0441,"SCO 37, 1st, 2nd, 3rd floor",,Gurugram,Haryana,IN,122001,IN-1162,9625850014,14.gurgaon@anytimefitness.in,"Gurugram, Sector 14"
3842,1.35396,103.83419,246S Upper Thomson Road,,New Upper Thomson,Central Singapore,SG,S574370,SG-0069,8855 0955,newupperthomson@anytimefitness.sg,New Upper Thomson
3843,51.64995,-3.98989,"Unit 10B, Park Fforestfach",,Swansea (Fforestfach),Wales,GB,SA5 4BB,UK-0088,01792 720550,swansea@anytimefitness.co.uk,Swansea (Fforestfach)
3844,37.29404,-76.5127,7084 Hayes Shopping Ct,,Hayes,Virginia,US,23072,2998,(804) 684-1430,HayesVA@anytimefitness.com,Hayes
3845,25.59529,-103.40488,Autopista Torreón-San Pedro #505,,Torreón,Coahuila,MX,27105,MX-1066,(87) 1268 7774,plaza505torreon@anytimefitness.com.mx,Torreón (Plaza 505)
3846,28.39787,77.06449,"Second Floor, North Block Tee Point",,Gurgaon,Haryana,IN,122002,IN-1131,+919090109050,65.gurgaon@anytimefitness.in,"Gurgaon, Sector-65"
3847,3.16035,101.73694,"Great Eastern Mall, 303, Jalan Ampang, Desa Pahlawan",,Kuala Lumpur,Kuala Lumpur,MY,55000,MY-0068,,JalanAmpang@anytimefitness.my,Jalan Ampang
3848,51.26763,-1.08591,Crown Heights,,Basingstoke,South East,GB,RG21 7SY,UK-0010,01256 533054,basingstoke@anytimefitness.co.uk,Basingstoke
3849,33.8471,-83.91106,4060 Atlanta Hwy,,Loganville,Georgia,US,30052,3118,(770) 466-8226,LoganvilleGA@anytimefitness.com,Loganville
3850,34.72772,135.1367,北区北五葉1-13 2F,,神戸市,兵庫県,JP,〒651-1131,JP-2915,078-597-7850,af_suzurandai1126_info@anytimefitness.jp,神戸市 (鈴蘭台店)
3851,30.24977,-92.27052,1401 The Blvd,,Rayne,Louisiana,US,70578,3007,(337) 393-2450,RayneLA@anytimefitness.com,Rayne
3852,46.9756,-123.8501,2616 Simpson Ave,,Aberdeen,Washington,US,98520,2585,(360) 637-9111,AberdeenWA@anytimefitness.com,Aberdeen
3853,30.29064,-91.91143,1880 Rees St,,Breaux Bridge,Louisiana,US,70517,2357,(337) 442-6558,BreauxBridgeLA@anytimefitness.com,Breaux Bridge
3854,51.45499,0.14611,Royal Oak Road,,Bexleyheath,Greater London,GB,DA6 7AD,UK-0128,0203 7457451,bexleyheath@anytimefitness.co.uk,Bexleyheath
3855,47.406714,-122.325557,21819 Marine View Dr S,,Des Moines,Washington,US,98198,4796,206-460-1212  ,DesMoinesWA@anytimefitness.com,Des Moines
3856,39.39846,-77.34555,6077 Spring Rdg. Pkwy.,,Frederick,Maryland,US,21701,2593,(301) 378-2906,FrederickMD@anytimefitness.com,Frederick
3857,43.03548,-83.51662,622 N State Rd,,Davison,Michigan,US,48423,1774,(810) 653-1981,DavisonMI@anytimefitness.com,Davison
3858,35.43958267,-95.97898244,303 E Main St,,Henryetta,Oklahoma,US,74437,4636,(918) 956-0888,HenryettaOK@anytimefitness.com,Henryetta
3859,35.68232,139.4467,富士見台2-15-7 富士商事ビル B1-1F,,国立市,東京都,JP,〒186-0003,JP-2969,042-505-5650,af_yaho1180_info@anytimefitness.jp,国立市 (谷保店)
3860,14.11312,121.14259,"Almeda Arcade, Maharlika Highway, Poblacion 1",,Sto. Tomas Batangas,Batangas,PH,,PH-0176,,StoTomasBatangas@anytimefitness.ph,Almeda Arcade Sto. Tomas Batangas
3861,35.92847,-86.53534,1932 Almaville Rd,,Smyrna,Tennessee,US,37167,1325,(615) 534-2449,SmyrnaTN@anytimefitness.com,Smyrna
3862,1.31165,103.79441,31A Lorong Mambong,,Holland Village,Central Singapore,SG,277689,SG-0100,+65 8720 1736,HollandVillage@anytimefitness.sg,Holland Village
3863,35.48592,139.6534,神奈川区子安通2-240-1　 2F,,横浜市,神奈川県,JP,〒221-0021,JP-1091,045-534-6585,afshinkoyasu77_info@anytimefitness.jp,横浜市 (新子安店)
3864,1.31167,103.85614,"180 Kitchener Road, #06-04, City Square Mall",,Kallang,South West,SG,208539,SG-0137,,CitySquareMall@anytimefitness.sg,City Square Mall (City Square Mall)
3865,36.17025,-86.68453,2310 Lebanon Pike,,Nashville,Tennessee,US,37214,3262,6158869788,NashvilleTN3@anytimefitness.com,Donelson
3866,32.55708,-84.90488,7600 Schomburg Rd,,Columbus,Georgia,US,31909,4020,(706) 530-5900,ColumbusGA@anytimefitness.com,Columbus
3867,35.70048,139.54691,境南町1-8-1　武蔵野STビル 2F,,武蔵野市,東京都,JP,〒180-0023,JP-1105,0422-26-4371,afmusashisakai103_info@anytimefitness.jp,武蔵野市 (武蔵境店)
3868,35.6459,139.70665,恵比寿南3-1-1　恵比寿グリーングラス B1,,渋谷区,東京都,JP,〒150-0022,JP-1073,03-6303-2108,afebisu69_info@anytimefitness.jp,渋谷区 (恵比寿店)
3869,33.78696,-116.4823,67555 East Palm Canyon,,Cathedral City,California,US,92234,4771,760.459.8101,PalmSpringsCA@anytimefitness.com,Cathedral City (Palm Springs)
3870,32.94523,-85.95396,26 Broad St,,Alexander City,Alabama,US,35010,2446,(256) 329-1004,AlexanderCityAL@anytimefitness.com,Alexander City
3871,3.02577,101.61677,"101 R10, Lebuh Puteri",,Bandar Puteri Puchong,Selangor,MY,47301,MY-0002,0123003885,BandarPuteriPuchong@anytimefitness.my,Bandar Puteri Puchong
3872,33.07782,-96.86558,5701 E TX-121,,The Colony,Texas,US,75056,4229,(469) 795-7676,TheColonyTX@anytimefitness.com,The Colony
3873,28.552502,-81.593784,14131 West Colonial Dr,,Winter Garden,Florida,US,34787,4624,407-347-7554,WinterGardenFL@anytimefitness.com,Winter Garden
3874,41.798367,-71.335533,181 Highland Ave,,Seekonk,Massachusetts,US,02771,5457,774.229.4411,SeekonkMA@anytimefitness.com,Seekonk
3875,41.48218,-87.98068,800 W Laraway Rd,,New Lenox,Illinois,US,60451,4044,(815) 534-5647,NewLenoxIL@anytimefitness.com,New Lenox
3876,1.36472,103.84947,"340 Ang Mo Kio Ave 1,",,Ang Mo Kio,South East,SG,560340,SG-0144,,AngMoKioSouth@anytimefitness.sg,Ang Mo Kio South
3877,31.58126,130.54544,上之園町25-4,,鹿児島市,鹿児島県,JP,〒890-0052,JP-3059,099-822-6922,af_kagoshimachuo1269_info@anytimefitness.jp,鹿児島市 (鹿児島中央店)
3878,24.81408,-107.37454,"Plaza Las Quintas, Segundo Piso. Blvd. Dr Mora #1396,",,Culiacán,Sinaloa,MX,80060,MX-1101,6673418483,lasquintas.sin@anytimefitness.com.mx,Culiacán (Las Quintas)
3879,34.25557,-88.74387,2421 W Main St,,Tupelo,Mississippi,US,38801,116,(662) 844-1235,TupeloMS@anytimefitness.com,Tupelo (W Main St)
3880,-35.18553,138.4771,"Seaford Shopping Centre, Shop 21/108 Commercial Rd",,Seaford,South Australia,AU,5169,AU-1160,0437176877,seaford@anytimefitness.com.au,Seaford
3881,41.4381,-97.32353,333 E 23rd St,,Columbus,Nebraska,US,68601,277,(402) 564-3488,ColumbusNE@anytimefitness.com,Columbus
3882,1.33277,103.93948,BLK 88 BEDOK NORTH STREET 4 #01-163,,Bedok 85,South East,SG,460088,SG-0121,,Bedok85@anytimefitness.sg,Bedok 85
3883,33.85108,130.7613,八幡西区茶売町1-2 1-2F,,北九州市,福岡県,JP,〒806-0069,JP-2632,093-482-6131,af_chaurimachi868_info@anytimefitness.jp,北九州市 (八幡西茶売町店)
3884,33.77545,-89.82552,1301 Sunset Dr,,Grenada,Mississippi,US,38901,726,(662) 294-8882,GrenadaMS@anytimefitness.com,Grenada
3885,43.00603,-89.72983,1209 Springdale St,,Mount Horeb,Wisconsin,US,53572,2424,608-995-9955,MountHorebWI@anytimefitness.com,Mount Horeb (1209 Highway 18 & 151)
3886,28.64978,77.34093,"Hall no. 1, Ground Floor, Gaur Ganga - I , Sector-4, Vaishali",,Ghaziabad,Uttar Pradesh,IN,201010,IN-1028,+919582829272,vaishali.ghaziabad@anytimefitness.in,"Ghaziabad, Vaishali"
3887,35.68659,139.80529,森下4-12-6 フレンシア菊川 1F,,江東区,東京都,JP,〒135-0004,JP-1706,03-6240-2926,af_kikukawa694_info@anytimefitness.jp,江東区 (菊川店)
3888,34.06235,74.8188,218,,Srinagar,Jammu and Kashmir,IN,190008,IN-1048,+917006432028,jawaharnagar.srinagar@anytimefitness.in,"Srinagar, Jawahar Nagar"
3889,14.57287,121.14652,"The East Hub, Don Hilario Cruz",,Taytay,Rizal,PH,1920,PH-0206,,TheEastClub@anytimefitness.ph,The East Club
3890,42.80994,-83.70775,1145 N Leroy St,,Fenton,Michigan,US,48430 ,5128,810.215.1089,FentonMI@anytimefitness.com,Fenton
3891,35.99268,139.59987,大字平塚2518-1 1F,,上尾市,埼玉県,JP,〒362-0011,JP-1552,048-779-8313,af_ageohiratsuka538_info@anytimefitness.jp,上尾市 (上尾平塚店)
3892,1.42844,103.8474,"461 Yishun Ave 6, Singapore 760461",,Yishun,North East,SG,760461,SG-0156,,YishunEast@anytimefitness.sg,Yishun East
3893,31.56952,130.56336,与次郎1-7-20　アクロスプラザ与次郎 2F,,鹿児島市,鹿児島県,JP,〒890-0062,JP-1245,099-297-5066,af_yojiro234_info@anytimefitness.jp,鹿児島市 (与次郎店)
3894,40.93121,-98.38884,3721 W 13th St,,Grand Island,Nebraska,US,68803,135,(308) 382-4700,GrandIsland@anytimefitness.com,Grand Island
3895,49.16458,-121.95617,Unit 200 45833 Alexander Ave,,Chilliwack,British Columbia,CA,V2P 1L6,4433,604.794.7717,ChilliwackBC2@anytimefitness.ca,Chilliwack (Downtown Chilliwack)
3896,14.87444,-92.28573,"4ta Av. Sur, Kilometro 3.5, Carretera a Puerto Madero",,Tapachula,Chiapas,MX,30797,MX-1090,9623999903,hortensias.tapachula@anytimefitness.com.mx,Tapachula (Paseo Hortensias)
3897,34.36275,135.27809,信達牧野588-2 1F,,泉南市,大阪府,JP,〒590-0522,JP-2613,072-479-5751,af_sennan849_info@anytimefitness.jp,泉南市 (泉南店)
3898,35.70917,139.61264,上荻2-38-12　井口ビル 1F-2F,,杉並区,東京都,JP,〒167-0043,JP-1192,03-5303-9607,afkamiogi184_info@anytimefitness.jp,杉並区 (上荻店)
3899,35.71485,139.94342,本中山2-16-1 プラザ中山 2F,,船橋市,千葉県,JP,〒273-0035,JP-2939,047-711-1275,af_shimousa1150_info@anytimefitness.jp,船橋市 (下総中山店)
3900,-33.7849,151.20027,372 Eastern Valley Way,,Chatswood,New South Wales,AU,2067,AU-1734,,chatswoodeast@anytimefitness.com.au,Chatswood East
3901,40.72889,-99.07115,810 E 56th St,,Kearney,Nebraska,US,68847,1026,(308) 233-5500,KearneyNE@anytimefitness.com,Kearney
3902,37.17704,-113.2953,390 W State St,,Hurricane,Utah,US,84737,2745,(435) 429-1855,HurricaneUT@anytimefitness.com,Hurricane
3903,26.216433,-80.108184,1161 S Federal Hwy,,Pompano Beach,Florida,US,33062,5151,561-903-0474,PompanoBeachFL@anytimefitness.com,Pompano Beach
3904,33.46808,-94.09631,3415 Richmond Rd,,Texarkana,Texas,US,75503,2168,(903) 794-5348,TexarkanaTX@anytimefitness.com,Texarkana (Richmond Rd)
3905,45.48228,-73.57601,2630 Notre Dame Ouest,,Montreal,Quebec,CA,H3J 1N7,9900003,514 451 1530,notre.dame@anytimefitness.quebec,Montreal
3906,22.7886,86.18407,"Second Floor, House No. 10 and 11",,Jamshedpur,Jharkhand,IN,831001,IN-1049,+917070442222,bistupur.jamshedpur@anytimefitness.in,"Jamshedpur, Bistupur"
3907,42.60592,-88.42306,116-118 E Geneva Sq,,Lake Geneva,Wisconsin,US,53147,2923,(262) 248-2422,LakeGenevaWI@anytimefitness.com,Lake Geneva
3908,50.05425,-119.41234,11850 Oceola Rd,,Lake Country,British Columbia,CA,V4V 2T5,4077,778 480 6701,LakeCountryBC@anytimefitness.ca,Lake Country
3909,34.81229,135.37421,中筋8-12-29,,宝塚市,兵庫県,JP,〒665-0874,JP-2719,0797-62-6590,af_nakayamadera954_info@anytimefitness.jp,宝塚市 (中山寺店)
3910,35.19915,137.04135,北本地ヶ原町4-4-29 1F,,尾張旭市,愛知県,JP,〒488-0043,JP-1756,0561-56-2070,af_owariasahi744_info@anytimefitness.jp,尾張旭市 (尾張旭店)
3911,16.50536,80.66194,"4th Floor, Surya Parkash Complex",,Vijayawada,Andhra Pradesh,IN,520008,IN-1070,+919578001111,gnc.vijayawada@anytimefitness.in,"Vijayawada, Guru Nanak Colony"
3912,19.43416,-99.16613,Manuel Maria Contreras #133 Col. Cuauhtémoc,,Cuidad de México,Ciudad de Mexico,MX,06500,MX-1040,(55) 6725-0102,cuauhtemoc.cdmx@anytimefitness.com.mx,Ciudad de México (Cuauhtémoc)
3913,-37.93376,145.03485,"Level 1, 854 Nepean Highway",,Hampton East,Victoria,AU,3188,AU-1233,0429 000 984,hamptoneast@anytimefitness.com.au,Hampton East
3914,45.500839,-73.564659,1001 Blvd Robert-Bourassa,,Montreal,Quebec,CA,H3B 0A7,9900090,438 380 3459,robert.bourassa@anytimefitness.quebec,Montreal
3915,49.23108,-122.69195,19150 Lougheed Hwy,,Pitt Meadows,British Columbia,CA,V3Y 2H6,3546,(604) 457-4040,PittMeadowsBC@anytimefitness.ca,Pitt Meadows
3916,29.93631,-90.20248,7335 Jefferson Hwy,,Harahan,Louisiana,US,70123,3030,504-305-3395,HarahanLA@anytimefitness.com,Harahan
3917,53.84409,-0.42959,Flemingate Centre,,Beverley,Yorkshire and The Humber,GB,HU17 0NQ ,UK-0292,01482 247100,beverley@anytimefitness.co.uk,Beverley
3918,51.61313,0.5015,"De Burgh House, Market Road",,Wickford,Greater London,GB,SS12 0FD,UK-0506,01268 204247,wickford@anytimefitness.co.uk,Wickford
3919,35.70696,139.83247,立花3-13-4　グランフォーレ 2-3F,,墨田区,東京都,JP,〒131-0043,JP-1100,03-6657-0361,afhigashiazuma102_info@anytimefitness.jp,墨田区 (東あずま店)
3920,1.35633,103.73885,4 Bukit Batok St 41 #01-96/99/100,,Bukit Batok,North East,SG,,SG-0140,,AFBukitBatokLeQuest@anytimefitness.sg,Bukit Batok (Le Quest)
3921,30.17034,-93.24993,4740 Nelson Rd,,Lake Charles,Louisiana,US,70605,4290,(337) 944-0770,LakeCharlesLA2@anytimefitness.com,Lake Charles
3922,44.964394,-92.734415,1701 Ward Ave,,Hudson,Wisconsin,US,54016,355,(715) 386-5020,HudsonWI@anytimefitness.com,Hudson
3923,14.58682,121.04454,"2F Cherry Foodarama, Shaw Blvd",,Mandaluyong,Metro Manila,PH,,PH-0028,0917 5757429,shaw@anytimefitness.ph,Shaw Blvd
3924,45.51221,-92.99042,38873 14th Ave,,North Branch,Minnesota,US,55056,46,(651) 674-0580,NorthBranch@anytimefitness.com,North Branch
3925,14.30154,120.95669,"SM City Dasmarinas, Governors drive, corner Aguinaldo Highway, Brgy. Sampaloc 1",,Dasmarinas,Cavite,PH,,PH-0047,09100017930 / 437-6488,dasmacavite@anytimefitness.ph,Dasmarinas
3926,36.53741,136.67544,大桑3-22 1-2F,,金沢市,石川県,JP,〒921-8045,JP-1259,076-259-5603,af_kanaokuwa249_info@anytimefitness.jp,金沢市 (金沢大桑店)
3927,1.32422,103.86968,"1 Geylang Bahru Ln, #01-03 Kolam Ayer Community Club",,Singapore,South West,SG,339631,SG-0093,92282921,GeylangBahru@anytimefitness.sg,Geylang Bahru
3928,10.3426,123.91882,2/F Block 88 Bldg.  Oakridge Business Park,,Cebu,Cebu,PH,,PH-0033,0947 392 8604 /  0906 482 7860,AFOakridge@anytimefitness.ph,Oakridge
3929,22.33331,114.21548,"Shop A410, 4/F, Choi Wan Shopping Centre (Phase II), 45 Clear Water Bay Road 九龍牛池灣清水灣45號彩雲商場二期4樓，A41",,Ngau Chi Wan,KOWLOON,HK,,HK-0045,+852 61210360,ChoiWan@anytimefitness.hk,Choi Wan
3930,-35.55695,138.61648,75 - 77 Victoria Street,,Victor Harbor,South Australia,AU,5211,AU-1371,08 7522 4583,victorharbor@anytimefitness.com.au,Victor Harbor
3931,43.69169,-116.35228,350 S Eagle Rd,,Eagle,Idaho,US,83616,1140,(208) 939-5900,EagleID@anytimefitness.com,Eagle
3932,35.76594,139.72668,東十条4-2-13,,北区,東京都,JP,〒114-0001,JP-3053,,af_higashijujoekimae1263_info@anytimefitness.jp,北区 (東十条駅前店)
3933,44.348831,-93.95378,1903 N 3rd St,,St. Peter,Minnesota,US,56082,298,(507) 934-4604,StPeter@anytimefitness.com,St. Peter
3934,35.43203,139.55757,戸塚区品濃町541-3 オセアンビル 2F,,横浜市,神奈川県,JP,〒244-0801,JP-2944,045-987-0062,af_higashitotsuka1155_info@anytimefitness.jp,横浜市 (東戸塚店)
3935,41.13054,-96.25285,11863 S 216th St,,Gretna,Nebraska,US,68028,244,(402) 916-9111,GretnaNE@anytimefitness.com,Gretna
3936,51.51999,0.59325,125 Furtherwick Road,,Canvey Island,East of England,GB,SS8 7AT,UK-0266,01268 833622,Canveyisland@anytimefitness.co.uk,Canvey Island
3937,1.39221,103.90445,"11 Rivervale Crescent, Rivervale Mall,  #02-01",,Sengkang Rivervale,North East,SG,545082,SG-0030,+65 8868 0210,rivervale.ba@anytimefitness.sg,Sengkang Rivervale
3938,35.43447,139.95794,袖ヶ浦駅前1-31-1 1-2F,,袖ケ浦市,千葉県,JP,〒299-0269,JP-2665,0438-38-5752,af_sodegaura901_info@anytimefitness.jp,袖ヶ浦市 (袖ヶ浦駅前店)
3939,42.69781,-83.09349,2079 25 Mile Rd,,Shelby Charter Township,Michigan,US,48316,5087,(248) 963-2947,RochesterMI2@anytimefitness.com,Shelby Charter Township
3940,41.4629,-81.80242,3318 Warren Rd,,Cleveland,Ohio,US,44111,1448,(216) 941-1100,ClevelandOHWest@anytimefitness.com,Cleveland (Warren Rd)
3941,43.25641,-79.86717,59 King Street East,,Hamilton,Ontario,CA,L8N 1A5,6046,,hamilton@anytimefitness.ca,Hamilton
3942,51.46049,-0.12038,"Ivor House,",,London (Brixton),Greater London,GB,SW2 5RS,UK-0497,020 3336 6363,brixton@anytimefitness.co.uk,London (Brixton)
3943,-36.86905,174.61702,114 Swanson Road,,"Henderson, Auckland",Auckland,NZ,0610,NZ-1017,09 2138830,henderson@anytimefitness.co.nz,"Henderson, Auckland"
3944,35.31046,139.47998,片瀬海岸2-18-21,,藤沢市,神奈川県,JP,251-0035,JP-3042,0466-86-7061,af_kataseenoshima1252_info@anytimefitness.jp,藤沢市 (片瀬江の島店)
3945,31.72873,-98.98037,1101 Clements,,Brownwood,Texas,US,76801,2340,(325) 646-1909,BrownwoodTX@anytimefitness.com,Brownwood
3946,51.29024,-114.02364,122 85 Railway Ave,,Airdrie,Alberta,CA,T4B 3W9,3298,(403) 948-6653,AirdrieWest@anytimefitness.ca,Airdrie
3947,50.86268,5.83026,Leeuwhof 4A,,Valkenburg,Limburg,NL,6301 KZ,NL-1137,+31 6 11 80 81 49,valkenburg@anytimefitness.nl,Valkenburg
3948,19.01311,72.828,"5th Floor, Plot number 1091 TPS 4",,Mumbai,Maharashtra,IN,400025,IN-1095,+919920031701,prabhadevi.mumbai@anytimefitness.in,"Mumbai, Prabhadevi"
3949,-37.70793,176.29768,"Excelsa Centre, 4/1 Golden Sands Drive",,Tauranga,BOP,NZ,3118,NZ-1030,07 262 1123,goldensands@anytimefitness.co.nz,"Golden Sands, Papamoa"
3950,33.59674,131.2266,大新田290-1 1F,,中津市,大分県,JP,〒871-0001,JP-1745,0979-64-6380,af_nakatsukita733_info@anytimefitness.jp,中津市 (フレスポ中津北店)
3951,43.97703,-90.50455,1018 Superior Ave. S.,,Tomah,Wisconsin,US,54660,1102,(608) 372-7000,TomahWI@anytimefitness.com,Tomah
3952,28.30346,-82.70523,10053 US-19,,Port Richey,Florida,US,34668,3581,(727) 835-5550,PortRicheyFL@anytimefitness.com,Port Richey
3953,30.38834,-87.06819,3729 Gulf Breeze Pkwy.,,Gulf Breeze,Florida,US,32563,628,(850) 932-1111,GulfBreezeFL@anytimefitness.com,Gulf Breeze
3954,35.82805,139.90587,新松戸7-2 1F,,松戸市,千葉県,JP,〒270-0034,JP-1453,047-711-6693,af_shinmatsudo7446_info@anytimefitness.jp,松戸市 (新松戸７丁目店)
3955,52.77096,-1.57254,Astron Business Park,,Swadlincote,North West,GB,DE11 9DW,UK-0451,01283 895890,swadlincote@anytimefitness.co.uk,Swadlincote
3956,40.42722,-80.05587,2350 Noblestown Rd,,Pittsburgh,Pennsylvania,US,15205,3499,(412) 928-3200,PittsburghPA2@anytimefitness.com,Pittsburgh
3957,36.39623,139.73795,平柳町1-41-1 1F,,栃木市,栃木県,JP,〒328-0012,JP-2931,0282-21-7518,af_tochigi1142_info@anytimefitness.jp,栃木市 (栃木店)
3958,34.67073,133.94511,中区原尾島3-2-11 1F,,岡山市,岡山県,JP,〒703-8235,JP-1258,086-230-3320,af_okayamaharao251_info@anytimefitness.jp,岡山市 (岡山原尾島店)
3959,35.0087,135.75866,中京区御倉町75 ファーストコート三条両替町 2-3F,,京都市,京都府,JP,〒604-8166,JP-2852,075-606-4110,af_sanjokarasuma1063_info@anytimefitness.jp,京都市 (三条烏丸店)
3960,14.57011,121.17877,2ND FLOOR UNIT 22-2A VISTA MALL M.L. QUEZON AVE.,,Antipolo,Rizal,PH,1870,PH-0104,09694127881,VistaMallAntipolo@anytimefitness.ph,Vista Mall Antipolo
3961,39.75988,-94.23253,603 E Platte Clay Way,,Cameron,Missouri,US,64429,3017,(816) 632-6200,CameronMO@anytimefitness.com,Cameron
3962,1.34831,103.68313,"110 Nanyang Cres, Singapore 636956",,Singapore,North West,SG,636956,SG-0023,+65 8223 6335,NTU@anytimefitness.sg,NTU
3963,33.5869,-7.64451,12 Rue Ali Abderrazak,,Anfa,Casablanca-Settat,MA,20250,MA-0002,00212 (0)6 64 91 29 35,anfa@anytimefitness.ma,Anfa
3964,36.01697,139.73104,道佛3-3 1F,,南埼玉郡宮代町,埼玉県,JP,〒345-0811,JP-2673,0480-37-8126,af_miyashiro909_info@anytimefitness.jp,宮代町 (宮代店)
3965,41.73138,-92.72788,105 W St S,,Grinnell,Iowa,US,50112,484,(641) 236-5200,Grinnell@anytimefitness.com,Grinnell
3966,36.09495,140.07449,学園の森1-14-3 1F,,つくば市,茨城県,JP,〒305-0816,JP-1310,029-869-5280,af_gakuenmori305_info@anytimefitness.jp,つくば市 (学園の森店)
3967,35.90493,139.78153,大沢534　専門店プラザ「リンデン」1F,,越谷市,埼玉県,JP,〒343-0025,JP-1427,048-972-6660,af_kitakoshi411_info@anytimefitness.jp,越谷市 (北越谷店)
3968,41.29232,-96.23233,20231 Manderson St,,Elkhorn,Nebraska,US,68022,4443,(402) 939-7444,ElkhornNE@anytimefitness.com,Elkhorn
3969,36.5525,139.85659,鶴田町798-1 1F,,宇都宮市,栃木県,JP,〒320-0851,JP-1375,028-666-5325,af_utsuruta369_info@anytimefitness.jp,宇都宮市 (宇都宮鶴田店)
3970,34.20905,-119.1942,702 N Ventura Rd,,Oxnard,California,US,93030,3063,(805) 983-7770,OxnardCA@anytimefitness.com,Oxnard
3971,14.06551,121.32215,2nd Floor Lynderson Arcade Km. 81 Maharlika Highway Brgy. San Roque,,San Pablo,Laguna,PH,,PH-0005,(049) 559-3981 to 82,SanPablo@anytimefitness.ph,San Pablo
3972,14.54774,121.01453,"Patriarch Building 2224 Chino Roces cor. Don Bosco Street, Makati",,Makati,Metro Manila,PH,,PH-0147,"0917-836-5474, 02-833 42150",DonBosco-PasongTamo@anytimefitness.ph,Don Bosco - Pasong Tamo
3973,-37.67446,176.16587,65 Chapel Street,,Tauranga,BOP,NZ,3110,NZ-1013,07 5784757,tauranga@anytimefitness.co.nz,Tauranga
3974,35.10344,135.90504,衣川1-37-3 1F,,大津市,滋賀県,JP,〒520-0244,JP-1610,077-572-6760,af_otsukatada608_info@anytimefitness.jp,大津市 (大津堅田店)
3975,35.76388,139.66626,北町1-11-12 1F,,練馬区,東京都,JP,〒179-0081,JP-2573,03-6906-9215,af_nerimakita809_info@anytimefitness.jp,練馬区 (練馬北町店)
3976,28.70329,77.16196,"Second Floor, AL Market, Shalimar Bagh",,New Delhi,Delhi,IN,110088,IN-1002,+919910077270,shalimarbagh.delhi@anytimefitness.in,"New Delhi, Shalimar Bagh"
3977,19.43632,-99.23108,Av. Conscripto 360,,NAUCALPAN DE JUAREZ,Mexico,MX,53900,MX-1080,5582453578,hipodromo.cdmx@anytimefitness.com.mx,Ciudad de México (Hipódromo)
3978,36.358791,-86.499062,1545 Nashville Pike,,Gallatin,Tennessee,US,37066,3083,(615) 461 7429,GallatinTN@anytimefitness.com,Gallatin
3979,45.35056,-75.76184,"1377 Woodroffe Avenue, Unit D",,Ottawa,Ontario,CA,K2G 1V7,9900015,613 224 7077,college.square@anytimefitness.ca,Ottawa
3980,47.09596,-122.31534,17615 85th Ave Ct E,,Puyallup,Washington,US,98375,5121,253-210-8005,GemHeightsWA@anytimefitness.com,Puyallup (Gem Heights)
3981,24.03227,-104.64161,Av. Heroico Colegio Militar 103,,Durango,Durango,MX,34080,MX-1155,6181028585,distritoh.durango@anytimefitness.com.mx,Durango
3982,34.65773,135.14238,長田区松野通3-3-3 キャッツビル 2F,,神戸市,兵庫県,JP,〒653-0841,JP-1688,078-647-9011,af_shinnagata676_info@anytimefitness.jp,神戸市 (新長田店)
3983,40.304803,-105.087648,939 Mountain Ave,,Berthoud,Colorado,US,80513,5190,970-670-3838,BerthoudCO@anytimefitness.com,Berthoud
3984,52.34279,-1.57183,Talisman Square,,Kenilworth,West Midlands,GB,CV8 1JB,UK-0118,01926 808247,kenilworth@anytimefitness.co.uk,Kenilworth
3985,41.40147,2.19812,"Pallars, 203",,Poblenou Barcelona,Catalonia,ES,08005,SP-0003,+34 620 26 66 15,Poblenou@anytimefitness.es,Poblenou (Barcelona)
3986,-6.95368,107.60372,"Jl. Mekar Sejahtera, Mekarwangi, Kec. Bojongloa Kidul, Kota Bandung, Jawa Barat",,Jawa Barat,Bandung,ID,40237,ID-0083,,mekarwangi@anytimefitness.id,Mekarwangi (MW) Junction
3987,33.85727,130.88002,小倉南区富士見2-8-1 1F,,北九州市,福岡県,JP,〒802-0801,JP-2677,093-383-0761,af_kokuraminami913_info@anytimefitness.jp,北九州市 (小倉南店)
3988,35.86422,139.91447,市野谷247-2,,流山市,千葉県,JP,〒270-0137,JP-3084,,,流山市 (セントラルパークおおたかの森店)
3989,-36.84673,174.76289,42 Hobson Street,,Auckland,Auckland,NZ,1010,NZ-1046,09-213 0490,wyndhamstreet@anytimefitness.co.nz,"Wyndham St, CBD, Auckland"
3990,32.07965,130.34045,上知識町868 1-2F,,出水市,鹿児島県,JP,〒899-0212,JP-1682,0996-68-1025,af_izumi670_info@anytimefitness.jp,出水市 (出水店)
3991,28.42558,77.05752,"Baani Square 3rd Floor, Sector 50",,Gurgaon,Haryana,IN,122018,IN-1032,+919090109050,50.gurgaon@anytimefitness.in,"Gurgaon, Baani Square(Sec-50)"
3992,43.63857,-79.53738,5245 Dundas St W,,Etobicoke,Ontario,CA,M9B 1A5,5415,416 231 1121,Kipling@anytimefitness.ca,Etobicoke (Kipling)
3993,32.742729,-103.144679,3825 North Grimes St,,Hobbs,New Mexico,US,88240,4449,(575) 616-7600,HobbsNM@anytimefitness.com,Hobbs
3994,42.4335,-71.45312,52 Nason St,,Maynard,Massachusetts,US,01754,2262,(978) 938-4855,MaynardMA@anytimefitness.com,Maynard
3995,-33.83257,151.05017,"2 Slough Avenue, Unit 44",,Silverwater,New South Wales,AU,2128,AU-1205,0479 021 292,newington@anytimefitness.com.au,Newington
3996,-34.89514,138.61718,Crn Walkerville Tce and Smith Street (117 Walkerville Tce),,Walkerville,South Australia,AU,5081,AU-1423,0499005001,walkerville@anytimefitness.com.au,Walkerville
3997,43.7323794,-81.69323,414 Huron Rd,,Goderich,Ontario,CA,N7A 3A5,4662,226-421-4444,GoderichON@anytimefitness.ca,Goderich
3998,47.792037,-122.368011,22824 100th Ave West,,Edmonds,Washington,US,98020,4755,(425) 670-2373,EdmondsWA@anytimefitness.com,Edmonds
3999,14.28903,120.90186,"The Zhang Place, General Trias, 4107 Cavite",,Cavite,Cavite,PH,,PH-0254,,TheZhangPlace@anytimefitness.ph,The Zhang Place
4000,35.0248,138.48218,清水区大手1-6-7 スコットビル 2-3F,,静岡市,静岡県,JP,〒424-0808,JP-1398,054-340-5880,af_shimizuoote392_info@anytimefitness.jp,静岡市 (清水大手店)
4001,35.66434,139.75638,新橋4-9-1 新橋プラザビル 2F,,港区,東京都,JP,〒105-0004,JP-2648,03-6435-9145,af_shimbashi884_info@anytimefitness.jp,港区 (新橋店)
4002,25.17426,75.84911,"7D, New Colony, 3rd Floor, KDA Plaza",,Kota,Rajasthan,IN,324007,IN-1091,+919587303636,gumanpuraroad.kota@anytimefitness.in,"Kota, Gumanpura,"
4003,38.90032,-77.44916,14511 US Route 50,,Chantilly,Virginia,US,20151,3276,703.376.8550,ChantillyVA@anytimefitness.com,Chantilly
4004,28.67085,77.11031,"Second Floor, Third Floor & Terrace, A4/40, A 4 Block",,New Delhi,Delhi,IN,110063,IN-1171,"+91 9990594941, +91 9990594942",a4paschim.delhi@anytimefitness.in,"New Delhi, Paschim Vihar"
4005,35.47963,139.58515,羽沢町2-44,,横浜市神奈川区,神奈川県,JP,〒221-0863,JP-3018,045-465-6391,af_hazawayokokoku1229_info@anytimefitness.jp,横浜市 (羽沢横浜国大駅前店)
4006,35.210483,-90.203405,102 Block St,,Marion,Arkansas,US,72364,1135,(870) 739-1266,MarionAR@anytimefitness.com,Marion
4007,40.9583,-76.61326,603 E Market St,,Danville,Pennsylvania,US,17821,3106,(570) 271-0100,DanvillePA@anytimefitness.com,Danville
4008,42.62597,-88.62373,1420 E Geneva,,Delavan,Wisconsin,US,53115,2811,(262) 728-2407,DelavanWI@anytimefitness.com,Delavan
4009,39.34956,-84.22056,5765 S State Route 48,,Maineville,Ohio,US,45039,4132,(513) 480-0050,MainevilleOH@anytimefitness.com,Maineville
4010,28.5095,77.4156,"Laxmi Tower, Plot No. SH-45 & SH-46",,Noida,Uttar Pradesh,IN,201301,IN-1157,"+91 8860037200, +91 8860037300",141.noida@anytimefitness.in,"Noida,  Sector 141"
4011,39.2754224,-77.639331,18 Town Square,,Lovettsville,Virginia,US,20180,1297,540-668-5224,LovettsvilleVA@anytimefitness.com,Lovettsville
4012,34.67405,135.10692,須磨区妙法寺字荒打314-1 1F,,神戸市,兵庫県,JP,〒654-0121,JP-2660,078-754-5920,af_myohoji896_info@anytimefitness.jp,神戸市 (妙法寺店)
4013,45.46335,-122.68397,8502B SW Terwilliger Blvd,,Portland,Oregon,US,97219,4974,(503) 382-8833,PortlandOR@anytimefitness.com,Portland
4014,35.03661,136.95215,共和町2-6-9 1F,,大府市,愛知県,JP,〒474-0061,JP-2580,0562-38-7786,af_obu816_info@anytimefitness.jp,大府市 (大府店)
4015,-33.76971,150.76826,"Unit 2, 498-500 Great Western Highway",,St Marys,New South Wales,AU,2760,AU-1329,0296233300,stmarys@anytimefitness.com.au,St Marys
4016,35.88859,139.95083,若柴280-14 1-2F,,柏市,千葉県,JP,〒277-0871,JP-2626,04-7157-0822,af_kashiwanoha862_info@anytimefitness.jp,柏市 (柏の葉店)
4017,35.67523,140.04562,花見川区幕張本郷6-22-22 2F,,千葉市,千葉県,JP,〒262-0033,JP-2716,043-304-6856,af_makuharihongo951_info@anytimefitness.jp,千葉市 (幕張本郷店)
4018,3.0786,101.54859,"Emira Residence & Urban Retail, D'Kayangan",,Shah Alam,Selangor,MY,,MY-0062,0172028797,EmiraShahAlam@anytimefitness.my,Shah Alam
4019,38.854862,-94.379624,3504-3508 SW Market St,,Lee's Summit,Missouri,US,64082,5197,(816) 600-0139,LeesSummitMO2@anytimefitness.com,Lee's Summit
4020,35.47673,139.60285,神奈川区三ツ沢上町4-10 2-3F,,横浜市,神奈川県,JP,〒221-0856,JP-2557,045-620-7861,af_mitsuzawakami792_info@anytimefitness.jp,横浜市 (三ツ沢上町店)
4021,52.77442,-1.21015,Bridge Street,,Loughborough,East Midlands,GB,LE11 1NQ,UK-0161,01509 323600,loughborough@anytimefitness.co.uk,Loughborough
4022,1.34253,103.69246,Nanyang Community Club Building,,Jurong West,South West,SG,649040,SG-0014,+65 9475 5480,JurongWest@anytimefitness.sg,Jurong West (Nanyang)
4023,-33.77596,150.9676,53 Buckleys Road,,Winston Hills,New South Wales,AU,2153,AU-1526,0457 314 919,winstonhills@anytimefitness.com.au,Winston Hills
4024,35.88308,139.96678,大山台1-37 2F,,柏市,千葉県,JP,〒277-0837,JP-2667,04-7157-2181,af_kashiwaoyama903_info@anytimefitness.jp,柏市 (柏大山台店)
4025,51.79751,0.63731,103-105 Newland Street,,Witham,East of England,GB,CM8 1BE,UK-0222,01376 350247,witham@anytimefitness.co.uk,Witham
4026,51.73013,4.4399,Wethouder van der Veldenweg 5a,,Numansdorp,Zuid-Holland,NL,3281 AN,NL-1201,+31 0186200222,numansdorp@anytimefitness.nl,Numansdorp
4027,37.150559,-121.657013,715 Cochrane Rd,,Morgan Hill,California,US,95037,2417,(408) 776-8980,MorganHillCA@anytimefitness.com,Morgan Hill
4028,35.16051,-101.93674,4514 First United Bank Pkwy,,Amarillo,Texas,US,79119,4451,806-367-9842,AmarilloTX4@anytimefitness.com,Amarillo
4029,35.69229,139.7148,富久町13-1,,新宿区,東京都,JP,〒162-0067,JP-3054,03-5944-0450,af_shinjukutomihisacho1264_info@anytimefitness.jp,新宿区 (新宿富久町店)
4030,51.10912,-0.858,Unit 8c,,Bordon,South East,GB,GU35 0TN,UK-0367,01420 502247,bordon@anytimefitness.co.uk,Bordon
4031,-35.02089,138.61443,365 Shepherds Hill Road,,Blackwood,South Australia,AU,5051,AU-1157,08 8278 2709,blackwood@anytimefitness.com.au,Blackwood
4032,-35.2789,149.13076,"Level 1, Saraton Building",,Canberra City,Australian Capital Territory,AU,2601,AU-1105,02 6230 4555,civic@anytimefitness.com.au,Canberra City
4033,33.21814,-96.63794,2014 W University Dr,,McKinney,Texas,US,75071,3561,(469) 952-3488,McKinneyTX5@anytimefitness.com,McKinney (W University Dr)
4034,33.57711,130.49692,志免町田富 3-5-1 1F,,糟屋郡,福岡県,JP,〒811-2204,JP-1377,092-410-1141,af_shime365_info@anytimefitness.jp,志免町 (志免店)
4035,30.282589,-95.474057,850 S Loop 336,,Conroe,Texas,US,77304,4616,936-900-7079,ConroeTX2@anytimefitness.com,Conroe
4036,43.19147,-89.44605,604 E Main St,,Waunakee,Wisconsin,US,53597,691,(608) 849-8998,WaunakeeWI@anytimefitness.com,Waunakee
4037,26.91453,75.80831,"5th, Floor, City Mall, C21-B, Bhagwan Das Road, C-Scheme, Ashok Nagar, Jaipur",,Jaipur,Rajasthan,IN,302001,IN-1037,+918742080075,cscheme.jaipur@anytimefitness.in,"Jaipur, C-Scheme"
4038,-38.05381,145.11653,426 Nepean Highway,,Chelsea,Victoria,AU,3196,AU-1281,0432 531 088,chelsea@anytimefitness.com.au,Chelsea
4039,42.63224,141.55607,桜木町4-16-5 1F,,苫小牧市,北海道,JP,〒053-0832,JP-1488,0144-84-3675,af_tomakomaiw477_info@anytimefitness.jp,苫小牧市 (苫小牧西店)
4040,34.807701,-106.703179,2510 Main St,,Los Lunas,New Mexico,US,87031,4708,(505) 375-2400 ,LosLunasNM@anytimefitness.com,Los Lunas
4041,39.35115,-94.23481,959 N Jesse James Rd,,Excelsior Springs,Missouri,US,64024,234,(816) 630-6200,ExcelsiorSpringsMO@anytimefitness.com,Excelsior Springs
4042,14.42014,121.0344,"Lower Ground Floor, Westgate Hub, Commerce corner Filinvest Avenues, Filinvest Corporate City",,Muntinlupa,Metro Manila,PH,1781,PH-0029,(02) 809 1702 / 09157002396,AlabangWestGate@anytimefitness.ph,Alabang
4043,52.97809,-1.30517,Unit 2,,Ilkeston,East Midlands,GB,DE7 8DG,UK-0108,01158 247 444,ilkeston@anytimefitness.co.uk,Ilkeston
4044,33.683483,-84.232864,4760 Flat Shoals Pkwy,,Decatur,Georgia,US,30034,1374,(770) 674-4185,DecaturGA@anytimefitness.com,Decatur
4045,-33.91404,18.39125,,,Cape Town,Western Cape,ZA,8005,ZA-0004,0713151604,seapoint@anytimefitness.co.za,Sea Point
4046,-34.67373,138.6837,"Level 1, 234 Curtis Road",,Munno Para West,South Australia,AU,5114,AU-1270,0882889107,munnoparawest@anytimefitness.com.au,Munno Para West
4047,25.18289,51.60208,"Al Wakrah Main Street, Oryx Building",,Al Wakrah,Al Wakrah,QA,,QA-0001,+974 44111999,alwakrah@anytimefitnessarabia.com,Al Wakrah
4048,34.25679,-84.48173,110 Bluffs Pkwy,,Canton,Georgia,US,30114,1790,(678) 880-1776,RiverstoneGA@anytimefitness.com,Canton (Riverstone)
4049,26.609,-82.02582,2354 Surfside Blvd,,Cape Coral,Florida,US,33991,1517,(239) 283-5900,CapeCoralFL3@anytimefitness.com,Cape Coral (Surfside Blvd)
4050,26.60237,-81.97474,2708 Santa Barbara Blvd,,Cape Coral,Florida,US,33914,1518,(239) 549-3488,CapeCoralFL2@anytimefitness.com,Cape Coral (Santa Barbara Blvd)
4051,-26.41211,152.91461,13 Kauri Street,,Cooroy,Queensland,AU,4563,AU-1030,07 5447 6488,cooroy@anytimefitness.com.au,Cooroy
4052,52.05763,-2.71448,"Unit 48/49, Maylord Shopping Centre",,Hereford,West Midlands,GB,HR1 2DT,UK-0355,01432 607 001,hereford@anytimefitness.co.uk,Hereford
4053,-33.96361,151.13448,24 Montgomery Street,,Kogarah,New South Wales,AU,2217,AU-1743,0409 527 358,kogarah@anytimefitness.com.au,Kogarah
4054,-29.70582,152.94253,Shop 2 / 5 Iolanthe Street,,Grafton,New South Wales,AU,2460,AU-1319,0266423055,grafton@anytimefitness.com.au,Grafton
4055,14.63682,121.10166,ULS-305 3rd Level Xeland Mall  Guerilla St. corner Mayor Gil Fernando Ave.,,Marikina,Metro Manila,PH,1800,PH-0116,,AFMarikinaXeland@anytimefitness.ph,Marikina Xeland
4056,35.66217,140.04278,美浜区幕張西4-2-12 イオンタウン幕張西 2F,,千葉市,千葉県,JP,〒261-0026,JP-2784,043-306-8367,af_makuharinishi1016_info@anytimefitness.jp,千葉市 (イオンタウン幕張西店)
4057,14.59525,121.17263,"Unit 2054 Robinsons Place Antipolo, Sumulong Highway",,Antipolo,Metro Manila,PH,,PH-0049,0906 320 3131,antipolo@anytimefitness.ph,Antipolo
4058,35.48985,139.45024,西鶴間1-14-10　エフ・ティプラザ鶴間 1F,,大和市,神奈川県,JP,〒242-0005,JP-1188,046-259-7566,aftsuruma175_info@anytimefitness.jp,大和市 (鶴間店)
4059,33.59667,130.40866,博多区店屋町6-18 ランダムスクエアI 1F,,福岡市,福岡県,JP,〒812-0025,JP-2974,092-260-1418,af_tenyamachi1185_info@anytimefitness.jp,福岡市 (店屋町店)
4060,45.35,-75.73116,1651 Merivale Rd,,Ottawa,Ontario,CA,K2G 3K2,4493,613-695-9588,OttawaON11@anytimefitness.ca,Ottawa
4061,34.69544,135.48787,福島区福島1-6-18　クリスタルハウス 2-3F,,大阪市,大阪府,JP,〒553-0003,JP-1137,06-6454-2120,afosakafukushima141_info@anytimefitness.jp,大阪市 (大阪福島店)
4062,45.485673,-75.684965,700 Boul. du Carrefour,,Gatineau,Quebec,CA,J8T 0A7,9900007,,LaCite.QC@anytimefitness.quebec,Gatineau
4063,30.538251,-89.672925,1605 Hwy. 11,,Picayune,Mississippi,US,39466,658,(601) 749-3443,PicayuneMS@anytimefitness.com,Picayune
4064,-27.4226,152.99093,206 Samford Road,,Enoggera,Queensland,AU,4051,AU-1322,0468 491 793,enoggera@anytimefitness.com.au,Enoggera
4065,20.72148,-103.52239,"Carretera Guadalajara Nogales 5040 Locales, 37,38,39 y 40",,Zapopan,Jalisco,MX,45138,MX-1074,3318890054,silvercenter.jal@anytimefitness.com.mx,Silver Center (Silver Center)
4066,36.747013,-108.164041,3150 E Main St,,Farmington,New Mexico,US,87402,2768,(505) 436-7600,FarmingtonNM2@anytimefitness.com,Farmington
4067,36.12941,139.6012,諏訪2-6-27 1F,,加須市,埼玉県,JP,〒347-0061,JP-2672,0480-38-9318,af_kazosuwa908_info@anytimefitness.jp,加須市 (加須諏訪店)
4068,44.79446,10.35207,Via Emilia Est 107,,Parma,Parma,IT,43123,IT-0004,+390521460575,parma@anytimefitness.it,Parma
4069,43.0547,-89.4503,515 S Midvale Blvd,,Madison,Wisconsin,US,53711,2425,(608) 231-4447,MadisonWI4@anytimefitness.com,Madison (S Midvale Blvd)
4070,27.5423,-82.47922,8332 US 301 N.,,Parrish,Florida,US,34219,1923,(941) 981-3821,ParrishFL@anytimefitness.com,Parrish
4071,33.37587,-117.25284,855 S Main St,,Fallbrook,California,US,92028,3391,(760) 723-2433,FallbrookCA@anytimefitness.com,Fallbrook
4072,51.80597,1.15536,30 North Road,,Clacton-on-Sea,East of England,GB,CO15 4DD,UK-0240,01255 411500,clacton@anytimefitness.co.uk,Clacton-on-Sea
4073,36.72755,137.01758,京田624-3 1-2F,,高岡市,富山県,JP,〒933-0874,JP-1343,0766-50-8121,af_takaokak336_info@anytimefitness.jp,高岡市 (高岡京田店)
4074,33.78527,130.55638,光岡278-1,,宗像市,福岡県,JP,〒811-3414,JP-2743,0940-62-5033,af_munakata978_info@anytimefitness.jp,宗像市 (トリアーダ宗像店)
4075,26.225723,-98.298433, 1626 East Griffin Parkway,,Mission,Texas,US,78572,5026,956-600-8944,MissionTX@anytimefitness.com,Mission
4076,35.50946,139.67583,鶴見区豊岡町17-19 大倉ビル B1,,横浜市,神奈川県,JP,〒230-0062,JP-1267,045-717-7725,af_tsurumitoyooka261_info@anytimefitness.jp,横浜市 (鶴見豊岡町店)
4077,51.5367,-0.19212,49-51 Kilburn High Road,,London,Greater London,GB,NW6 5SB,UK-0379,0203 4755614,kilburn@anytimefitness.co.uk,London (Kilburn)
4078,34.99578,136.10855,岩根4580 1F,,湖南市,滋賀県,JP,〒520-3252,JP-1669,0748-78-0703,af_konan658_info@anytimefitness.jp,湖南市 (イオンタウン湖南店)
4079,45.48442,-73.86097,14895 Pierrefonds Boul,,Pierrefonds,Quebec,CA,H9H 4V6,9900012,514 675 1540,Pierrefonds@anytimefitness.quebec,Pierrefonds
4080,34.58673,135.48783,堺区南清水町2-4-7 1-2F,,堺市,大阪府,JP,〒590-0005,JP-1425,072-275-4445,af_sakaie415_info@anytimefitness.jp,堺市 (堺東店)
4081,3.21021,101.7291,"Wisma LJT, 7, Lorong Perak, Pusat Bandar Melawati, 53100 Kuala Lumpur",,Kuala Lumpur,Kuala Lumpur,MY,53100,MY-0075,,Melawati@anytimefitness.my,Melawati
4082,34.60908,135.49321,住吉区墨江3-1-19,,大阪市,大阪府,JP,〒558-0043,JP-1160,06-4703-5021,afsumiyoshitaisha153_info@anytimefitness.jp,大阪市 (住吉大社店)
4083,25.11096,51.36018,"Almuftah Commercail Centre, 2nd Floor",,Alwakrah,Doha (Ad Dawha),QA,,QA-0006,,,Alwakrah
4084,43.34677,-89.02935,201 Industrial Dr,,Columbus,Wisconsin,US,53925,3507,(920) 626-5005,ColumbusWI@anytimefitness.com,Columbus
4085,41.87303,12.45822,Piazzale Dunant 27,,Roma,Roma,IT,00152,IT-0016,06536035  -  3885828138,romadunant@anytimefitness.it,Roma (Dunant)
4086,28.69673,77.17876,"A4, First and Second Floor",,New Delhi,Delhi,IN,110052,IN-1122,"+91 9911097974, 9910997974",ashokvihar.delhi@anytimefitness.in,"New Delhi, Ashok Vihar"
4087,35.69701,139.99154,宮本1-21-10　ベイステートYASUMA 1F,,船橋市,千葉県,JP,〒273-0003,JP-1008,047-460-0566,affunabashi08_info@anytimefitness.jp,船橋市 (船橋本町通り店)
4088,45.0459,-93.52674,5145 County Rd 101,,Medina,Minnesota,US,55340,795,(763) 478-8881,MedinaMN@anytimefitness.com,Medina
4089,-37.88342,145.27163,10A / 1841-1845 Ferntree Gully Road,,Ferntree Gully,Victoria,AU,3156,AU-1430,03 97582803,ferntreegully@anytimefitness.com.au,Ferntree Gully
4090,34.36204,-89.5602,2132 Jackson Ave W,,Oxford,Mississippi,US,38655,324,(662) 259-2296,OxfordMS@anytimefitness.com,Oxford
4091,35.97439,-78.79356,121 Sherron Rd,,Durham,North Carolina,US,27703,3232,(919) 908-8680,DurhamNC@anytimefitness.com,Durham
4092,-33.90618,151.12742,Crinan St and Canterbury Rd,,Hurlstone Park,New South Wales,AU,2193,AU-1271,0466 155 756,hurlstonepark@anytimefitness.com.au,Hurlstone Park
4093,-33.83812,150.99079,Merrylands RSL Rooftop Carpark,,Merrylands,New South Wales,AU,2160,AU-1125,02 9682 5407,merrylands@anytimefitness.com.au,Merrylands
4094,35.17236,-79.42213,128 Brucewood Rd,,Southern Pines,North Carolina,US,28387,4042,(910) 365-9888,SouthernPinesNC@anytimefitness.com,Southern Pines
4095,51.24941,5.71838,Roermondseweg 58B,,Weert-Centrum,Limburg,NL,6004 AT,NL-1027,+31 (0)495-200002,weert-centrum@anytimefitness.nl,Weert-Centrum
4096,35.69987,139.76218,神田駿河台2-1-20 お茶の水ユニオンビル B1F,,千代田区,東京都,JP,〒101-0062,JP-2885,03-5577-7536,af_ochanomizu1096_info@anytimefitness.jp,Chiyoda Ku (御茶ノ水店)
4097,42.21502,-85.78555,56098 S Main St,,Mattawan,Michigan,US,49071,3049,(269) 944-9199,MattawanMI@anytimefitness.com,Mattawan
4098,24.82831,-107.40497,Blvd Rotarismo No. 2417 Norte,,Culiacán,Sinaloa,MX,80020,MX-1068,6677077380,culiacan.sinaloa@anytimefitness.com.mx,Culiacán (Plaza Melto)
4099,1.36328,103.86586,53 Serangoon Garden Way,,Serangoon Gardens,Central Singapore,SG,555949,SG-0052,+65 8767 6016,SRG@anytimefitness.sg,Serangoon Gardens
4100,39.22045,9.09666,Via Calamattia 11/13,,Cagliari,Cagliari,IT,09134,IT-0064,3924061793,cagliari@anytimefitness.it,Cagliari
4101,-34.83331,138.68696,32 Smart Road,,Modbury,South Australia,AU,5092,AU-1126,08 8265 5060,modbury@anytimefitness.com.au,Modbury
4102,25.3254,51.51544,D-Ring Road,,Doha,Doha (Ad Dawha),QA,,QA-0007,+974 3024 4288,info@amf.qa,Doha
4103,41.47149,-87.51946,262 81st Ave,,Dyer,Indiana,US,46311,3201,(219) 440-7149,DyerIN@anytimefitness.com,Dyer
4104,40.82809,-73.98704,695 Anderson Ave,,Cliffside Park,New Jersey,US,07010,4440,201-917-7277,CliffsideParkNJ@anytimefitness.com,Cliffside Park
4105,41.325726,-73.688307,325 Rte 100,,Somers,New York,US,10589,1782,(914) 301-5969,SomersNY@anytimefitness.com,Somers
4106,42.53624,-83.48124,686 N Pontiac Trl,,Walled Lake,Michigan,US,48390,2192,(248) 926-0558,CommerceMI@anytimefitness.com,Walled Lake (Commerce)
4107,33.16139,-111.56083,530 E Hunt Hwy,,San Tan Valley,Arizona,US,85143,262,(480) 888-9332,SanTanValleyAZ1@anytimefitness.com,San Tan Valley
4108,34.54461,135.52591,東区日置荘西町1-18-11 2F,,堺市,大阪府,JP,〒599-8114,JP-1364,072-247-4844,af_sakahatsu355_info@anytimefitness.jp,堺市 (堺初芝店)
4109,-41.0609,145.91163,55 Marine Terrace,,Burnie,Tasmania,AU,7320,AU-1655,0499 012 359,burnie@anytimefitness.com.au,Burnie
4110,45.40681,-122.67658,1171 McVey Ave,,Lake Oswego,Oregon,US,97034,2940,(503) 636-1664,LakeOswegoOR@anytimefitness.com,Lake Oswego
4111,52.01808,5.65094,Stadspoort 2A,,Ede,Gelderland,NL,6716 RH,NL-1192,+31 318 20 01 25,ede@anytimefitness.nl,Ede
4112,39.118484,-76.632954,"672 Old Mill Road, ",,Millersville,Maryland,US,21108,4668,410-800-7924,MillersvilleMD@anytimefitness.com,Millersville
4113,46.27763,-87.42631,48 E Stephenson Ave,,Gwinn,Michigan,US,49841,2742,(906) 346-2525,GwinnMI@anytimefitness.com,Gwinn
4114,35.89752,140.64381,大野原3-9-35 2F,,神栖市,茨城県,JP,〒314-0144,JP-2666,0299-94-8035,af_kamisuonohara902_info@anytimefitness.jp,神栖市 (神栖大野原店)
4115,34.21748,-84.15247,515 Sawnee Corners Blvd,,Cumming,Georgia,US,30040,335,(678) 455-7477,Cumming@anytimefitness.com,Cumming (Sawnee Corners)
4116,33.11986,-95.59746,1185 S. Broadway,,Sulphur Springs,Texas,US,75482,2206,(903) 885-3434,SulphurSpringsTX@anytimefitness.com,Sulphur Springs
4117,41.91747,12.43897,Via Ugo de Carolis 89,,Roma,Roma,IT,00136,IT-0015,+390635453112,decarolis@anytimefitness.it,Roma (De Carolis)
4118,14.62496,121.03085,"1193 Eulogio Rodriguez Sr. Avenue, Corner Dona Hemady Street",,"New Manila, Quezon City",Metro Manila,PH,,PH-0004,650 6883,Newmanila@anytimefitness.ph,"New Manila, Quezon City (Hemady)"
4119,32.45655,-91.49512,407 Depot St,,Delhi,Louisiana,US,71232,2642,(318) 878-3804,DelhiLA@anytimefitness.com,Delhi
4120,27.52063,-82.55922,609 10th St E,,Palmetto,Florida,US,34221,3732,(941) 417-7432,PalmettoFL2@anytimefitness.com,Palmetto
4121,52.41143,-0.73412,ASDA Complex,,Kettering,East of England,GB,NN16 9HU,UK-0382,01536 856 799,kettering@anytimefitness.co.uk,Kettering
4122,29.85089,-98.16864,1175 FM-2673,,Canyon Lake,Texas,US,78133,435,(830) 964-4424,CanyonLakeTX@anytimefitness.com,Canyon Lake
4123,1.28367,103.81621,161 Bukit Merah Central Singapore 150161,,Singapore,Central Singapore,SG,,SG-0172,,BukitMerahCentral@anytimefitness.sg,Bukit Merah Central
4124,26.89105,-82.02643,3941 Tamiami Tr,,Punta Gorda,Florida,US,33950,4273,(941) 347-8540,PuntaGordaFL@anytimefitness.com,Punta Gorda
4125,14.61157,121.07075,"122 Katipunan Ave., White Plains",,Quezon City,Metro Manila,PH,,PH-0024,0939 931 9644,WhitePlains@anytimefitness.ph,White Plains Katipunan
4126,35.168084,-80.972881,8736 Outlets Blvd,,Charlotte,North Carolina,US,28278,5308,980-999-0378,SteeleCreekNC@anytimefitness.com,Charlotte
4127,29.55949,-95.35467,8703 Broadway St.,,Pearland,Texas,US,77584,3071,(832) 736-9150,PearlandTX@anytimefitness.com,Pearland
4128,44.54295,-93.55543,221 Chalupsky Ave. SE.,,New Prague,Minnesota,US,56071,2090,(952) 758-9165,NewPragueMN@anytimefitness.com,New Prague
4129,35.72629,139.51019,花小金井南町1-27-21 R.Yビルディングノース 2F,,小平市,東京都,JP,〒187-0003,JP-2836,042-497-4861,af_hanakoganei1057_info@anytimefitness.jp,小平市 (花小金井店)
4130,27.86758,-82.62289,10660 Gandy Blvd N,,St. Petersburg,Florida,US,33702,1639,(727) 954-3492,StPetersburgFL2@anytimefitness.com,St. Petersburg (Gandy Blvd N)
4131,25.01868,121.30377,"330 Taoyuan City, Taoyuan District, Tianxiang 5th Street, No. 29, 1st and 2nd Floor",,Taoyuan,桃園縣,TW,,TW-0028,,TaoyuanYiwen@anytimefitness.tw,Taoyuan Yiwen
4132,16.75473,-93.13686,Boulevard Belisario Dominguez #2116,,Tuxtla Gutiérrez,Chiapas,MX,29030,MX-1055,9615458425,viapark.chiapas@anytimefitness.com.mx,Tuxtla Gutiérrez (Via Park)
4133,39.77941,-86.40087,1124 N SR 267,,Avon,Indiana,US,46123,1220,(317) 272-2082,AvonIN@anytimefitness.com,Avon
4134,38.51634,-106.062793,9985 D Hwy 50,,Poncha Springs,Colorado,US,81242,4790,719-626-2121,Poncha-SalidaCO@anytimefitness.com,Poncha Springs
4135,42.62264,-83.94762,"980 Highland Rd, Suites G-J",,Howell,Michigan,US,48843,1848,(517) 540-1552,HowellMI@anytimefitness.com,Howell
4136,41.65794,-72.72349,3310 Berlin Tpke,,Newington,Connecticut,US,06111,119,(860) 770-6013,NewingtonCT@anytimefitness.com,Newington
4137,51.67953,4.79194,Schoolstraat 19,,Made,Noord-Brabant,NL,4921 BJ,NL-1101,+31 16 22 10 210,made@anytimefitness.nl,Made
4138,-28.14641,153.4761,1 Stewart Road,,Currumbin,Queensland,AU,4223,AU-1346,0426 775 004,currumbin@anytimefitness.com.au,Currumbin
4139,41.72069,-72.61352,38-2868 Main St,,Glastonbury,Connecticut,US,06033,2909,(860) 430-5308,GlastonburyCT@anytimefitness.com,Glastonbury
4140,41.83517,-87.897865,3061 S Wolf Rd,,Westchester,Illinois,US,60154,3714,(708) 483-6148,WestchesterIL@anytimefitness.com,Westchester
4141,38.21323,140.87695,太白区大野田4-2-4,,仙台市,宮城県,JP,〒982-0014,JP-1177,022-247-2091,afonoda172_info@anytimefitness.jp,仙台市 (大野田店)
4142,43.72469,-79.81386,10906 Hurontario St,,Brampton,Ontario,CA,L7A 3R9,2287,(905) 970-9200,BramptonON@anytimefitness.ca,Brampton (Hurontario St)
4143,23.24605,-106.45366,"Av Camarón Sábalo, número 500, Zona Dorada",,Mazatlan,Sinaloa,MX,82110,MX-1094,6691029702,caminoalmar.mzn@anytimefitness.com.mx,Mazatlán (Camino al Mar)
4144,32.76756,129.95247,田中町1027-45 2F,,長崎市,長崎県,JP,〒851-0134,JP-1620,095-801-2262,af_enagasaki600_info@anytimefitness.jp,長崎市 (東長崎店)
4145,35.57389,139.70373,池上4-27-13　トウセン池上ビル B1,,大田区,東京都,JP,〒146-0082,JP-1020,03-5747-3700,afikegami16_info@anytimefitness.jp,大田区 (池上店)
4146,41.98287,-88.07519,219 Main St,,Roselle,Illinois,US,60172,810,(630) 307-0044,RoselleIL2@anytimefitness.com,Roselle
4147,33.3773,130.50947,本町2丁目1450-1 1F,,鳥栖市,佐賀県,JP,〒841-0037,JP-1382,0942-85-7800,af_tosu374_info@anytimefitness.jp,鳥栖市 (鳥栖店)
4148,49.1655,-122.6634,20159 88 Ave E,,Langley,British Columbia,CA,V1M 0A4,3603,778 298 0247,LangleyBC@anytimefitness.ca,Langley
4149,32.85791,130.02437,大さこ町300 1F,,諫早市,長崎県,JP,〒854-0087,JP-2519,0957-47-5781,af_isahaya754_info@anytimefitness.jp,諫早市 (イオンタウン諫早西部台店)
4150,38.31013,140.84604,泉区長命ヶ丘2-21-1 2F,,仙台市,宮城県,JP,〒981-3212,JP-1515,022-344-9331,af_chomeigaokabranch505_info@anytimefitness.jp,仙台市 (長命ヶ丘BRANCH店)
4151,42.27094,-71.02377,475 Hancock St,,Quincy,Massachusetts,US,02171,1195,(617) 472-2447,quincyma@anytimefitness.com,Quincy
4152,42.68374,-71.42794,315 Middlesex Rd,,Tyngsboro,Massachusetts,US,01879,2554,(978) 649-6537,Nashua.Tyngsboro@anytimefitness.com,Tyngsboro
4153,28.46589,77.09976,"2nd Floor, D Block, Shopping Complex, Arjun Marg, DLF Phase -1",,Gurgaon,Haryana,IN,121002,IN-1035,+919090109050,arjunmarg.gurgaon@anytimefitness.in,"Gurgaon, Arjun Marg"
4154,35.93669,139.42381,天沼新田204-5 有限会社中道西口ビル 2F,,川越市,埼玉県,JP,〒350-0806,JP-1351,049-298-6182,af_tsurugashima341_info@anytimefitness.jp,川越市 (鶴ヶ島店)
4155,35.30159,138.94008,東田中2-2-10 2F,,御殿場市,静岡県,JP,〒412-0026,JP-2616,0550-75-9366,af_gotemba852_info@anytimefitness.jp,御殿場市 (御殿場店)
4156,-37.81584,145.1938,"Level 1, 517 Whitehorse Road",,Mitcham,Victoria,AU,3132,AU-1098,03 9095 8888,mitcham@anytimefitness.com.au,Mitcham
4157,30.934502,-95.374986,866 S Robb St,,Trinity,Texas,US,75862,5296,(936) 260-4656 ,TrinityTX@anytimefitness.com,Trinity
4158,34.81568,135.38777,山本南1-26-25 1F,,宝塚市,兵庫県,JP,〒665-0882,JP-1336,0797-61-8170,af_tyamamoto328_info@anytimefitness.jp,宝塚市 (宝塚山本店)
4159,41.56385,-87.88605,11033 W 179th St,,Orland Park,Illinois,US,60467,2837,(708) 995-7581,OrlandParkIL@anytimefitness.com,Orland Park
4160,42.91689,-87.95146,2818 W Rawson Ave,,Franklin,Wisconsin,US,53132,663,(414) 304-5254,FranklinWI2@anytimefitness.com,Franklin (W Rawson Ave)
4161,33.56097,-7.64404,Rue des Mésanges,,Oasis,Casablanca-Settat,MA,20103,MA-0010,,,Oasis
4162,28.69478,76.92449,"Balaji Plaza, Third Floor,",,Bahadurgarh,Haryana,IN,124507,IN-1158,+91 7027029707,Balajiplaza.bahadurgarh@anytimefitness.in,"Haryana, Bahadurgarh"
4163,55.916,-4.21549,288 Kirkintilloch Road,,"Bishopbriggs, Glasgow",Scotland,GB,G64 2PT,UK-0241,0141 255 1247 ,bishopbriggs@anytimefitness.co.uk,Glasgow (Bishopbriggs)
4164,40.86394,-74.47046,1004 Tabor Rd,,Morris Plains,New Jersey,US,07950,2186,(973) 998-6300,TaborNJ@anytimefitness.com,Morris Plains
4165,33.55684,133.57356,葛島2-3-57 2F,,高知市,高知県,JP,〒781-8121,JP-2661,088-855-3397,af_kazurashima897_info@anytimefitness.jp,高知市 (高知葛島店)
4166,41.812142,-88.283198,1311 Butterfield Rd,,Aurora,Illinois,US,60502,4069,(630) 492-1496,AuroraIL2@anytimefitness.com,Aurora (Butterfield Rd)
4167,46.18178,-119.1732,2909 S Quillan St,,Kennewick,Washington,US,99337,5195,509-870-3730,KennewickWA@anytimefitness.com,Kennewick
4168,40.66179,-95.86018,1556 S 11th St,,Nebraska City,Nebraska,US,68410,3119,(402) 713-5126,NebraskaCityNE@anytimefitness.com,Nebraska City
4169,36.27779,138.46793,佐久平駅東15-3 1F,,佐久市,長野県,JP,〒385-0028,JP-2671,0267-78-5173,af_sakudaira907_info@anytimefitness.jp,佐久市 (佐久平駅前店)
4170,20.72035,-103.43927,"Reserva Real, P.° Valle Real 4001, Fraccionamiento",,Zapopan,Jalisco,MX,45019,MX-1202,3310179558,aladavallereal.jal@anytimefitness.com.mx,Zapopan (Alada Shops)
4171,36.87328,-76.03884,1274 N Great Neck Rd.,,Virginia Beach,Virginia,US,23454,576,(757) 227-9447,VirginiaBeach@anytimefitness.com,Virginia Beach (Grt Nck)
4172,42.01267,-88.18074,71-77 E Irving Park Rd,,Streamwood,Illinois,US,60107,4859,630-246-3344,StreamwoodIL@anytimefitness.com,Streamwood
4173,51.40393,0.01516,Basement 122/126 High Street,,Bromley,South East,GB,BR1 1EZ,UK-0471,,bromley@anytimefitness.co.uk,Bromley
4174,28.55901,77.19552,"B-6/22, Basement & Ground Floor",,New Delhi,Delhi,IN,110029,IN-1155,+91 7290008586,deerpark.delhi@anytimefitness.in,"New Delhi, Deer Park"
4175,3.13271,101.62977,"Lot 1-01, 1-02 & 1-03, First Floor, Quill City Mall, 1018, Jalan Sultan  Ismail, 50250",,Kuala Lumpur,Kuala Lumpur,MY,50250,MY-0026,,QuillCityMall@anytimefitness.my,Quill City Mall
4176,-38.10544,147.06791,205 York Street,,Sale,Victoria,AU,3850,AU-1209,0422 992 983,sale@anytimefitness.com.au,Sale
4177,39.770255,-121.829201,3010 Floral Ave,,Chico,California,US,95973,5509,530-694-4665,ChicoCA2@anytimefitness.com,Chico
4178,36.42367,-82.46352,5583 Bobby Hicks Rd,,Gray,Tennessee,US,37615,1930,(423) 207-0081,GrayTN@anytimefitness.com,Gray
4179,51.38409,0.52466,"Unit 5a, The  Pentagon Shopping Centre",,Chatham,South East,GB,ME4 4JA,UK-0040,01634 545800,chatham@anytimefitness.co.uk,Chatham
4180,27.79274,-82.33296,13184 US Hwy 301 S,,Riverview,Florida,US,33579,2565,(813) 677-4800,RiverviewFL2@anytimefitness.com,Riverview
4181,35.72603,139.59056,上石神井1-14-6 1-2F,,練馬区,東京都,JP,〒177-0044,JP-2930,03-5903-8252,af_kamishakujii1141_info@anytimefitness.jp,練馬区 (上石神井駅前店)
4182,33.01207,-96.91228,3709 Old Denton Rd,,Carrollton,Texas,US,75007,1339,(866) 220-1139,CarrolltonTX@anytimefitness.com,Carrollton (Old Denton)
4183,26.17364,127.74469,大里字高平高宮城原97-2 1F,,南城市,沖縄県,JP,〒901-1205,JP-1606,098-943-2961,af_nanjoozato593_info@anytimefitness.jp,南城市 (イオンタウン南城大里店)
4184,49.19021,-122.80013,10310 152 St,,Surrey,British Columbia,CA,V3R 4G8,3254,(236) 466-0416,SurreyBC4@anytimefitness.ca,Surrey (Guildford)
4185,51.67046,-1.30537,Stratton Court,,Abingdon,South East,GB,OX14 1SG,UK-0117,01235 254444,abingdon@anytimefitness.co.uk,Abingdon
4186,36.74988,-76.01052,2090 Princess Anne Rd,,Virginia Beach,Virginia,US,23456,2553,(757) 689-4712,VirginiaBeachVA4@anytimefitness.com,Virginia Beach (Sandbridge)
4187,27.273838,-80.35158,230 SW Port Saint Lucie Blvd,,Port Saint Lucie,Florida,US,34984,1932,(772) 344-6620,PortSaintLucieFL@anytimefitness.com,Port Saint Lucie
4188,26.22921,127.68941,上之屋1-1-18 2F,,那覇市,沖縄県,JP,〒900-0011,JP-2971,098-917-4850,af_nahashintoshin1182_info@anytimefitness.jp,那覇市 (那覇新都心店)
4189,40.80096,-89.6129,1320 W Commerce Dr,,Peoria,Illinois,US,61615,3044,(309) 966-4217,PeoriaIL@anytimefitness.com,Peoria
4190,34.84299,135.2378,山口町名来1-1-1 1F,,西宮市,兵庫県,JP,〒651-1411,JP-2615,078-597-6711,af_nishinomiyani851_info@anytimefitness.jp,西宮市 (西宮北インター店)
4191,41.89974,-93.60369,700 US-69,,Huxley,Iowa,US,50124,1962,(515) 597-4766,HuxleyIA@anytimefitness.com,Huxley
4192,51.06406,5.85244,Marktstraat 2a,,Susteren,Limburg,NL,6114 HS,NL-1001,+31 (0) 85 77 39 925,susteren@anytimefitness.nl,Susteren
4193,35.67351,139.48098,府中町1-10-3　府中南ビル 1F,,府中市,東京都,JP,〒183-0055,JP-1236,042-319-0775,af_fuchu228_info@anytimefitness.jp,府中市 (府中店)
4194,-33.93355,151.15321,"Unit 1, 20-22 Princes Highway",,Wolli Creek,New South Wales,AU,2205,AU-1434,0479 097 012,wollicreek@anytimefitness.com.au,Wolli Creek
4195,28.25922,-81.59247,7982 Lk Wilson Rd,,Davenport,Florida,US,33896,2617,(863) 439-8202,DavenportFL@anytimefitness.com,Davenport
4196,35.81913,139.4182,東藤沢2-28-20 武蔵藤沢トーセイビル2F,,入間市,埼玉県,JP,〒358-0012,JP-1395,04-2968-7891,af_mfujisawa384_info@anytimefitness.jp,入間市 (武蔵藤沢店)
4197,34.67057,135.05166,垂水区舞多聞西8-6-4,,神戸市,兵庫県,JP,〒655-0051,JP-2786,078-414-8230,af_gakuenminami1018_info@anytimefitness.jp,神戸市 (学園南店)
4198,45.71818,-73.69504,2735-2810 Boul de la Piniere,,Terrebonne,Quebec,CA,J6X 4T7,9900013,,,Terrebonne
4199,44.75447,-85.57426,728 Munson Ave,,Traverse City,Michigan,US,49686,2390,(231) 941-7400,east@AnytimeFitnessTC.com,Traverse City
4200,28.04293,-82.59275,9602 W Linebaugh Ave,,Tampa,Florida,US,33626,1303,(813) 792-2900,WestChase@anytimefitness.com,Tampa (W. Linebaugh Ave)
4201,35.085003,-96.392049,800 N Hinkley St,,Holdenville,Oklahoma,US,74848,4988,405.592.4144,HoldenvilleOK@anytimefitness.com,Holdenville
4202,-27.28341,152.98315,774 Gympie Road,,Lawnton,Queensland,AU,4501,AU-1397,07 3285 3395,lawnton@anytimefitness.com.au,Lawnton
4203,49.305814,-123.016673,103-2180 Dollarton Hwy,,North Vancouver,British Columbia,CA,V7H 0B5,4812,(604) 620-0048,NorthVan@anytimefitness.ca,North Vancouver
4204,28.83112,-82.32668,345 E Highland Blvd,,Inverness,Florida,US,34452,2184,(352) 400-4894,InvernessFL@anytimefitness.com,Inverness
4205,-32.2916,115.74238,"Tenancy 6, 2-6 Council Ave",,Rockingham,Western Australia,AU,6168,AU-1347,08 9529 3389,rockingham@anytimefitness.com.au,Rockingham
4206,36.683,139.97598,櫻野547 1F,,さくら市,栃木県,JP,〒329-1312,JP-1417,028-612-8218,af_sakura406_info@anytimefitness.jp,さくら市 (さくら店)
4207,35.07354,-85.62917,4210 Main St,,Jasper,Tennessee,US,37347,4661,(423) 939-1300,JasperTN@anytimefitness.com,Jasper
4208,43.07229,-89.39884,301 East Campus Mall,,Madison,Wisconsin,US,53715,2104,(608) 237-2717,MadisonWI2@anytimefitness.com,Madison (E Campus Mall)
4209,28.55924,77.20665,"C1, green park Ext (adjoining Green Park Gurudwara)",,New Delhi,Delhi,IN,110016,IN-1034,+919540999949,sdenclave.delhi@anytimefitness.in,"New Delhi, Green Park"
4210,51.99499,4.39114,Rijksstraatweg 43,,Delfgauw,Zuid-Holland,NL,2645 BT,NL-1082,+31 15 20 33 552,delfgauw@anytimefitness.nl,Delfgauw
4211,51.46473,-0.01688,Unit A Renaissance,,Lewisham,Greater London,GB,SE13 7DJ,UK-0384,0203 137 8002,lewisham@anytimefitness.co.uk,Lewisham
4212,41.60579,2.28557,"Sant Jaume, 84",,Granollers Barcelona,Catalonia,ES,08401,SP-0014,+34 620 801 218,granollers@anytimefitness.es,Granollers
4213,43.08748,-89.20027,203 W Cottage Grove Rd,,Cottage Grove,Wisconsin,US,53527,2781,(608) 839-1111,CottageGroveWI@anytimefitness.com,Cottage Grove
4214,24.10255,120.68658,台中市大里區德芳南路259號2、3樓,,Taichung,臺中市,TW,,TW-0016,04-2483-0866,Dali@anytimefitness.tw,台中大里店 Dali (Taichung)
4215,36.70232,-81.97632,220 Cook St,,Abingdon,Virginia,US,24210,2673,(276) 525-1278,AbingdonVA@anytimefitness.com,Abingdon
4216,34.72917,137.7328,中央区高林4-4-16 2-3F,,浜松市,静岡県,JP,〒430-0907,JP-1366,053-401-2088,af_hamataka354_info@anytimefitness.jp,浜松市 (浜松高林店)
4217,14.5194,121.05287,"28th St corner, 11th Ave, Bonifacio Global City Taguig City",,Taguig City,Metro Manila,PH,,PH-0146,,,Taguig City
4218,28.64594,77.38079,"FF / Shop –F2, F3, F4, F5, F7, F8 & F9",,Ghaziabad,Uttar Pradesh,IN,201014,IN-1179,+91 9810217160,gaurindirapuram.ghaziabad@anytimefitness.in,"Ghaziabad, Indirapuram"
4219,51.33428,-0.26594,"Level 2, Epsom Square",,Epsom,Greater London,GB,KT19 8AG,UK-0350,01372 650 740,epsom@anytimefitness.co.uk,Epsom
4220,24.14874,120.71734,台中市太平區中山路三段83號,,台中市 (Taichung City),臺中市,TW,,TW-0023,04-22792666,Taiping@anytimefitness.tw,台中太平店 (Taiping)
4221,36.50581,139.86451,北若松原2-11-25 1F,,宇都宮市,栃木県,JP,〒321-0153,JP-1423,028-678-4695,af_wakamatsubara424_info@anytimefitness.jp,宇都宮市 (宇都宮若松原店)
4222,28.586547,-80.819725,1538 Harrison St.,,Titusville,Florida,US,32780,1843,(321) 264-0304,TitusvilleFL@anytimefitness.com,Titusville
4223,34.80628,135.47202,少路2-7-５,,豊中市,大阪府,JP,〒560-0004,JP-3013,06-6676-7751,af_toyonakashoji1224_info@anytimefitness.jp,豊中市 (豊中少路店)
4224,-33.87092,151.26808,737 New South Head Road,,Rose Bay,New South Wales,AU,2029,AU-1459,0433 585 775,rosebay@anytimefitness.com.au,Rose Bay
4225,34.93484,-82.01001,163 Hadden Hts Rd,,Spartanburg,South Carolina,US,29301,3225,(864) 699-9332,SpartanburgSC2@anytimefitness.com,Spartanburg (Westside)
4226,37.98278,-78.20755,75 Freedom Dr,,Zion Crossroads,Virginia,US,22942,1935,(540) 832-0434,ZionVA@anytimefitness.com,Zion Crossroads
4227,31.4361,-100.50222,4471 Sunset Blvd,,San Angelo,Texas,US,76901,1887,(325) 617-7818,SanAngeloTX@anytimefitness.com,San Angelo
4228,-29.77239,151.11444,Unit 2/23 Lawrence St,,Inverell,New South Wales,AU,2360,AU-1060,02 6721 4315,inverell@anytimefitness.com.au,Inverell
4229,32.81192,130.76884,東区長嶺南1-6-5 長嶺南複合店舗 2F,,熊本市,熊本県,JP,〒861-8039,JP-1514,096-237-7435,af_nagamines498_info@anytimefitness.jp,熊本市 (長嶺南店)
4230,48.09509,13.89462,Gemeindeplatz 5,,Edt bei Lambach,Upper Austria,AT,4650,AT-0005,+43 (0) 724 52 3805,lambach@anytimefitness.at,Edt bei Lambach
4231,-33.89544,150.9337,Shop 101-108,,Cabramatta,New South Wales,AU,2166,AU-1798,,,Cabramatta
4232,34.72778,135.34115,東町2-1-36 2F,,西宮市,兵庫県,JP,〒662-0922,JP-1306,0798-56-9160,af_nishinomiyae299_info@anytimefitness.jp,西宮市 (西宮東町店)
4233,35.65903,139.57495,西つつじヶ丘3-37-2 横田ファイブ 1-2F,,調布市,東京都,JP,〒182-0006,JP-2855,042-444-8535,af_tsutsujigaoka1066_info@anytimefitness.jp,調布市 (つつじヶ丘店)
4234,52.47872,-1.90699,Paradise View,,Birmingham (Paradise Circus),West Midlands,GB,B1 2BJ,UK-0499,0121 805 1090,birminghampv@anytimefitness.co.uk,Birmingham (Paradise Circus)
4235,34.70843,135.53392,都島区都島本通4-24-12 1-2F,,大阪市,大阪府,JP,〒534-0021,JP-1295,06-6964-4630,af_miyakohon291_info@anytimefitness.jp,大阪市 (都島本通店)
4236,43.01191,141.45033,清田区平岡7条1-1-9 1F,,札幌市,北海道,JP,〒004-0877,JP-1518,011-378-4471,af_hiraoka509_info@anytimefitness.jp,札幌市 (平岡店)
4237,35.13827,-80.73711,1636 Sardis Rd N,,Charlotte,North Carolina,US,28270,4278,(980) 800-2347,CharlotteNC5@anytimefitness.com,Charlotte (Sardis Rd N)
4238,40.0711,-105.20063,6565 Gunpark Dr,,Boulder,Colorado,US,80301,3677,(303) 530-7648,GunbarrelCO@anytimefitness.com,Boulder (Gunbarrel)
4239,-37.78786,145.12643,"Level 1, 632-640 Doncaster Road",,Doncaster,Victoria,AU,3108,AU-1359,0424 401 400,doncaster@anytimefitness.com.au,Doncaster
4240,35.70033,139.82309,亀戸2-10-10　EKビルディングⅠ 1F,,江東区,東京都,JP,〒136-0071,JP-1163,03-5858-8837,afkameido157_info@anytimefitness.jp,江東区 (亀戸店)
4241,40.44905,-3.71,"Avda. Pablo Iglesias, 39",,Ciudad Universitaria,Madrid,ES,28039,SP-0072,633715060,ciudaduniversitaria@anytimefitness.es,Ciudad Universitaria (Madrid)
4242,35.665136,-78.697285,7963 Fayetteville Rd,,Raleigh,North Carolina,US,27587,5427,984.459.7909,RaleighNC6@anytimefitness.com,Raleigh (Ten-Ten)
4243,-33.81718,151.10465,724 Victoria Road,,Ryde,New South Wales,AU,2112,AU-1663,0449943855,ryde@anytimefitness.com.au,Ryde
4244,44.829997,-93.604199,2980 N Chestnut St,,Chaska,Minnesota,US,55318,2604,(952) 361-4300,ChaskaMN@anytimefitness.com,Chaska
4245,41.62234,-88.12576,54 S Weber Rd,,Romeoville,Illinois,US,60446,3600,(815) 524-5549,RomeovilleIL@anytimefitness.com,Romeoville
4246,51.06524,-1.31548,28 Jewry Street,,Winchester,South East,GB,SO23 8RY,UK-0064,01962 217222,winchester@anytimefitness.co.uk,Winchester
4247,-37.87966,145.16577,"23 O'Sullivan Road, Glen Waverley",,Glen Waverley,Victoria,AU,3150,AU-1534,0420 243 301,glenwaverley@anytimefitness.com.au,Glen Waverley
4248,34.53776,135.72758,真美ヶ丘4-16-8 1F,,香芝市,奈良県,JP,〒639-0223,JP-1469,0745-44-3203,af_nkashiba453_info@anytimefitness.jp,香芝市 (奈良香芝店)
4249,33.90018,130.85182,小倉北区西港町30-2 フェスティバルガーデン西港B棟 1F,,北九州市,福岡県,JP,〒803-0801,JP-2561,093-482-3381,af_nishiminato796_info@anytimefitness.jp,北九州市 (小倉西港店)
4250,32.52072,-92.32668,989 Hwy 80 E,,Calhoun,Louisiana,US,71225,2307,(318) 599-8003,CalhounLA@anytimefitness.com,Calhoun
4251,37.266967,-121.834005,185 Branham Ln,,San Jose,California,US,95136,4922,(408) 790-1790,SanJoseCA@anytimefitness.com,San Jose
4252,55.8709,-4.3023,205 Dumbarton Road,,Glasgow,Scotland,GB,G11 6AA,UK-0012,0141 255 1247,glasgowwestend@anytimefitness.co.uk,Glasgow (West End)
4253,,,,,TBD,Guanajuato,MX,TBD,MX-1191,,,TBD
4254,41.67043,-88.35744,"Carretera México-Querétaro, Pte. Sta Monica km 23.5,",,Tlalnepantla,Mexico,MX,54050,MX-1192,,santamonica.edomex@anytimefitness.com.mx,Tlalnepantla (Santa Mónica)
4255,-27.60974,152.89742,2 Smiths Rd,,Goodna,Queensland,AU,4300,AU-1602,0476001148,goodna@anytimefitness.com.au,Goodna
4256,-34.02234,150.76244,39-47 Lasso Road,,Gregory Hills,New South Wales,AU,2557,AU-1758,0477 977 790,gregoryhills@anytimefitness.com.au,Gregory Hills
4257,-36.9306,174.91006,The Hub,,"Botany Downs, Auckland",Auckland,NZ,2013,NZ-1020,022 070 5667,botany@anytimefitness.co.nz,"Botany Downs, Auckland"
4258,35.99382,140.03925,陽光台1-1-2 1F,,つくばみらい市,茨城県,JP,〒300-2358,JP-2891,0297-44-9132,af_miraidaira1102_info@anytimefitness.jp,つくばみらい市 (みらい平店)
4259,40.03236,-75.63014,229 N Pottstown Pike,,Exton,Pennsylvania,US,19341,2862,(484) 879-6106,ExtonPA@anytimefitness.com,Exton
4260,35.64725,139.89297,東野3-4-1 アクロスプラザ浦安東野 2F,,浦安市,千葉県,JP,〒279-0042,JP-1277,047-374-3361,af_urayasuh283_info@anytimefitness.jp,浦安市 (浦安東野店)
4261,,,Haupstrasse 18,,Andorf,Upper Austria,AT,4770,AT-0015,,andorf@anytimefitness.at,Andorf
4262,-37.80124,144.89745,101/51 Paisley Street,,Footscray,Victoria,AU,3011,AU-1472,8456 9944,footscray@anytimefitness.com.au,Footscray
4263,31.94511,-81.30966,10200 Ford Ave,,Richmond Hill,Georgia,US,31324,4499,(912) 226-6626,RichmondHillGA@anytimefitness.com,Richmond Hill
4264,21.03774,-89.6013,Calle 11 #356 Local 22 y 24,,Mérida,Yucatan,MX,97305,MX-1022,9992860032,mangus.yuc@anytimefitness.com.mx,Mérida (Plaza Mangus)
4265,28.88692,76.62723,"3rd Floor, Prakash Tower, Sector-1, Main Road",,Rohtak,Haryana,IN,124001,IN-1169,+91 7206040519,vinaynagar.rohtak@anytimefitness.in,"Rohtak, Vinay Nagar"
4266,29.422245,-98.777365,14249 Potranco Rd,,San Antonio,Texas,US,78253,4898,210-564-9003,SanAntonioTX7@anytimefitness.com,San Antonio
4267,47.220827,-93.531674,110 Golf Course Rd,,Grand Rapids,Minnesota,US,55744,232,(218) 999-7774,GRapids@anytimefitness.com,Grand Rapids
4268,-36.87535,174.73651,20 McDonald Street,,"St Lukes, Auckland",Auckland,NZ,1025,NZ-1024,027 7407050,stlukes@anytimefitness.co.nz,"St Lukes, Auckland"
4269,42.20381,-88.38234,9521 Ackman Rd,,Lake in the Hills,Illinois,US,60156,4393,(224) 900-0569,LakeintheHillsIL@anytimefitness.com,Lake in the Hills
4270,45.11833,-93.15901,5922 Lexington Ave N,,Shoreview,Minnesota,US,55126,3713,(651) 846-9248,ShoreviewMN@anytimefitness.com,Shoreview
4271,40.366924,-79.982976,135 Towne Square Way,,Brentwood,Pennsylvania,US,15227,5287,412.892.9064,BrentwoodPA@anytimefitness.com,Brentwood
4272,-27.43719,153.00806,"Shop 201 Newmarket Village, 400 Newmarket Road",,Newmarket,Queensland,AU,4051,AU-1630,0438881323,newmarket@anytimefitness.com.au,Newmarket
4273,49.159583,-122.779289,8645 160th St,,Surrey,British Columbia,CA,V4N 1G4,3893,(604) 593-3422,SurreyBC7@anytimefitness.ca,Surrey
4274,35.61719,139.56322,多摩区登戸 2027トゥッティ向ヶ丘遊園 2F,,川崎市,神奈川県,JP,〒214-0014,JP-1349,044-299-7851,af_mgaoka342_info@anytimefitness.jp,川崎市 (向ヶ丘遊園店)
4275,37.0667619,-81.7592269,1051 Claypool Hill Mall Rd,,Cedar Bluff,Virginia,US,24609,4836,(276) 598-4708,CedarBluffVA@anytimefitness.com,Cedar Bluff
4276,46.10241,-123.19787,600 E Columbia River Hwy,,Clatskanie,Oregon,US,97016,528,(503) 728-2777,ClatskanieOR@anytimefitness.com,Clatskanie
4277,49.3305734,-124.3457058,826 Island Hwy W. ,,Parksville,British Columbia,CA,V9B 2P7,4856,(250) 586-5228,ParksvilleBC@anytimefitness.ca,Parksville
4278,33.27306,130.27614,卸本町5-30 UTZLERT 2F,,佐賀市,佐賀県,JP,〒849-0933,JP-1334,0952-37-3505,af_soroshi323_info@anytimefitness.jp,佐賀市 (佐賀卸本町店)
4279,30.269007,-90.990147,36533 C Braud Rd,,Prairieville,Louisiana,US,70769,605,(225) 744-4966,DutchtownLA@anytimefitness.com,Dutchtown
4280,41.60526,-93.85343,790 Alice's Rd,,Waukee,Iowa,US,50263,695,(515) 987-6543,Waukee@anytimefitness.com,Waukee
4281,30.19326,-97.92502,11720 FM 1826,,Austin,Texas,US,78737,2792,(512) 288-0990,AustinTX7@anytimefitness.com,Austin (FM 1826)
4282,53.49411,-2.51523,"Unit 1/2, The Loom Retail Park",,Leigh,North West,GB,WN7 4PE,UK-0141,01942 316499,manchesterleigh@anytimefitness.co.uk,Leigh
4283,39.77447,-93.54631,348 W Business Hwy 36,,Chillicothe,Missouri,US,64601,1481,(660) 240-0690,ChillicotheMO@anytimefitness.com,Chillicothe
4284,45.63088,-73.49629,11310 Notre-Dame Est,,Montreal,Quebec,CA,H1B 0C2,9900049,,NotreDame.Est@anytimefitness.quebec,Montreal
4285,51.22224,4.12305,Herenstraat 3,,Sint Gillis Waas,Oost-Vlaanderen,BE,9170,NL-1123,+32 3 808 35 18,sintgilliswaas@anytimefitness.be,Sint Gillis Waas
4286,43.09238,141.52102,野幌町81-4 1F,,江別市,北海道,JP,〒069-0813,JP-1581,011-398-7061,af_nopporo567_info@anytimefitness.jp,江別市 (野幌店)
4287,39.41273,-87.40728,4425 S 7th St,,Terre Haute,Indiana,US,47802,2041,(812) 917-4336,TerreHauteIN2@anytimefitness.com,Terre Haute (S 7th St)
4288,42.687738,-88.542075,825 N Wisconsin St,,Elkhorn,Wisconsin,US,53121,3748,262.379.8800,ElkhornWI@anytimefitness.com,Elkhorn
4289,51.62521,4.94483,Hoge Ham 168C,,Dongen,Noord-Brabant,NL,5104 JM,NL-1243,+31 0162210219,Dongen@anytimefitness.nl,Dongen
4290,1.44091,103.77378,100 Admirality Road,,Marsiling,North East,SG,739980,SG-0115,,MarsilingCC@anytimefitness.sg,Marsiling CC
4291,30.44897,-86.63044,339 Racetrack Rd NW,,Fort Walton Beach,Florida,US,32547,3188,(850) 586-1747,FortWaltonBeachFL@anytimefitness.com,Fort Walton Beach
4292,35.47515,139.43815,上草柳170-4 1F,,大和市,神奈川県,JP,〒242-0029,JP-2938,046-204-6285,af_sagamiotsuka1149_info@anytimefitness.jp,大和市 (相模大塚店)
4293,6.91175,122.06684,"2nd Floor Capitol Centro Building,#72 Campaner Street, Zambaoanga City, Zamboanga del Sur",,Zamboanga City,Zamboanga del Sur,PH,,PH-0210,,CentroCapitalZamboanga@anytimefitness.ph,Centro Capital Zamboanga City
4294,30.5402,-97.84875,2800 S Bagdad Rd,,Leander,Texas,US,78641,493,(512) 260-9797,Leander@anytimefitness.com,Leander
4295,14.66845,120.99145,"2 Victoneta Avenue, Portero, Malabon City",,Skyplaza Victoneta Malabon,Metro Manila,PH,1470,PH-0172,0906 224 3923,SkyplazaVictoneta@anytimefitness.ph,Skyplaza Victoneta
4296,32.44924,-93.86964,6259 Westport Ave,,Shreveport,Louisiana,US,71129,2047,(318) 603-1348,ShreveportLA3@anytimefitness.com,Shreveport (Westport Dr)
4297,30.58354,-98.27125,1407 Mormon Mill Rd,,Marble Falls,Texas,US,78654,1287,(830) 798-2424,MarbleFallsTX@anytimefitness.com,Marble Falls
4298,39.463,-87.41486,320 S 3rd St,,Terre Haute,Indiana,US,47807,3050,(812) 917-3776,TerreHauteIN3@anytimefitness.com,Terre Haute
4299,38.36136,-98.79016,3721 10th St.,,Great Bend,Kansas,US,67530,1587,(620) 793-8700,GreatBendKS@anytimefitness.com,Great Bend
4300,41.482,-87.47095,2151 US 41,,Schererville,Indiana,US,46375,3272,(219) 227-8895,ScherervilleIN@anytimefitness.com,Schererville
4301,52.71998,6.47362,Schutstraat 91,,Hoogeveen-Centrum,Drenthe,NL,7907 CB,NL-1071,+31 (0)528 200 003,hoogeveen-centrum@anytimefitness.nl,Hoogeveen-Centrum
4302,53.38011,-6.58403,Unit 22,,Maynooth,Kildare,IE,W23 E4A3,UK-0055,01 513 3390,maynooth@anytimefitness.co.uk,Maynooth
4303,43.29333,-89.73594,1400 Prairie St,,Prairie Du Sac (Sauk City),Wisconsin,US,53578,2955,(608) 643-0777,SaukPrairieWI@anytimefitness.com,Prairie Du Sac (Sauk City)
4304,32.22793,-101.47199,2602 S Gregg St,,Big Spring,Texas,US,79720,3182,(432) 264-7222,BigSpringTX@anytimefitness.com,Big Spring
4305,35.07231,135.99274,播磨田町663-1 2F,,守山市,滋賀県,JP,〒524-0012,JP-2596,077-598-0290,af_moriyama832_info@anytimefitness.jp,守山市 (守山店)
4306,44.82065,-93.20529,1981 Silver Bell Rd,,Eagan,Minnesota,US,55122,1265,(651) 686-4667,EaganMN@anytimefitness.com,Eagan (Silver Bell Rd)
4307,41.289046,-87.394752,1920 E Commercial Ave,,Lowell,Indiana,US,46356,3326,(219) 696-1277,LowellIN@anytimefitness.com,Lowell
4308,28.68222,77.35912,"Third Floor, Property No. 11/27",,Ghaziabad,Uttar Pradesh,IN,201005,IN-1186,+91 99112 84847,rajendranagar.ghaziabad@anytimefitness.in,"Ghaziabad, Rajendra Nagar"
4309,43.301319,-96.592836,111 N Main St,,Canton,South Dakota,US,57013,5295,(605) 836-9530,CantonSD@anytimefitness.com,Canton
4310,48.05638,13.77401,Rainerpark 1,,Schwanenstadt,Upper Austria,AT,4690,AT-0009,07673 41273,schwanenstadt@anytimefitness.at,Schwanenstadt
4311,41.37655,-87.45208,13350 Lincoln Plaza,,Cedar Lake,Indiana,US,46303,4078,(219) 232-6770,CedarLakeIN@anytimefitness.com,Cedar Lake
4312,35.73377,139.72717,北大塚2-10-5　北大塚BMAビル 1-2F,,豊島区,東京都,JP,〒170-0004,JP-1129,03-6903-6082,afotsuka117_info@anytimefitness.jp,豊島区 (大塚店)
4313,35.18204,137.01989,名東区明が丘126,,名古屋市,愛知県,JP,〒465-0033,JP-1257,052-715-5766,af_fujigaoka250_info@anytimefitness.jp,名古屋市 (藤が丘店)
4314,-35.70784,150.17521,"Level 1, Corner of Princes Highway and Beach Road",,Batemans Bay,New South Wales,AU,2536,AU-1317,0461547691,batemansbay@anytimefitness.com.au,Batemans Bay
4315,,,Manzana 008,,Ocoyoacac,Mexico,MX,52755,MX-1177,729 973 0075,ocoyoacac.edomex@anytimefitness.com.mx,Edo. de Mex (Ocoyoacac)
4316,51.551,-1.77609,"Unit 3, Hoopers Place",,Swindon Old Town,South West,GB,SN1 3RA,UK-0199,01793 251119,swindonoldtown@anytimefitness.co.uk,Swindon Old Town
4317,-34.56528,150.83483,73 Cygnet Avenue,,Shellharbour,New South Wales,AU,2529,AU-1170,0427 423 608,shellharbour@anytimefitness.com.au,Shellharbour
4318,34.68243,135.50952,中央区南本町1-1-5　 1-2F,,大阪市,大阪府,JP,〒541-0054,JP-1056,06-6261-1066,afsakaisuji52_info@anytimefitness.jp,大阪市 (堺筋本町店)
4319,43.17398,-80.27874,185 King George Rd,,Brantford,Ontario,CA,N3R 7R9,2897,(519) 304-8020,BrantfordON2@anytimefitness.ca,Brantford
4320,44.66807,-90.17328,112 N Central Ave,,Marshfield,Wisconsin,US,54449,1103,(715) 898-1122,MarshfieldWI@anytimefitness.com,Marshfield
4321,29.58433,-97.94213,1425 N Hwy 123 Byp,,Seguin,Texas,US,78155,215,(830) 379-2241,Seguin@anytimefitness.com,Seguin
4322,42.44218,-71.4294,100 Powder Mill Rd,,Acton,Massachusetts,US,01720,3511,(978) 461-2800,ActonMA2@anytimefitness.com,Acton (Powder Mill Plaza - Next to Stop & Shop)
4323,41.40022,-84.13178,1412 Scott St,,Napoleon,Ohio,US,43545,4728,(419) 573-8550,NapoleonOH@anytimefitness.com,Napoleon
4324,41.50071,-81.55536,2151 S Taylor Rd,,University Heights,Ohio,US,44118,2744,(216) 862-3186,UHeights@anytimefitness.com,University Heights
4325,-33.90376,151.08487,1/35 Burwood Road,,Belfield,New South Wales,AU,2191,AU-1507,02 9642 1989,belfield@anytimefitness.com.au,Belfield
4326,41.4643,-81.24247,11110 Kinsman Rd,,Newbury,Ohio,US,44065,3665,(216) 688-5877,NewburyOH@anytimefitness.com,Newbury
4327,35.91116,139.48267,新富町2-13-6 2F,,川越市,埼玉県,JP,〒350-0043,JP-2739,049-298-8968,af_kawagoecm974_info@anytimefitness.jp,川越市 (川越クレアモール店)
4328,40.63765,-76.1604,950 E Main St,,Schuylkill Haven,Pennsylvania,US,17972,2444,(570) 593-8177,SchuylkillHavenPA@anytimefitness.com,Schuylkill Haven
4329,35.60969,139.66873,自由が丘1丁目128‐1,,目黒区,東京都,JP,〒152‐0035,JP-2983,,af_jiyugaoka1194_info@anytimefitness.jp,目黒区 (自由が丘店)
4330,53.62074,-113.6136,140 St. Albert Rd,,St. Albert,Alberta,CA,T8N 7C8,3799,780 419 3832,StAlbertAB@anytimefitness.ca,St. Albert
4331,42.242209,-88.84254,305-309 Southtowne Dr,,Belvidere,Illinois,US,61008,5245,(815) 912-0022,BelvidereIL@anytimefitness.com,Belvidere
4332,29.741158,-99.02772,3540 State Highway 16 S,,Bandera,Texas,US,78003,5312,830-460-3522 ,BanderaTX@anytimefitness.com,Bandera
4333,-37.83398,144.65102,"200 Hummingbird Blvd,",,Tarneit West,Victoria,AU,3029,AU-1626,0477 044 375,tarneitwest@anytimefitness.com.au,Tarneit West
4334,28.83412,-97.86698,131 Business Park Dr,,Kenedy,Texas,US,78119,3361,(830) 583-3500,KenedyTX@anytimefitness.com,Kenedy
4335,48.4404,-123.5075,#174 - 2945 Jacklin Rd,,Langford,British Columbia,CA,V9B 5E3,4676,(778) 433-0247,LangfordBC@anytimefitness.ca,Langford
4336,45.52967,-73.288,183 boulevard Sir Wilfrid Laurier,,Saint-Basile-le-Grand,Quebec,CA,J3N 1M2,9900068,450 441 7775,Saint-Basile@anytimefitness.quebec,Saint-Basile-le-Grand
4337,35.61223,139.74229,南品川2-2-7　南品川Jビル B1,,品川区,東京都,JP,〒140-0004,JP-1030,03-5781-3444,afminamishinagawa26_info@anytimefitness.jp,品川区 (南品川店)
4338,42.54181,-83.78553,101 Brookside Ln,,Brighton,Michigan,US,48116,1019,(810) 227-3300,BrightonMI@anytimefitness.com,Brighton
4339,34.97125,137.13322,東大友町字西浦42-3 1F,,岡崎市,愛知県,JP,〒444-0903,JP-2521,0564-34-1910,af_okazakiyahagi756_info@anytimefitness.jp,岡崎市 (岡崎矢作店)
4340,52.47117,-1.92257,Harborne Court,,Birmingham,West Midlands,GB,B15 3BU,UK-0017,0121 270 4411,edgbaston@anytimefitness.co.uk,Birmingham (Edgbaston)
4341,31.20627,-83.24989,105 E Washington Ave,,Nashville,Georgia,US,31639,2682,(229) 686-1888,NashvilleGA@anytimefitness.com,Nashville
4342,-37.60259,143.86799,Unit 5 Midvale Shopping Centre,,Mount Clear,Victoria,AU,3350,AU-1071,03 5330 3760,mtclear@anytimefitness.com.au,Mount Clear
4343,34.69208,134.90228,魚住町住吉2-23-1-2 1F,,明石市,兵庫県,JP,〒674-0083,JP-1746,078-995-9302,af_akashiuozumi734_info@anytimefitness.jp,明石市 (明石魚住店)
4344,41.509152,-83.747775,1067 Pray Blvd,,Waterville,Ohio,US,43566,5292,419-877-7602,WatervilleOH@anytimefitness.com,Waterville
4345,34.88817,-82.06791,2153 E Main St,,Duncan,South Carolina,US,29334,3269,(864) 336-2565,DuncanSC@anytimefitness.com,Duncan
4346,35.03423,135.73291,北区衣笠大祓町13番地,,京都市,京都府,JP,〒603-8351,JP-2870,075-366-3492,af_kinkakuji1081_info@anytimefitness.jp,京都市 (金閣寺店)
4347,35.65985,139.58703,仙川町1-53-4 パールレジデンス 1F,,調布市,東京都,JP,〒182-0002,JP-2907,03-6382-9217,af_sengawa1118_info@anytimefitness.jp,調布市 (仙川店)
4348,35.73961,139.41686,立野4-473-1,,東大和市,東京都,JP,〒207-0021,JP-1271,042-569-8925,af_sakurakaido269_info@anytimefitness.jp,東大和市 (桜街道店)
4349,-46.40663,168.34597,5 Gala Street,,Invercargill,South Island,NZ,9810,NZ-1033,027 269 8463,invercargill@anytimefitness.co.nz,Invercargill
4350,33.08638,-97.29611,217 Hwy 156 N,,Justin,Texas,US,76247,4054,(940)648-1099,JustinTX@anytimefitness.com,Justin
4351,33.90484,-117.49469,4270 Riverwalk Pkwy,,Riverside,California,US,92505,1642,(951) 977-9607,RiversideCA@anytimefitness.com,Riverside (Riverwalk)
4352,43.515176,-96.669182,4720 E 41st St,,Sioux Falls,South Dakota,US,57110,4702,605-274-7000 ,SiouxFallsSD2@anytimefitness.com,Sioux Falls
4353,38.34396,140.36088,芳賀タウン北3-11-2 1F,,天童市,山形県,JP,〒994-0082,JP-1551,023-665-0155,af_tendo540_info@anytimefitness.jp,天童市 (天童店)
4354,36.49227,139.91154,インターパーク4-8-8 フレスポインターパークⅡ 1F,,宇都宮市,栃木県,JP,〒321-0118,JP-2837,028-612-8536,af_interpark1058_info@anytimefitness.jp,宇都宮市 (宇都宮インターパーク店)
4355,-33.95394,150.89783,1/605 Hume Highway,,Casula,New South Wales,AU,2170,AU-1527,02 9601 5479,casula@anytimefitness.com.au,Casula
4356,-27.24215,153.01666,"Shop 1045, Westfield North Lakes",,North Lakes,Queensland,AU,4509,AU-1780,0485990050,northlakes@anytimefitness.com.au,North Lakes
4357,48.45548,-123.39508,3170 Tillicum Rd,,Victoria,British Columbia,CA,V9A 7C5,3854,778 265 6766,VictoriaBC@anytimefitness.ca,Victoria
4358,30.71759,76.75369,"SCO 107-108, 1st and 2nd Floor",,Chandigarh,Chandigarh,IN,160044,IN-1107,"+91 8699299800, +91 8699399800",43.chandigarh@anytimefitness.in,"Chandigarh, Sector-43B"
4359,45.27012,-75.74226,71 Marketplace Ave,,Ottawa,Ontario,CA,K2J 5G4,3710,613 825 9301,OttawaON5@anytimefitness.ca,Ottawa (Barrhaven)
4360,42.040963,-91.672376,255 Robins Rd,,Hiawatha,Iowa,US,52233,5182,(319) 289-8008,HiawathaIA@anytimefitness.com,Hiawatha
4361,-37.57278,143.8367,601 La Trobe St,,Ballarat,Victoria,AU,3350,AU-1026,03 5336 3596,ballarat@anytimefitness.com.au,Ballarat
4362,42.65342,-95.19982,1231 Lake Ave.,,Storm Lake,Iowa,US,50588,994,(712) 213-2470,StormLakeIA@anytimefitness.com,Storm Lake
4363,36.55226,-87.39521,201 Dover Rd.,,Clarksville,Tennessee,US,37042,3092,(931) 647-0067,ClarksvilleTN2@anytimefitness.com,Clarksville
4364,-33.7876,150.94898,"Shop G4, Portico Plaza",,Toongabbie,New South Wales,AU,2146,AU-1242,02 9896 0931,toongabbie@anytimefitness.com.au,Toongabbie
4365,34.81619,135.64764,岡本町2-6 1-2F,,枚方市,大阪府,JP,〒573-0031,JP-1296,072-808-6343,af_hirakata290_info@anytimefitness.jp,枚方市 (枚方店)
4366,38.05756,-85.53829,737 N Mount Washington Bypass,,Mount Washington,Kentucky,US,40047,2200,(502) 538-0207,MtWashingtonKY@anytimefitness.com,Mount Washington
4367,48.425387,-123.361271,815 Yates St,,Victoria,British Columbia,CA,V8W 0E5,4726,778 440 2407,VictoriaBC4@anytimefitness.ca,Victoria
4368,41.60605,-72.67836,51 Shunpike Rd,,Cromwell,Connecticut,US,06416,3249,(860) 635-4024,CromwellCT@anytimefitness.com,Cromwell
4369,-37.86786,144.83065,84 Pier Street,,Altona,Victoria,AU,3018,AU-1275,03 9398 6347,altona@anytimefitness.com.au,Altona
4370,44.54022,-123.36741,1313 Main St.,,Philomath,Oregon,US,97370,70,(541) 929-9400,Philomath@anytimefitness.com,Philomath
4371,13.9607,121.60706,"Maharlika Highway, Brgy Gulang-gulang",,Lucena,Quezon,PH,,PH-0167,,LucenaDiversion@anytimefitness.ph,Lucena Diversion
4372,-35.21448,149.14318,Unit 4 2 Callan Street,,Mitchell,Australian Capital Territory,AU,2911,AU-1718,0419918925,mitchell@anytimefitness.com.au,Mitchell
4373,35.77675,139.69488,小豆沢3-6-7　小豆沢ローズハイム 2F,,板橋区,東京都,JP,〒174-0051,JP-1102,03-5918-8808,afshimurasakaue96_info@anytimefitness.jp,板橋区 (志村坂上店)
4374,47.93534,-97.01951,1010 Central Ave NE,,East Grand Forks,Minnesota,US,56721,2207,(218) 773-2882,EastGrandForksMN@anytimefitness.com,East Grand Forks
4375,39.869672,-74.84826,200 Tuckerton Rd,,Medford,New Jersey,US,08055,5214,609.388.4143,MedfordNJ@anytimefitness.com,Medford
4376,18.99157,-98.27821,"""Plaza Punta"" Paseo Sinfonía #1, Local 3 entre Blvd. Gran Lomas y calle Concierto",,Cholula,Puebla,MX,72830,MX-1032,222 521 9805,sonata.puebla@anytimefitness.com.mx,Puebla (Plaza Sonata)
4377,37.95015,-121.95872,5434 Ygnacio Valley Rd,,Concord,California,US,94521,3281,(925) 672-6700,ConcordCA@anytimefitness.com,Concord (Ygnacio Valley)
4378,47.48426,-122.216,64 Rainier Ave S,,Renton,Washington,US,98057,4171,(253) 487-2044,RentonWA@anytimefitness.com,Renton
4379,26.85617,80.95523,"Visa House, 2nd Floor",,Lucknow,Uttar Pradesh,IN,226001,IN-1126,+91 7518833349,hazratganj.lucknow@anytimefitness.in,"Lucknow, Hazratganj, Uttar Pradesh"
4380,41.45282,-97.06682,690 W 16th St,,Schuyler,Nebraska,US,68661,1659,(402) 352-0300,SchuylerNE@anytimefitness.com,Schuyler
4381,39.078801,-94.389267,15904 E 23rd St S,,Independence,Missouri,US,64055,5160,816-325-3747,IndependenceMO@anytimefitness.com,Independence
4382,44.1756008,-88.482709,860 Fox Pt Plz,,Neenah,Wisconsin,US,54956,294,(920) 725-0500,NeenahWI@anytimefitness.com,Neenah
4383,33.22493,-97.59021,1401 US-287,,Decatur,Texas,US,76234,3057,(940) 626-2296,DecaturTX@anytimefitness.com,Decatur
4384,36.62498,-87.32214,1820 Tiny Town Rd.,,Clarksville,Tennessee,US,37042,3445,(931) 919-4990,ClarksvilleTN3@anytimefitness.com,Clarksville
4385,42.79567,-82.73391,67200 Gratiot Ave,,Richmond,Michigan,US,48062,3244,(586) 430-1526,RichmondMI@anytimefitness.com,Richmond
4386,35.73812,139.77282,東尾久1-1-4　小澤ビル 2F,,荒川区,東京都,JP,〒116-0012,JP-1038,03-5855-7700,afshinmikawashima34_info@anytimefitness.jp,荒川区 (新三河島店)
4387,35.69711,139.68054,本町2-49-12　第12松仲ビル 1-2F,,中野区,東京都,JP,〒164-0012,JP-1033,03-5365-1131,afnakanosakaue29_info@anytimefitness.jp,中野区 (中野坂上店)
4388,-35.11808,147.36943,25 Baylis Street,,Wagga Wagga,New South Wales,AU,2650,AU-1070,02 6921 9827,waggawagga@anytimefitness.com.au,Wagga Wagga
4389,51.0267,7.5693,Auf der Brück 9,,Gummersbach,Nordrhein-Westfalen,DE,51645,DE-0005,,info@anytimefitness.de,Gummersbach
4390,45.22341,-75.68448,1160 Beaverwood Rd,,Manotick,Ontario,CA,K4M 1A3,2830,613 491 1290,ManotickON@anytimefitness.ca,Manotick
4391,25.28964,51.51079,950 Al Reem,,Fireej Bin Mahmoud,Doha (Ad Dawha),QA,,QA-0002,+974 4414 4999,BinMahmoud@anytimefitness.qa,Fireej Bin Mahmoud
4392,54.14265,-115.6718,4420 52 Ave,,Whitecourt,Alberta,CA,T7S 0C4,3958,(780) 396-6247,WhitecourtAB@anytimefitness.ca,Whitecourt
4393,30.34328,-87.6818,8154 Hwy 59,,Foley,Alabama,US,36535,3343,(251) 923-5550,FoleyAL@anytimefitness.com,Foley
4394,10.30992,123.87492,"Paseo Arcenas, R. Arcenas Street, Banawa",,Cebu,Cebu,PH,,PH-0197,,PaseoArcenasCebu@anytimefitness.ph,Paseo Arcenas Cebu
4395,-37.84244,145.27101,2/31 Scoresby Road,,Bayswater,Victoria,AU,3153,AU-1022,03 9720 1518,bayswater@anytimefitness.com.au,Bayswater
4396,-33.67677,151.11201,533 Pacific Highway,,Mount Colah,New South Wales,AU,2079,AU-1612,0452615884,mountcolah@anytimefitness.com.au,Mount Colah
4397,35.8605,-78.7042,4112 Pleasant Valley Rd,,Raleigh,North Carolina,US,27612,5217,984-777-8881,RaleighNC4@anytimefitness.com,Raleigh
4398,41.20127,-81.43764,1624 Norton Rd,,Stow,Ohio,US,44236,2947,(330) 655-1331,HudsonOH@anytimefitness.com,Hudson
4399,39.73985,-104.97093,1244 E Colfax Ave ,,Denver,Colorado,US,80218,4525,303-558-1555,DenverCO6@AnytimeFitness.com,Denver
4400,30.02716,-93.84055,1145 Texas Ave,,Bridge City,Texas,US,77611,1390,(409) 735-2222,BridgeCityTX@anytimefitness.com,Bridge City
4401,34.82575,135.46594,桜1-1-1 2F,,箕面市,大阪府,JP,〒562-0041,JP-2513,072-736-9760,af_minohsakura748_info@anytimefitness.jp,箕面市 (箕面桜店)
4402,35.72152,139.85933,東新小岩3-4-16　ベルノス34 2F,,葛飾区,東京都,JP,〒124-0023,JP-1047,03-5671-2211,afshinkoiwa42_info@anytimefitness.jp,葛飾区 (新小岩店)
4403,34.13949,-84.24751,5905 Atlanta Hwy,,Alpharetta,Georgia,US,30004,87,(770) 558-4564,AlpharettaGA@anytimefitness.com,Alpharetta (Atlanta Hwy)
4404,33.4727,-94.40255,980 James Bowie Dr,,New Boston,Texas,US,75570,2210,(903) 628-0035,NewBostonTX@anytimefitness.com,New Boston
4405,28.643,77.07609,H-12 a Vikas Puri,,Delhi,Delhi,IN,110018,IN-1039,+919990800300,vikaspuri.delhi@anytimefitness.in,"New Delhi, VikasPuri"
4406,46.82828,-95.87865,1647 US Hwy 10 West,,Detroit Lakes,Minnesota,US,56501,633,(218) 844-5656,DetroitLakesMN@anytimefitness.com,Detroit Lakes
4407,52.03441,5.16759,Onderdoor 19,,Houten,Utrecht,NL,3995 DW,NL-1032,+31 (0)85 77 31 806,houten@anytimefitness.nl,Houten
4408,-33.33376,115.64655,Homemaker Centre;  4H 42 Strickland Street,,Bunbury,Western Australia,AU,6230,AU-1115,08 9721 7255,bunbury@anytimefitness.com.au,Bunbury
4409,20.69703,-103.36278,Plan de San Luis #1728,,Guadalajara,Jalisco,MX,44260,MX-1014,(33) 3280-2086,plandesanluis@anytimefitness.com.mx,Guadalajara (Plan de San Luis)
4410,34.48822,133.36223,三之丸町1-7 トモテツ大手門ビル,,福山市,広島県,JP,〒720-0066,JP-2990,084-959-6237,af_fukuyamaekimae1201_info@anytimefitness.jp,福山市 (福山駅前店)
4411,35.67002,139.60038,南烏山6-33-36　松村ビル 1-2F,,世田谷区,東京都,JP,〒157-0062,JP-1103,03-6382-9320,afchitosekarasuyama100_info@anytimefitness.jp,世田谷区 (千歳烏山店)
4412,41.567665,-93.811473,7450 Bridgewood Blvd,,West Des Moines,Iowa,US,50266,5373,(515) 444-9557,WestDesMoinesIA2@anytimefitness.com,West Des Moines
4413,,,"Jl. Raya Tj. Barat No.163, Rt.12/Rw.4, Tj. Bar., Kec. Jagakarsa, Kota Jakarta Selatan,",,Daerah Khusus Ibukota,Jakarta,ID,12530,ID-0020,,BSDBiomedicalCampus@anytimefitness.id,BSD Biomedical Campus
4414,1.30163,103.90688,Blk 86 Marine Parade Central #01-670,,Singapore,South East,SG,440086,SG-0002,+65 8608 4683,marineparade@anytimefitness.sg,Marine Parade
4415,24.5931,73.6924,"Apex Chamber, 4C, Madhuban",,Udaipur,Rajasthan,IN,313001,IN-1075,+91 9216233667,madhuban.udaipur@anytimefitness.in,"Udaipur, Madhuban"
4416,35.68378,139.65825,方南2-19-2 鈴力ビルⅢ B1F,,杉並区,東京都,JP,〒168-0062,JP-2970,03-5913-7136,af_honanchoekimae1181_info@anytimefitness.jp,杉並区 (方南町駅前店)
4417,39.59463,-86.16084,1642 Olive Branch Parke Ln,,Greenwood,Indiana,US,46143,3087,(317) 893-2226,CenterGroveIN@anytimefitness.com,Greenwood (Center Grove)
4418,25.19305,51.21017,"SF 009E, Mall of Qatar",,"Alrayyan Area, Doha",Doha (Ad Dawha),QA,,QA-0004,,,"Alrayyan Area, Doha"
4419,35.58708,139.39031,小山町42-1,,町田市,東京都,JP,〒194-0212,JP-2621,042-860-1917,af_machidaoyama857_info@anytimefitness.jp,町田市 (町田小山店)
4420,41.60317,0.64009,Avda de Fontanet 20,,Lleida Parc de l'Aigua,Catalonia,ES,25001,SP-0091,602251594,parcdelaigua@anytimefitness.es,Parc de l'Aigua (Lleida)
4421,41.614747,-86.726795,111 North Madison St,,La Porte,Indiana,US,46350,3310,(219) 213-5918,LaPorteIN@anytimefitness.com,La Porte
4422,34.37068,132.52989,海田町窪町9-20 1F,,安芸郡,広島県,JP,〒736-0046,JP-1407,082-847-6955,af_hkaita397_info@anytimefitness.jp,安芸郡海田町 (広島海田店)
4423,42.62465,-87.83713,2304 18th St,,Kenosha,Wisconsin,US,53144,515,(262) 925-1875,KenoshaNorth@anytimefitness.com,Kenosha (18th St)
4424,41.28128,1.97779,"Carrer Esglesia, 94",,Castelldefels,Catalonia,ES,08860,SP-0076,+34 672 69 73 73,castelldefels@anytimefitness.es,Castelldefels (Barcelona)
4425,-33.8821,151.00047,"Shop 23, Chester Square Shopping Centre",,Chester Hill,New South Wales,AU,2162,AU-1739,,,Chester Hill
4426,51.44956,-0.33044,"1st Floor, Regal House",,London,Greater London,GB,TW1 3QS,UK-0015,020 8432 2024,twickenham@anytimefitness.co.uk,Twickenham
4427,43.01524,-88.3748,300 E Summit Ave,,Wales,Wisconsin,US,53183,3719,(262) 201-4240,WalesWI@anytimefitness.com,Wales
4428,39.91562,-85.38596,1713 S Memorial Dr,,New Castle,Indiana,US,47362,322,(765) 521-3000,NewCastleIN@anytimefitness.com,New Castle
4429,35.5358,139.47471,南成瀬5-1-2 南成瀬森ビル 2F,,町田市,東京都,JP,〒194-0045,JP-1326,042-860-6367,af_naruse318_info@anytimefitness.jp,町田市 (成瀬店)
4430,42.081675,-71.638914,158 N Main St,,Uxbridge,Massachusetts,US,01569,1742,(508) 278-2424,UxbridgeMA@anytimefitness.com,Uxbridge
4431,33.57791,130.40759,中央区高砂2-19-15　高砂マンション 1F,,福岡市,福岡県,JP,〒810-0011,JP-1113,092-406-2114,aftakasago104_info@anytimefitness.jp,福岡市 (高砂店)
4432,35.69316,139.87528,西一之江3-12-35　2F,,江戸川区,東京都,JP,〒132-0023,JP-1149,03-5879-2381,afichinoe132_info@anytimefitness.jp,江戸川区 (一之江店)
4433,34.64895,134.99079,大明石町1丁目3-3,,明石市,兵庫県,JP,〒673-0891,JP-3036,078-940-8924,af_akashiekimae1246_info@anytimefitness.jp,明石駅前店 (明石市)
4434,35.87524,139.51235,上福岡1-8-7 1F,,ふじみ野市,埼玉県,JP,〒356-0004,JP-2663,049-293-5603,af_kamifukuoka899_info@anytimefitness.jp,ふじみ野市 (上福岡店)
4435,34.65552,135.58985,宝持3-1-5 1F,,東大阪市,大阪府,JP,〒577-0805,JP-1283,06-4309-5363,af_eosakahoji279_info@anytimefitness.jp,東大阪市 (東大阪宝持店)
4436,35.70777,139.63581,阿佐谷北1-28 1F,,杉並区,東京都,JP,〒166-0001,JP-2950,03-5356-8505,af_asagayakita1161_info@anytimefitness.jp,杉並区 (阿佐谷北店)
4437,-6.14533,106.81516,"Kawasan Bisnis Granadha, Jl. Jend. Sudirman No.Kav. 50 Lt. 8, Karet Semanggi, Kecamatan Setiabudi,",,Jakarta,Java,ID,,ID-0002,+62129776990,Gajahmada@anytimefitness.id,Jakarta
4438,34.64224,135.60941,小畑町 2-31-1 1F,,八尾市,大阪府,JP,〒581-0835,JP-1251,072-983-5491,af_yaokita242_info@anytimefitness.jp,八尾市 (八尾北店)
4439,34.6632,135.61775,吉田1-1-23 1F,,東大阪市,大阪府,JP,〒578-0924,JP-1590,072-976-4507,af_eosakayoshida579_info@anytimefitness.jp,東大阪市 (東大阪吉田店)
4440,34.06997,134.47023,国府町観音寺660番地1外（地番）,,徳島市,徳島県,JP,779-3123,JP-3038,,af_tokushimakokufu1248_info@anytimefitness.jp,徳島国府店 (徳島市)
4441,41.31501,-81.55367,419 W. Aurora Rd.,,Sagamore Hills,Ohio,US,44067,1456,(330) 467-1416,SagamoreHillsOH@anytimefitness.com,Sagamore Hills
4442,35.80001,139.71456,飯塚1-2-16　川口ホームズ 1F,,川口市,埼玉県,JP,〒332-0023,JP-1213,048-299-7537,afkawaguchi205_info@anytimefitness.jp,川口市 (川口店)
4443,35.69035,139.46902,西元町3-8-9 1F,,国分寺市,東京都,JP,〒185-0023,JP-2910,042-313-8404,af_nishikokubunji1121_info@anytimefitness.jp,国分寺市 (西国分寺店)
4444,15.16886,120.58013,SM City Clark Tech Hub Tower 2. M.A Roxas Highway Malabanias,,Clark,Pampanga,PH,,PH-0133,,SMClark@anytimefitness.ph,SM Clark
4445,29.92789,-90.06876,1811 Rousseau St,,New Orleans,Louisiana,US,70130,2595,(504) 524-8006,RiverGardenNOLA@anytimefitness.com,New Orleans (Garden District)
4446,35.74691,139.43502,中央1-1-1 2F,,東大和市,東京都,JP,〒207-0015,JP-1629,042-843-8875,af_higashiyamatoshi618_info@anytimefitness.jp,東大和市 (東大和市店)
4447,30.59766,-87.31187,470 US-29,,Cantonment,Florida,US,32533,4203,(850) 937-7660,CantonmentFL@anytimefitness.com,Cantonment
4448,37.63737,140.96861,原町区旭町1-19-2 2F,,南相馬市,福島県,JP,〒975-0004,JP-2652,0244-26-6056,af_minamisoma888_info@anytimefitness.jp,南相馬市 (南相馬原ノ町店)
4449,22.30552,114.17112,"Hong Kong, Jordan, Jordan Rd, 21號1/F & 2/F Foremost Building",,Jordan,KOWLOON,HK,,HK-0015,+852 6828 1828,Jordan@anytimefitness.hk,Jordan
4450,47.38744,-122.16501,13210 SE 240th St,,Kent,Washington,US,98042,3643,(253) 487-1604,KentWA@anytimefitness.com,Kent
4451,28.58123,77.24201,"EROS ONE, 2nd Floor, Jangpura Extension",,New Delhi,Delhi,IN,110014,IN-1047,8929132929,jangpura.delhi@anytimefitness.in,"New Delhi, Jangpura"
4452,35.78632,139.28578,河辺町10-10-1 2F,,青梅市,東京都,JP,〒198-0036,JP-2686,0428-84-2502,af_kabe922_info@anytimefitness.jp,青梅市 (河辺店)
4453,46.282041,-96.097756,1209 West Lincoln Ave,,Fergus Falls,Minnesota,US,56537,5450,(218) 321-2788,FergusFallsMN@anytimefitness.com,Fergus Falls
4454,47.0546,-122.39713,22307 Mountain Hwy E,,Spanaway,Washington,US,98387,3429,(253) 875-7976,SpanawayWA@anytimefitness.com,Spanaway
4455,35.606556,-91.270367,815 Malcolm Ave,,Newport,Arkansas,US,72112,5260,870-495-1950,NewportAR@anytimefitness.com,Newport
4456,35.763999,-78.781921,1207 Kildaire Farm Rd,,Cary,North Carolina,US,27511,4784,(919) 276-4646,CaryNC@anytimefitness.com,Cary
4457,39.89653,-83.43624,224 E Lafayette St,,London,Ohio,US,43140,3003,(740) 463-9572,LondonOH@anytimefitness.com,London
4458,35.73651,-86.92574,3525 Kedron Rd,,Spring Hill,Tennessee,US,37174,485,(931) 489-0003,SpringHillTN@anytimefitness.com,Spring Hill
4459,47.23071,-119.87454,918 13th Ave SW,,Quincy,Washington,US,98848,3339,(509) 797-2100,QuincyWA@anytimefitness.com,Quincy
4460,35.44356,-80.99619,165 Cross Center Rd,,Denver,North Carolina,US,28037,4014,704-966-5858,DenverNC@anytimefitness.com,Denver
4461,34.5358,135.46388,西区鳳東町6-637-1 2F,,堺市,大阪府,JP,〒593-8324,JP-2924,072-349-7104,af_otorihigashi1135_info@anytimefitness.jp,堺市 (堺鳳東店)
4462,34.68003,135.81751,三条本町1098-1 まほろばキッチン 2F,,奈良市,奈良県,JP,〒630-8122,JP-1657,0742-93-9711,af_naraekimae646_info@anytimefitness.jp,奈良市 (JR奈良駅前店)
4463,3.08302,101.66344,"Platinum Arena, Old Klang Rd,  G-05, No 116, Jalan Klang Lama, Batu 5 1/2 Taman Sentosa,",,Kuala Lumpur,Selangor,MY,58000,MY-0071,,PlatinumArenaOldKlangRoad@anytimefitness.my,Platinum Arena - Old Klang Road
4464,41.694,-71.26243,576 Metacom Ave,,Bristol,Rhode Island,US,02809,4620,(401) 424-1525,BristolRI@anytimefitness.com,Bristol
4465,40.444,-75.86153,850 Golden Dr,,Blandon,Pennsylvania,US,19510,3094,(610) 944-5400,BlandonPA@anytimefitness.com,Blandon
4466,42.93786,-87.8617,5879 S Packard Ave,,Cudahy,Wisconsin,US,53110,864,(414) 483-1921,cudahywi@anytimefitness.com,Cudahy
4467,50.65395,-120.36555,1801 Princeton-Kamloops Hwy,,Kamloops,British Columbia,CA,V2E 2J7,3807,250 574 1803,KamloopsBC@anytimefitness.ca,Kamloops
4468,39.60646,-119.84331,1130 N Hills Blvd,,Reno,Nevada,US,89506,2332,(775) 677-2233,NorthRenoNV@anytimefitness.com,Reno (N Hills Blvd)
4469,46.82591,-119.16388,740 E Main St,,Othello,Washington,US,99344,1323,(509) 488-3484,OthelloWA@anytimefitness.com,Othello
4470,1.39484,103.74473,3rd Floor #20 Choa Chu Kang St. 52 Yew Tee Community Club,,Singapore,North West,SG,689286,SG-0070,+65 8533 3784,YewTee@anytimefitness.sg,Yew Tee
4471,43.81269,-79.55244,8655 Weston Rd,,Woodbridge,Ontario,CA,L4L 9M4,1824,905 265 7558,WoodbridgeON@anytimefitness.ca,Woodbridge
4472,51.68745,5.78354,Kerkstraat 14,,Mill,Noord-Brabant,NL,5451 BM,NL-1259,31 0647754732,Mill@anytimefitness.nl,Mill
4473,41.635932,-70.959656,5-D State Rd,,Dartmouth,Massachusetts,US,02740,3377,(774) 300-3700,DartmouthMA@anytimefitness.com,Dartmouth
4474,35.85236,139.70178,柳崎1-20-30 1-2F,,川口市,埼玉県,JP,〒333-0861,JP-2993,048-424-3558,af_yanagisaki1204_info@anytimefitness.jp,川口市 (川口柳崎店)
4475,34.46344,135.40162,小松里町2196 1-2F,,岸和田市,大阪府,JP,〒596-0821,JP-1617,072-493-8702,af_kishiwada607_info@anytimefitness.jp,岸和田市 (岸和田店)
4476,39.1298,-94.834,10940 Parallel Pkwy,,Kansas City,Kansas,US,66109,3482,(913) 400-7156,KansasCityKS@anytimefitness.com,Kansas City
4477,17.43836,78.3978,"Plot No.722, Road No.36, Pemmasani Complex - 3rd Floor",,Hyderabad,Andhra Pradesh,IN,500033,IN-1206,8977712481,jubileehills.hyderabad@anytimefitness.in,"Jubilee Hills, Hyderabad, Telangana"
4478,39.49223,-76.39089,2315 Belair Rd,,Fallston,Maryland,US,21047,4205,443-299-6440,FallstonMD@anytimefitness.com,Fallston
4479,43.9675,-111.68232,104 N Bridge St,,St. Anthony,Idaho,US,83445,4102,208-534-9367,StAnthonyID@anytimefitness.com,St. Anthony
4480,34.81777,134.66702,中地614 2F,,姫路市,兵庫県,JP,〒670-0976,JP-1561,079-290-5170,af_himejichuji550_info@anytimefitness.jp,姫路市 (姫路中地店)
4481,35.00791,-80.91152,1474 Hwy 160 E,,Fort Mill,South Carolina,US,29715,4031,803-548-5887,FortMillSC2@anytimefitness.com,Fort Mill
4482,50.86328,5.73241,Ambyerstraat noord 25,,Maastricht-Amby,Limburg,NL,6225 EA,NL-1070,+31 (0) 43 20 30 009,maastricht-amby@anytimefitness.nl,Maastricht-Amby
4483,38.955991,-94.688521,8809 W 95th St,,Overland Park,Kansas,US,66212,5338,913-871-7461,OverlandParkKS3@anytimefitness.com,Overland Park (95th & Antioch Rd)
4484,52.14062,6.20178,Donkeresteeg 43,,Zutphen,Gelderland,NL,7201 CR,NL-1162,+31 575 820 400,zutphen@anytimefitness.nl,Zutphen
4485,29.57227,-98.64716,8202 N Loop 1604 W,,San Antonio,Texas,US,78249,3381,(210) 877-5305,SanAntonioTX8@anytimefitness.com,San Antonio (Hausman Village)
4486,43.89315,-79.2929,9580 McCowan Rd,,Markham,Ontario,CA,L3P 3S3,3294,905 534 6444,MarkhamON3@anytimefitness.ca,Markham (McCowan/Bur Oak)
4487,28.63234,-96.62878,300 Tiney Browning Blvd,,Port Lavaca,Texas,US,77979,3412,(361) 482-0631,PortLavacaTX@anytimefitness.com,Port Lavaca
4488,32.62014,-85.41631,2701 Frederick Rd,,Opelika,Alabama,US,36801,4296,(334) 759-6464,OpelikaAL@anytimefitness.com,Opelika
4489,51.19131,5.9922,Willem II Singel 11,,Roermond,Limburg,NL,6041 HP,NL-1041,+31 (0)475 20 10 04,roermond@anytimefitness.nl,Roermond
4490,33.4234577,-96.5889789,385 Henry Hynds Expy,,Van Alstyne ,Texas,US,75495,5191,903-627-4300,VanAlstyneTX@anytimefitness.com,Van Alstyne 
4491,43.97566,-79.23095,12287 10th Line Rd,,Stouffville,Ontario,CA,L4A 6B6,1817,905 640 7656,StouffvilleON@anytimefitness.ca,Stouffville
4492,35.52493,139.64186,師岡町911-1,,横浜市港北区,神奈川県,JP,222-0002,JP-3019,045-642-8751,af_kohokumorooka1230_info@anytimefitness.jp,横浜市 (港北師岡店)
4493,35.78263,139.61764,中央2-2-11 2F,,和光市,埼玉県,JP,〒351-0113,JP-1497,048-458-0728,af_wako490_info@anytimefitness.jp,和光市 (和光店)
4494,29.34511,-99.15678,2509 19th St,,Hondo,Texas,US,78861,4341,(830) 423-5500,HondoTX2@anytimefitness.com,Hondo
4495,36.10772,-96.11948,3802 S 113th West Ave,,Sand Springs,Oklahoma,US,74063,22,(918) 245-2348,SandSprings@anytimefitness.com,Sand Springs
4496,42.01202,-93.4357,1818 Fawcett Pkwy,,Nevada,Iowa,US,50201,235,(515) 382-2424,NevadaIA@anytimefitness.com,Nevada
4497,28.65614,77.14051,"N 41, 42",,New Delhi,Delhi,IN,110015,IN-1063,+918383068942,kirtinagar.delhi@anytimefitness.in,"New Delhi, Kirti Nagar"
4498,35.62689,139.71566,西五反田3-10-12　 2F,,品川区,東京都,JP,〒141-0031,JP-1062,03-5436-7130,affudomae58_info@anytimefitness.jp,品川区 (不動前店)
4499,20.38387,-100.01106,"Blvd. Hidalgo número 51, Local 1,",,San Juan del Rio,Querétaro,MX,76800,MX-1141,4272909467,sanjuandelrio.qro@anytimefitness.com.mx,Querétaro (San Juan del Rio)
4500,39.5484,-76.31538,1206 Agora Dr.,,Bel Air,Maryland,US,21014,1784,(410) 838-8253,BelAirMD@anytimefitness.com,Bel Air (Agora Dr)
4501,39.18418,-119.76759,2629 N Carson St,,Carson City,Nevada,US,89706,3116,(775) 222-0022,CarsonCityNV2@anytimefitness.com,Carson City (N. Carson Street)
4502,28.55857,77.16381,"27, Community Center",,New Delhi,Delhi,IN,110057,IN-1167,+91 8929993838,vasantvihar.delhi@anytimefitness.in,"New Delhi, Vasant Vihar"
4503,35.71533,139.67052,新井5-17-12 新井薬師ビル 2F,,中野区,東京都,JP,〒165-0026,JP-2572,03-5860-0361,af_araiyakushi808_info@anytimefitness.jp,中野区 (新井薬師店)
4504,34.98401,137.08493,今池町2-1-26　新安城メイプルプラザ,,安城市,愛知県,JP,〒446-0071,JP-1218,0566-45-6871,afshinanjo221_info@anytimefitness.jp,安城市 (新安城店)
4505,35.1092,-106.73032,2115 Vista Oeste NW,,Albuquerque,New Mexico,US,87120,3426,(505) 839-0008,ABQNM@anytimefitness.com,Albuquerque
4506,34.75524,135.62652,楠根北町1-27 樋口第3ビル 2F,,寝屋川市,大阪府,JP,〒572-0845,JP-1554,072-800-7401,af_kusunekitamachi539_info@anytimefitness.jp,寝屋川市 (寝屋川楠根北町店)
4507,34.95263,137.08799,南町1-3 2F,,安城市,愛知県,JP,〒446-0034,JP-1733,0566-91-7677,af_anjo721_info@anytimefitness.jp,安城市 (安城店)
4508,47.61629,-122.30996,1700 E Madison,,Seattle,Washington,US,98122,2816,(206) 328-4455,CapitolHill@anytimefitness.com,Seattle (E Madison)
4509,29.662136,-98.436583,3111 TPC Parkway,,San Antonio,Texas,US,78259,5479,210-972-4204,TPCParkwayTX@anytimefitness.com,San Antonio
4510,35.41547,-80.67943,6270 Bayfield Pkwy,,Kannapolis,North Carolina,US,28027,4294,(704) 273-1616,KannapolisNC@anytimefitness.com,Kannapolis (Afton Ridge Shopping Center)
4511,33.14875,-96.80701,8745 Gary Burns Dr,,Frisco,Texas,US,75034,2703,(214) 872-2272,FriscoTX@anytimefitness.com,Frisco
4512,34.01573,-118.494167,1435 4th St,,Santa Monica,California,US,90401,4947,424-479-3330,SantaMonicaCA@anytimefitness.com,Santa Monica
4513,45.021799,-93.105468,2680 Rice St,,Little Canada,Minnesota,US,55117,3132,(651) 321-1996,LittleCanada@anytimefitness.com,Little Canada
4514,51.56288,0.21609,46-48 High Street,,Hornchurch,Greater London,GB,RM12 4UN,UK-0098,01708 871671,hornchurch@anytimefitness.co.uk,Hornchurch
4515,37.11529,138.23394,大貫4-5 1F,,上越市,新潟県,JP,〒943-0893,JP-2892,025-530-7531,af_joetsutakada784_info@anytimefitness.jp,上越市 (上越高田店)
4516,38.58057,-90.62704,2450 Taylor Rd,,Wildwood,Missouri,US,63040,3531,(636) 273-1515,WildwoodMO@anytimefitness.com,Wildwood
4517,35.70286,139.74374,下宮比町2-1　第一勧銀稲垣ビル B1,,新宿区,東京都,JP,〒162-0822,JP-1239,03-6265-3705,af_iidabashi232_info@anytimefitness.jp,新宿区 (飯田橋店)
4518,36.67846,137.2242,大泉本町1-2-3 1F,,富山市,富山県,JP,〒939-8094,JP-1414,076-461-7552,af_toizumi402_info@anytimefitness.jp,富山市 (富山大泉店)
4519,29.79128,-95.3987,1102 Yale St,,Houston,Texas,US,77008,1254,713-869-3222,HoustonTX2@anytimefitness.com,Houston
4520,44.37151,-89.81645,2521 8th St,,Wisconsin Rapids,Wisconsin,US,54494,2658,(715) 424-2000,WisconsinRapidsWI@anytimefitness.com,Wisconsin Rapids
4521,28.50283,77.00893,"2nd Floor, Concient One Mall",,Gurgaon,Haryana,IN,122017,IN-1152,+91 9717620085,109.gurgaon@anytimefitness.in,"Gurgaon, Sector 109, Haryana"
4522,34.50586,133.40579,春日町1-1-31 1F,,福山市,広島県,JP,〒721-0907,JP-1532,084-999-5020,af_fukuyamakasuga523_info@anytimefitness.jp,福山市 (福山春日町店)
4523,35.40707,-97.42426,5901 S Sooner Rd,,Oklahoma City,Oklahoma,US,73135,585,(405) 601-4177,SoonerOK@anytimefitness.com,Oklahoma City (S Sooner)
4524,41.3974,-74.3342,99-101 Clowes Ave,,Goshen,New York,US,10924,5162,845-378-9888,GoshenNY@anytimefitness.com,Goshen
4525,35.8872,139.46895,中台3-18-8 1F,,川越市,埼玉県,JP,〒350-1159,JP-2685,049-293-9631,af_kawagoenakadai921_info@anytimefitness.jp,川越市 (川越中台店)
4526,34.99482,135.95057,野路8-19-15 2F,,草津市,滋賀県,JP,〒525-0059,JP-1274,077-567-1602,af_snoji330_info@anytimefitness.jp,草津市 (南草津野路店)
4527,32.32189,-106.733063,115 Roadrunner Way,,Las Cruces,New Mexico,US,88011,604,(575) 521-1001,LasCruces@anytimefitness.com,Las Cruces
4528,34.57204,-83.7626,1803 US-129,,Cleveland,Georgia,US,30528,1955,(706) 865-6461,ClevelandGA@anytimefitness.com,Cleveland
4529,30.45693,-91.24811,702 N. Lobdell Hwy.,,Port Allen,Louisiana,US,70767,1483,(225) 636-2044,PortAllenLA@anytimefitness.com,Port Allen
4530,34.86684,137.04329,山下町東八幡山68-8 1-2F,,西尾市,愛知県,JP,〒445-0877,JP-1389,0563-65-9230,af_nishio383_info@anytimefitness.jp,西尾市 (西尾店)
4531,44.45645,-89.526365,1836 Plover Rd,,Plover,Wisconsin,US,54467,1371,(715) 544-4050,PloverWI@anytimefitness.com,Plover
4532,39.52305,-85.74738,1818-A State Rd 44,,Shelbyville,Indiana,US,46176,321,(317) 392-3055,ShelbyvilleIN@anytimefitness.com,Shelbyville
4533,38.550037,-122.804631,8938 Lakewood Dr,,Windsor,California,US,95492,735,707-657-7424,WindsorCA@anytimefitness.com,Windsor
4534,-33.75098,151.23773,Level 1,,Frenchs Forest,New South Wales,AU,2086,AU-1206,0466 274 372,frenchsforest@anytimefitness.com.au,Frenchs Forest
4535,38.86209,-86.5095,2643 16th St.,,Bedford,Indiana,US,47421,2690,(812) 275-3055,BedfordIN@anytimefitness.com,Bedford
4536,43.86871,-91.21406,1220 Crossing Meadows Dr,,Onalaska,Wisconsin,US,54650,2024,(608) 783-1120,OnalaskaWI@anytimefitness.com,Onalaska
4537,35.7305,139.53538,田無町6-5-33 セブン田無 2-3F,,西東京市,東京都,JP,〒188-0011,JP-1487,042-497-5980,af_tanashi473_info@anytimefitness.jp,西東京市 (田無店)
4538,61.139055,-149.834201,8936 Lake Otis Pkwy,,Anchorage,Alaska,US,99507,4023,(907) 600-2611,AnchorageAK2@anytimefitness.com,Anchorage
4539,44.53267,-89.57571,200 N Division St,,Stevens Point,Wisconsin,US,54481,2175,(715) 544-4008,StevensPointWI@anytimefitness.com,Stevens Point
4540,35.66384,139.34039,元横山町1-15-3 2F,,八王子市,東京都,JP,〒192-0063,JP-1642,042-649-1945,af_motoyokoyamacho631_info@anytimefitness.jp,八王子市 (八王子元横山町店)
4541,35.73272,139.67096,江原町3-35-8　グローリオ中野新江古田 1F,,中野区,東京都,JP,〒165-0023,JP-1055,03-5988-7811,afshin-egota51_info@anytimefitness.jp,中野区 (新江古田店)
4542,-31.97032,115.89186,175 Albany Highway,,Victoria Park,Western Australia,AU,6100,AU-1616,0452 125 969,victoriapark@anytimefitness.com.au,Victoria Park
4543,30.05638,-99.16264,849 Junction Hwy,,Kerrville,Texas,US,78028,3234,(830) 315-2200,KerrvilleTX@anytimefitness.com,Kerrville
4544,44.80171,-122.79494,935 N 1st Ave,,Stayton,Oregon,US,97383,613,(503) 769-5500,StaytonOR@anytimefitness.com,Stayton
4545,32.53272,-96.8134,132 E Ovilla Rd,,Red Oak,Texas,US,75154,2059,(972) 576-1121,RedOakTX@anytimefitness.com,Red Oak
4546,28.36169,-81.42585,4112 W. Town Ctr. Blvd.,,Orlando,Florida,US,32837,3285,(407) 985-5849,OrlandoFL5@anytimefitness.com,Orlando
4547,36.87392,-76.13612,1079 Independence Blvd.,,Virginia Beach,Virginia,US,23455,2397,(757) 963-7998,VirginiaBeachVA3@anytimefitness.com,Virginia Beach (Indepnc)
4548,35.75038,139.47203,栄町1-1-22 2F,,東村山市,東京都,JP,〒189-0013,JP-1204,042-306-1927,afkumegawa196_info@anytimefitness.jp,東村山市 (久米川駅前店)
4549,30.2209829,-95.6075311,9533 FM 1488,,Magnolia,Texas,US,77354,5421,(832) 343-3123,MagnoliaTX2@anytimefitness.com,Magnolia (Lake Windcrest)
4550,-36.05656,146.92728,1001 Waugh Rd,,North Albury,New South Wales,AU,2640,AU-1006,02 6025 1811,northalbury@anytimefitness.com.au,North Albury
4551,34.65668,135.502,浪速区敷津東2-1-10,,大阪市,大阪府,JP,〒556-0012,JP-1082,06-4393-8852,afimamiyaebisu78_info@anytimefitness.jp,大阪市 (今宮戎店)
4552,30.163728,-85.59038,856 N Tyndall Pkwy,,Callaway,Florida,US,32404,4580,(850) 640-6150,CallawayFL@anytimefitness.com,Callaway
4553,38.45779,-81.50213,303 Crossing Mall,,Elkview,West Virginia,US,25071,3303,(304) 965-8888,ElkviewWV@anytimefitness.com,Elkview
4554,44.35728,-89.10724,970 Furman Dr,,Waupaca,Wisconsin,US,54981,1104,(715) 942-8300,WaupacaWI@anytimefitness.com,Waupaca
4555,28.82101,-81.67303,17195 US Hwy 441,,Mt. Dora,Florida,US,32757,3012,(352) 308-8126,MtDoraFL@anytimefitness.com,Mt. Dora
4556,34.77469,135.67473,星田北二丁目14-4 2F,,交野市,大阪府,JP,〒576-0017,JP-2899,072-896-6345,af_katanohoshidan1110_info@anytimefitness.jp,交野市 (交野星田北店)
4557,28.59015,-81.35944,958 Orange Ave.,,Winter Park,Florida,US,32789,2158,(321) 972-5833,WinterParkFL@anytimefitness.com,Winter Park
4558,-27.68285,152.80179,20 Main Street,,Ripley,Queensland,AU,4306,AU-1594,0477 081 831,ripley@anytimefitness.com.au,Ripley
4559,-36.11169,146.8626,"1A, Unit 2 Moorefield Park Drive",,Wodonga,Victoria,AU,3690,AU-1003,02 6024 4455,wodonga@anytimefitness.com.au,Wodonga
4560,40.267968,-83.0714208,1710 Columbus Pike,,Delaware,Ohio,US,43015,3449,740-602-0905,DelawareOH@anytimefitness.com,Delaware
4561,20.56744,-100.41315,"Hacienda Santillan, número 123, Fraccionamiento El Jacal",,Querétaro,Querétaro,MX,76180,MX-1093,4425377924,jardines.qro@anytimefitness.com.mx,Querétaro (Jardines de la Hacienda)
4562,37.974102,-120.341091,13769 Mono Way,,Sonora,California,US,95370,5037,(209) 331-5759,SonoraCA@anytimefitness.com,Sonora
4563,47.2229,-123.12154,2121 Olympic Hwy N,,Shelton,Washington,US,98584,616,(360) 462-2600,SheltonWA@anytimefitness.com,Shelton
4564,34.01805,131.86387,桜町3-15-16 2F,,下松市,山口県,JP,〒744-0019,JP-2857,0833-44-7311,af_kudamatsu1068_info@anytimefitness.jp,下松市 (下松桜町店)
4565,37.594781,-122.504358,1367 Linda Mar Shopping Center,,Pacifica,California,US,94044,4472,(650) 808-7745,PacificaCA@anytimefitness.com,Pacifica
4566,41.59209,-88.03955,420 Summit Dr,,Lockport,Illinois,US,60441,3373,(815) 905-1225,LockportIL@anytimefitness.com,Lockport
4567,21.15162,-101.69479,Blvd. Campestre #1201 Local 5,,León,Guanajuato,MX,37150,MX-1031,(477) 329 44 44,leoncampestre@anytimefitness.com.mx,León (Campestre)
4568,43.31808,-88.35135,1542 E Sumner St,,Hartford,Wisconsin,US,53027,2566,(262) 673-7300,HartfordWI@anytimefitness.com,Hartford
4569,39.181319,-76.826374,6935 Oakland Mills Rd,,Columbia,Maryland,US,21045,5353,(667) 200-0333,ColumbiaMD@anytimefitness.com,Columbia
4570,48.7150755,-122.4760811,3125 Old Fairhaven Pkwy,,Bellingham,Washington,US,98225,4949,(360) 788-5900,af.fairhaven@anytimefitness.com,Bellingham (Fairhaven)
4571,26.60619,127.98034,宮里7-1-65 1F,,名護市,沖縄県,JP,〒905-0011,JP-2597,0980-43-7880,af_nago833_info@anytimefitness.jp,名護市 (名護店)
4572,-27.59706,152.94801,"Unit 1, 86 Garden Road",,Richlands,Queensland,AU,4077,AU-1009,0478895852,richlands@anytimefitness.com.au,Richlands
4573,35.40645,136.7541,加納新本町1-5 1-2F,,岐阜市,岐阜県,JP,〒500-8463,JP-1319,058-215-5273,af_gifukano258_info@anytimefitness.jp,岐阜市 (岐阜加納店)
4574,44.09194,-79.1332,304 Toronto St S,,Uxbridge,Ontario,CA,L9P 1Z7,2889,905 852 0247,UxbridgeON@anytimefitness.ca,Uxbridge
4575,28.951215,-98.498756,1240 West Oaklawn Rd,,Pleasanton,Texas,US,78064,3469,(830) 268-8444,PleasantonTX@anytimefitness.com,Pleasanton
4576,36.07041,139.67551,久喜中央4-9-83 てられすビル 2F,,久喜市,埼玉県,JP,〒346-0003,JP-2792,0480-44-8572,af_kuki1024_info@anytimefitness.jp,久喜市 (久喜店)
4577,30.576208,-97.65215,5290 N AW Grimes,,Round Rock,Texas,US,78665,5383,(512) 686-1911,RoundRockTX@anytimefitness.com,Round Rock (Teravista Crossing)
4578,32.53715882,-92.10576647,2309 Oliver Rd,,Monroe,Louisiana,US,71201,1702,(318) 322-4005,MonroeLA@anytimefitness.com,Monroe (Oliver Rd)
4579,-45.89695,170.4992,92 MacAndrew Road,,Dunedin,Otago,NZ,9012,NZ-1015,03 4550013,dunedinsouth@anytimefitness.co.nz,"Dunedin South, Dunedin"
4580,35.80867,139.60995,根岸台3-20-1 カインズ朝霞 2F,,朝霞市,埼玉県,JP,〒351-0005,JP-2750,048-483-4707,af_caasaka985_info@anytimefitness.jp,朝霞市 (カインズ朝霞店)
4581,53.2822,-6.15111,30 Kill Avenue,,Co. Dublin,Dublin,IE,,UK-0049,+353 1 6972471,dunlaoghaire@anytimefitness.ie,Dunlaoghaire (Dublin)
4582,31.9234,131.39311,大塚町池ノ内1197-3 1F,,宮崎市,宮崎県,JP,〒880-0951,JP-2894,0985-83-0345,af_motsuka1105_info@anytimefitness.jp,宮崎市 (宮崎大塚店)
4583,45.03721,-92.82512,1270 W Frontage Rd,,Stillwater,Minnesota,US,55082,214,(651) 439-5544,Stillwater@anytimefitness.com,Stillwater
4584,34.188591,-118.942133,717 Wendy Dr,,Thousand Oaks,California,US,91320,3154,(805) 379-9909,TOaks@anytimefitness.com,Thousand Oaks
4585,35.11586,-81.07677,125 Evergreen Rd,,Lake Wylie,South Carolina,US,29710,1885,(803) 831-1234,LakeWylieSC@anytimefitness.com,Lake Wylie
4586,-45.88376,170.50149,76 Cumberland Street,,Dunedin,Otago,NZ,9016,NZ-1035,03 4550013,dunedincentral@anytimefitness.co.nz,"Dunedin Central, Dunedin"
4587,39.5238,-107.77,800 Airport Road,,Rifle,Colorado,US,81650,5086,970-665-9383,Rifle@anytimefitness.com,Rifle
4588,,,31 Johnsonville Road,,Wellington,Wellington,NZ,6037,NZ-1061,,johnsonville@anytimefitness.co.nz,Wellington
4589,38.69514,-85.78094,796 White St,,Scottsburg,Indiana,US,47170,3401,(812) 752-4625,ScottsburgIN@anytimefitness.com,Scottsburg
4590,41.71829,-71.46532,577 Greenwich Ave,,Warwick,Rhode Island,US,02886,2788,(401) 737-4949,WarwickRI@anytimefitness.com,Warwick
4591,28.59714,77.36489,"Shopprix Mall, H9W7+VX2",,Noida,Uttar Pradesh,IN,201307,IN-1168,"+91 9773991060, +91 9773991061",61.noida@anytimefitness.in,"Noida, Sector 61"
4592,21.01004,-89.57709,Calle 19 Avenida Yucatán entre Avenida Vasconcelos,,Merida,Yucatan,MX,97135,MX-1107,,plazaodara.yuc@anytimefitness.com.mx,Merida (Plaza Odara)
4593,39.58071,-104.72282,7420 S Gartrell Rd,,Aurora,Colorado,US,80016,3451,(303) 782-9348,AuroraCO@anytimefitness.com,Aurora
4594,48.15675,14.01234,Dragonerstraße 42a,,Wels,Upper Austria,AT,4600,AT-0004,+43 (0)7242 22 3008,wels@anytimefitness.at,Wels
4595,38.35244,-77.05456,16453 Merchants Ln,,King George,Virginia,US,22485,4647,(540) 709-7950 ,KingGeorgeVA@anytimefitness.com,King George
4596,-16.91977,145.73852,115 Anderson Street,,Manunda,Queensland,AU,4870,AU-1195,0742421620,cairns@anytimefitness.com.au,Manunda
4597,1.35262,103.74985,"91, Bukit Batok West Ave 2, Block C, #05-01",,Singapore,North West,SG,659206,SG-0057,+65 9177 2029,bukitbatok@anytimefitness.sg,CSC Bukit Batok
4598,51.57128,-0.00859,665 High Road,,Leyton,Greater London,GB,E10 6RA,UK-0171,0203 475 1984,leyton@anytimefitness.co.uk,London (Leyton)
4599,48.79492,-122.48681,115 W Kellogg Rd,,Bellingham,Washington,US,98226,2128,(360) 306-5858,BellinghamWA@anytimefitness.com,Bellingham (Cordata)
4600,44.90019,-93.5635,340 State Hwy 7,,Excelsior,Minnesota,US,55331,3286,(952) 401-0101,ExcelsiorMN@anytimefitness.com,Excelsior
4601,19.06006,-98.2501,Calz. Zavaleta #1108 Local 101-105,,Puebla,Puebla,MX,72150,MX-1048,(22) 2284-6066,centromayorpue@anytimefitness.com.mx,Puebla Centro Mayor (Zavaleta)
4602,37.71092,-121.43311,2620 S Tracy Blvd,,Tracy,California,US,95376,3375,(209) 839-8204,TracyCA@anytimefitness.com,Tracy
4603,42.047753,-88.25453,1020 Summit St,,Elgin,Illinois,US,60120,5079,224-339-7339,ElginIL@anytimefitness.com,Elgin
4604,51.61181,-0.13612,Unit 5 Ladderswood Estate,,London (New Southgate),Greater London,GB,N11 1FJ,UK-0492,,newsouthgate@anytimefitness.co.uk,London (New Southgate)
4605,35.72088,139.79586,浅草5-30-9 2F,,台東区,東京都,JP,〒111-0032,JP-2914,03-6802-3568,af_asakusa1125_info@anytimefitness.jp,台東区 (浅草店)
4606,-33.87965,151.13866,163-165 Ramsay Street,,Haberfield,New South Wales,AU,2045,AU-1645,0468-491-271,haberfield@anytimefitness.com.au,Haberfield
4607,39.00616,-85.62146,620 E Buckeye St,,North Vernon,Indiana,US,47265,1928,(812) 953-3212,NorthVernonIN@anytimefitness.com,North Vernon
4608,38.93751,141.13348,石畑5-8 1F,,一関市,岩手県,JP,〒021-0008,JP-2780,0191-34-6356,af_ichinoseki1012_info@anytimefitness.jp,一関市 (一関店)
4609,-38.02385,144.40908,Shop 14-16/120 Station Lake Road,,Lara,Victoria,AU,3212,AU-1277,03 5282 5665,lara@anytimefitness.com.au,Lara
4610,33.416347,-110.826727,2250 Highway 60,,Miami,Arizona,US,85539,4161,928-473-1328,MiamiAZ@anytimefitness.com,Miami
4611,30.52148,-97.77455,12101 W. Parmer Ln.,,Cedar Park,Texas,US,78613,2805,(512) 436-9645,CedarParkTX2@anytimefitness.com,Cedar Park
4612,-42.86399,147.37128,"Tenancy A, 31 Bligh Street",,Rosny Park,Tasmania,AU,7018,AU-1599,0432 042 108,rosnypark@anytimefitness.com.au,Rosny Park
4613,28.62921,77.09978,"First & Second Floor, WZ-901, Fateh Nagar",,New Delhi,Delhi,IN,110018,IN-1161,"+91 9625807560, +91 9625907560",jailroad.delhi@anytimefitness.in,"New Delhi, Jail Road"
4614,-42.83211,147.27388,"SHOP G-30A, Northgate Shopping Centre",,Glenorchy,Tasmania,AU,7010,AU-1481,03 6274 7743,glenorchy@anytimefitness.com.au,Glenorchy
4615,45.03892,-93.21997,2701 39th Ave NE,,St. Anthony,Minnesota,US,55421,3979,(612) 260-2300,StAnthonyMN@anytimefitness.com,St. Anthony
4616,-33.65885,150.89448,"Homestead Centre,  4 Terry Rd",,Box Hill,New South Wales,AU,2765,AU-1714,0406 795 990,boxhillnsw@anytimefitness.com.au,Box Hill
4617,35.59429,-97.56503,2820 NW 122nd Street,,Oklahoma City,Oklahoma,US,73120,3478,(405) 608-0221,OklahomaCityOK4@anytimefitness.com,Oklahoma City (NW 122nd St)
4618,14.657,121.02228,"Panorama Technocenter, 1029 EDSA, Brgy. Veterans Village",,Edsa Munoz,Metro Manila,PH,,PH-0180,,EDSAMunoz@anytimefitness.ph,Edsa Muñoz
4619,39.04077,-108.54175,2740 Hwy 50,,Grand Junction,Colorado,US,81503,2133,(970) 242-7200,GrandJunctionCO@anytimefitness.com,Grand Junction
4620,41.69663,-88.31877,2958 US Hwy 34,,Oswego,Illinois,US,60543,3631,(217) 209-0105,OswegoIL@anytimefitness.com,Oswego
4621,49.26723,-123.11319,489 W 2nd Ave,,Vancouver,British Columbia,CA,V5Y 1E3,3247,604 559 8463,FalseCreek@anytimefitness.ca,Vancouver (False Creek)
4622,36.04342,-86.74462,5513 Edmondson Pike,,Nashville,Tennessee,US,37211,3127,(615) 565-1613,NashvilleTN2@anytimefitness.com,Nashville (Nippers Corner)
4623,34.7005,135.51968,北区天満橋1-8-30 OAPタワー 1F,,大阪市,大阪府,JP,〒530-6001,JP-2833,06-6809-6281,af_temmabashi1054_info@anytimefitness.jp,大阪市 (天満橋店)
4624,40.66569,-3.77177,"C/ Molino de Viento , CC. CC El Mirador. Edificio F, Local 10",,Colmenar Viejo,Madrid,ES,28770,SP-0094,+34 604 96 91 69,colmenar@anytimefitness.es,Colmenar Viejo (Madrid)
4625,51.25039,5.89584,Schoolstraat 1,,Heythuysen,Limburg,NL,6093 EH,NL-1054,+31 (0)475 20 10 05,heythuysen@anytimefitness.nl,Heythuysen
4626,35.081806,-85.061257,5945 Elementary Way,,Collegedale,Tennessee,US,37363,5340,423.910.2229,OoltewahTN@anytimefitness.com,Collegedale (Ooltewah)
4627,35.73623,139.6718,豊玉上1-9-8　WOOD PALACE 1F,,練馬区,東京都,JP,〒176-0011,JP-1139,03-6914-5731,afekoda139_info@anytimefitness.jp,練馬区 (江古田店)
4628,35.64757,139.74703,芝5-20-17 ルシマン田町 3F,,港区,東京都,JP,〒108-0014,JP-2769,03-6271-9106,af_tamachi1003_info@anytimefitness.jp,港区 (田町店)
4629,45.010506303,-93.247151601,2217 Central Ave NE,,Minneapolis,Minnesota,US,55418,4763,612-230-1330,MinneapolisMN6@anytimefitness.com,Minneapolis (Northeast)
4630,-37.68179,145.07088,"Shop TG-12, 1/1 Janefield Drive",,Uni Hill,Victoria,AU,3083,AU-1471,0435050279,bundoora@anytimefitness.com.au,Bundoora
4631,35.9492,139.41396,富士見2-24-13 2F,,鶴ヶ島市,埼玉県,JP,〒350-2201,JP-1636,049-299-8185,af_wakaba625_info@anytimefitness.jp,鶴ヶ島市 (若葉店)
4632,-38.14764,176.27696,279/B Te Ngae Road,,Rotorua,BOP,NZ,3010,NZ-1014,07 5625155,rotorua@anytimefitness.co.nz,Rotorua
4633,-37.58739,145.12565,107 Hazel Glen Drive,,Doreen,Victoria,AU,3754,AU-1461,0437073294,doreen@anytimefitness.com.au,Doreen
4634,33.81121,-118.10859,6337 E Spring St,,Long Beach,California,US,90808,5309,(562) 270-9755,LongBeach@anytimefitness.com,Long Beach
4635,45.051344,-92.987196,2689 County Rd E,,White Bear Lake,Minnesota,US,55110,2895,(651) 426-8054,WhiteBearLakeMN@anytimefitness.com,White Bear Lake
4636,35.50963,-97.94198,1627A Hwy 66,,El Reno,Oklahoma,US,73036,1535,(405) 422-1190,ElRenoOK@anytimefitness.com,El Reno
4637,34.24753,-119.19493,2950 Johnson Dr,,Ventura,California,US,93003,3153,(805) 658-1348,VenturaCA@anytimefitness.com,Ventura
4638,45.051819,-93.14831,3673 Lexington Ave,,Arden Hills,Minnesota,US,55126,889,(651) 490-3348,ArdenHillsMN@anytimefitness.com,Arden Hills
4639,42.46471,-96.42902,2601 Cornhusker Dr,,South Sioux City,Nebraska,US,68776,4079,(402) 241-8943 ,SouthSiouxCityNE@anytimefitness.com,South Sioux City
4640,-27.49903,153.04702,85 Old Cleveland Rd,,Greenslopes,Queensland,AU,4120,AU-1023,0455 607 356,stonescorner@anytimefitness.com.au,"Stones Corner, QLD"
4641,14.55477,121.06546,"Tri-Ax Two Center De Los Santos Street. Corner San Guillermo Ave. Brgy Buting,",,Pasig,Metro Manila,PH,,PH-0156,09277007462,ButingPasig@anytimefitness.ph,"Buting, Pasig"
4642,-43.491,172.54806,544 Memorial Drive,,Christchurch,Canterbury,NZ,8053,NZ-1032,03 3570901,chch.airport@anytimefitness.co.nz,"Burnside, Christchurch"
4643,36.65028,138.22824,西尾張部字不門堂裏1004-8 2F,,長野市,長野県,JP,〒381-0031,JP-1439,026-217-7531,af_naganoc421_info@anytimefitness.jp,長野市 (長野中央店)
4644,44.50126,-88.32383,627 Woodland Plz,,Seymour,Wisconsin,US,54165,2377,(920) 785-1530,SeymourWI@anytimefitness.com,Seymour
4645,34.68611,135.51608,大手通1-1-8,,大阪市中央区,大阪府,JP,〒540-0021,JP-3049,06-6809-7605,af_osakaotemae1259_info@anytimefitness.jp,大阪市 (大阪大手前店)
4646,35.7291,139.60483,下石神井2-36-4　ラフィナート嶋 1F,,練馬区,東京都,JP,〒177-0042,JP-1098,03-6913-3344,afshimoshakuji94_info@anytimefitness.jp,練馬区 (下石神井店)
4647,33.60223,130.48465,酒殿4丁目15-1 2F,,糟屋郡粕屋町,福岡県,JP,〒811-2303,JP-2945,092-410-3878,af_sakado1156_info@anytimefitness.jp,糟屋郡粕屋町 (酒殿店)
4648,38.35659,-85.70005,5560 Highway 62,,Jeffersonville,Indiana,US,47130,4265,(812) 777-4884,JeffersonvilleIN@anytimefitness.com,Jeffersonville
4649,34.74204,135.60268,野里町9-14 大西ビル 1-2F,,門真市,大阪府,JP,〒571-0079,JP-1280,072-842-2225,af_owada278_info@anytimefitness.jp,門真市 (大和田店)
4650,33.24031,131.60824,荷揚町32 LINK square 2F,,大分市,大分県,JP,〒870-0046,JP-2976,097-585-5870,af_oitaniagemachi1187_info@anytimefitness.jp,大分市 (荷揚リンクスクエア店)
4651,43.61956,-72.9557,217 Woodstock Ave,,Rutland,Vermont,US,05701,4151,802-855-8253,RutlandVT@anytimefitness.com,Rutland
4652,39.93757,-91.33029,5321 Oak St,,Quincy,Illinois,US,62305,4581,(217) 641-3100,QuincyIL@anytimefitness.com,Quincy
4653,-37.73142,175.27259,6 St James Shopping Centre,,"Rototuna, Hamilton",Waikato,NZ,3210,NZ-1005,07 8536269,rototuna@anytimefitness.co.nz,"Rototuna, Hamilton"
4654,51.39216,4.59375,Bredabaan 400,,Wuustwezel,Antwerpen,BE,,NL-1248,+31 6 57 49 13 83,wuustwezel@anytimefitness.be,Wuustwezel
4655,-41.17635,146.35012,2 Kempling Street,,Devonport,Tasmania,AU,7310,AU-1656,0460414111,devonport@anytimefitness.com.au,Devonport
4656,38.59655,-86.10162,805 S Main St,,Salem,Indiana,US,47167,2600,(812) 883-4747,SalemIN@anytimefitness.com,Salem
4657,-33.9493,151.12737,430-432 Forest Road,,Bexley,New South Wales,AU,2207,AU-1517,0466 403 580,bexleyNSW@anytimefitness.com.au,Bexley
4658,38.1201,13.36195,Via Roma 329,,Palermo,Palermo,IT,90133,IT-0054,3318079456,palermoroma@anytimefitness.it,Palermo
4659,10.6957,122.56601,"Two Lorton Building, Quezon St.",,Quezon Street,Iloilo,PH,5000,PH-0148,,QuezonStreetIloilo@anytimefitness.ph,"Quezon Street, Iloilo"
4660,39.035814,-84.230832,212 W Main St,,Amelia,Ohio,US,45102,3725,(513) 947-2345,AmeliaOH@anytimefitness.com,Amelia
4661,39.740334,-104.918101,6005 E Colfax,,Denver,Colorado,US,80220,4786,303-876-0997,DenverCO8@anytimefitness.com,Denver (Mayfair - Park Hill)
4662,41.22665,-82.60138,265 Benedict Ave,,Norwalk,Ohio,US,44857,2786,(419) 663-8663,NorwalkOH@anytimefitness.com,Norwalk
4663,-31.73838,115.73792,1 Hobson Gate,,Currambine,Western Australia,AU,6028,AU-1355,0497 008 086,currambine@anytimefitness.com.au,Currambine
4664,34.68841,135.8111,法華寺町83-5 コスモビル 1F,,奈良市,奈良県,JP,〒630-8001,JP-1470,0742-93-4505,af_nshinomiya451_info@anytimefitness.jp,奈良市 (奈良新大宮店)
4665,51.3206,-2.20743,Unit C,,Trowbridge,South West,GB,BA14 8EW,UK-0112,01225 589247,trowbridge@anytimefitness.co.uk,Trowbridge
4666,34.66241,135.45524,港区夕凪1-1-3　 1-2F,,大阪市,大阪府,JP,〒552-0004,JP-1101,06-6616-9717,afasashiobashi95_info@anytimefitness.jp,大阪市 (朝潮橋店)
4667,45.06926,7.68787,"Via Giambattista Bogino, N°2",,Torino,Torino,IT,10123,IT-0044,3487030298,torinobogino@anytimefitness.it,Torino (Bogino)
4668,38.96329,-78.18844,70 Riverton Commons Dr.,,Front Royal,Virginia,US,22630,1429,(540) 636-4434,FrontRoyalVA@anytimefitness.com,Front Royal
4669,-32.06556,115.80277,398 South Street,,O'Connor,Western Australia,AU,6163,AU-1292,0411358011,oconnor@anytimefitness.com.au,O'Connor
4670,19.30547,-99.20315,"Centro Comercial “Plaza  Pedregal” ubicado en Anillo Periférico No. 4268,",,Ciudad de México,Ciudad de Mexico,MX,04500,MX-1109,5593786663,plazapedregal.cdmx@anytimefitness.com.mx,Ciudad de México (Jardines del Pedregal)
4671,38.965943,-84.28534,1048 Old US 52,,New Richmond,Ohio,US,45157,5134,(513) 843-5550,NewRichmondOH@anytimefitness.com,New Richmond
4672,42.23893,-89.00387,5801 Columbia Pkwy,,Rockford,Illinois,US,61108,3185,(815) 227-9911,RockfordSouth@anytimefitness.com,Rockford
4673,35.56761,139.66439,中原区市ノ坪386-2 1F,,川崎市,神奈川県,JP,〒211-0016,JP-2911,044-872-8302,af_ichinotsubo1122_info@anytimefitness.jp,川崎市 (武蔵小杉市ノ坪店)
4674,35.36848,136.74432,柳津町本郷4-113 タイヨーボービル 2F,,岐阜市,岐阜県,JP,〒501-6104,JP-1511,058-201-7100,af_gifuyanaizu503_info@anytimefitness.jp,岐阜市 (岐阜柳津店)
4675,30.88616,-84.56509,1415 Tallahassee Hwy,,Bainbridge,Georgia,US,39819,2116,(229) 246-0021,BainbridgeGA@anytimefitness.com,Bainbridge
4676,-31.65428,115.71329,Unit 2 / 2 Captiva Approach,,Butler,Western Australia,AU,6036,AU-1465,08 9562 0462,butler@anytimefitness.com.au,Butler
4677,-39.49884,176.90395,"Unit 1, 83 Kennedy Road",,Napier,Hawkes Bay,NZ,4110,NZ-1036,06 8356426,napier@anytimefitness.co.nz,Napier
4678,35.80356,139.71836,栄町3-5-12 有川ビル B1F,,川口市,埼玉県,JP,〒332-0017,JP-2886,048-299-4075,af_kawaguchist1097_info@anytimefitness.jp,川口市 (川口駅前店)
4679,35.73358,139.69847,要町1-10-3 クラスタービル 3-4F,,豊島区,東京都,JP,〒171-0043,JP-2956,03-6905-9017,af_kanamecho1167_info@anytimefitness.jp,豊島区 (要町店)
4680,32.13728,-81.25567,44 Traders Way,,Pooler,Georgia,US,31322,2405,(912) 748-3334,PoolerGA@anytimefitness.com,Pooler
4681,39.00345,-78.3424,100 Founders Wy,,Strasburg,Virginia,US,22657,1415,(540) 242-3288,StrasburgVA@anytimefitness.com,Strasburg
4682,-31.77696,115.75642,Unit 2/1 Gunter Grove,,Beldon,Western Australia,AU,6027,AU-1147,08 9403 3112,beldon@anytimefitness.com.au,Beldon
4683,1.44438,103.81069,"Nordcom II, 2 Gambas Cres, Singapore 757044",,Gambas Crescent,North East,SG,757044,SG-0104,,Gambas@anytimefitness.sg,Gambas
4684,39.072465,-84.343805,7721 Beechmont Avenue,,Cincinnati,Ohio,US,45255,5510,513-440-5150,CincinnatiOH@anytimefitness.com,Cincinnati
4685,47.66473,-122.16583,6533 132nd Ave NE,,Kirkland,Washington,US,98033,3227,(425) 968-2341,KirklandWA@anytimefitness.com,Kirkland
4686,36.04294,-115.15207,500 E Windmill Ln,,Las Vegas,Nevada,US,89123,927,(702) 800-6779,LasVegasNV@anytimefitness.com,Las Vegas (E Windmill)
4687,41.47987,-72.10429,2020 Norwich New London Tpke,,Uncasville,Connecticut,US,06382,2758,(860) 848-0383,UncasvilleCT@anytimefitness.com,Uncasville
4688,32.210703,-98.225633,2115 W Washington St,,Stephenville,Texas,US,76401,1910,(254) 434-2514,StephenvilleTX@anytimefitness.com,Stephenville
4689,35.61849,139.70307,小山4-8-20 グローブホームズ武蔵小山 2F,,品川区,東京都,JP,〒142-0062,JP-1521,03-6421-5075,af_musashikoyama510_info@anytimefitness.jp,品川区 (武蔵小山店)
4690,26.19163,127.70725,字仲井真373 2F,,那覇市,沖縄県,JP,〒902-0074,JP-2700,098-894-6325,af_tsukazan936_info@anytimefitness.jp,那覇市 (津嘉山店)
4691,14.48601,120.90026,"V Central Lokal Mall Kawit 2/F Building B Centenial Road, Brgy Potol, Kawit, Cavite",,Kawit,Cavite,PH,,PH-0071,09773800123,AFKawit@anytimefitness.ph,Kawit
4692,38.93289,-104.74059,6945 Austin Bluffs Pkwy,,Colorado Springs,Colorado,US,80923,4280,(719) 284-5200,ColoradoSpringsCO@anytimefitness.com,Colorado Springs
4693,35.07931,137.18049,美里4-9-1 1F,,豊田市,愛知県,JP,〒471-0805,JP-1644,0565-85-0570,af_toyotamisato633_info@anytimefitness.jp,豊田市 (豊田美里店)
4694,30.562654,-96.25928,4421 SH6,,College Station,Texas,US,77845,2939,(979) 690-8463,CollegeStationTX@anytimefitness.com,College Station
4695,35.68654,139.77638,日本橋本町1-4-9　ミヤギ日本橋ビル 1-2Ｆ,,中央区,東京都,JP,〒103-0023,JP-1037,03-3510-2441,afnihonbashi33_info@anytimefitness.jp,中央区 (日本橋本町店)
4696,41.86299,12.55005,Via Tuscolana 892,,Roma,Roma,IT,00174,IT-0025,3517518584,RomaQuadraro@anytimefitness.it,Roma (Quadraro)
4697,32.82328,129.84835,元村郷818-1 2F,,西彼杵郡時津町,長崎県,JP,〒851-2103,JP-2575,095-801-2035,af_togitsu811_info@anytimefitness.jp,時津町 (時津店)
4698,31.83897,-106.573477,101 Vlg Ct,,El Paso,Texas,US,79922,3414,(915) 257-4900,ElPasoTX3@anytimefitness.com,El Paso (Village Court)
4699,-43.55261,172.63716,240 Colombo Street,,"Cashmere, Christchurch",Canterbury,NZ,8022,NZ-1010,03 3370111,cashmere@anytimefitness.co.nz,"Cashmere, Christchurch"
4700,38.78565,-77.12253,6090 Rose Hill Dr,,Alexandria,Virginia,US,22310,3164,(703) 774-3057,AlexandriaVA@anytimefitness.com,Alexandria
4701,30.04095,-89.95529,5941 Bullard Ave,,New Orleans,Louisiana,US,70128,2787,(504) 244-0088,NewOrleansLA7@anytimefitness.com,New Orleans (Bullard Ave)
4702,34.74285,135.56936,八雲中町1-3-1 2F,,守口市,大阪府,JP,〒570-0005,JP-1335,06-6780-4018,af_moriguchi329_info@anytimefitness.jp,守口市 (守口店)
4703,3.05418,101.73823,"42-A, Jalan Damai Perdana 6/1E, Bandar Damai Perdana, Cheras City Selangor",,Cheras,Selangor,MY,43200,MY-0082,,CherasDamaiPerdana@anytimefitness.my,Cheras Damai Pedarna
4704,35.73673,139.90247,市川3-26-13,,市川市,千葉県,JP,〒272-0034,JP-2992,047-312-6080,af_konodai1203_info@anytimefitness.jp,市川市 (国府台店)
4705,45.447298,-75.593635,2084 Montreal Rd,,Ottawa,Ontario,CA,K1J 6M9,3152,613 680 4777,GloucesterON@anytimefitness.ca,Ottawa
4706,35.47924,139.40184,入谷東3-30-10 2F,,座間市,神奈川県,JP,〒252-0028,JP-1563,046-204-8761,af_zama555_info@anytimefitness.jp,座間市 (座間店)
4707,35.99097,139.75277,小渕1417-1 1F,,春日部市,埼玉県,JP,〒344-0007,JP-2973,048-797-5831,af_kasukabekobuchi1184_info@anytimefitness.jp,春日部市 (春日部小渕店)
4708,40.97486,-91.53683,700 N Grand Ave,,Mt. Pleasant,Iowa,US,52641,1340,(319) 385-2033,MtPleasantIA@anytimefitness.com,Mt. Pleasant
4709,38.34542,-77.49261,27 S Gateway Dr,,Fredericksburg,Virginia,US,22406,3434,(540) 217-6745,FredericksburgVA@anytimefitness.com,Fredericksburg (Stafford)
4710,35.64884,139.69455,青葉台2-16-6　REI ELEC青葉台 1-2F,,目黒区,東京都,JP,〒153-0042,JP-1151,03-6712-7825,afnakameguroaobadai148_info@anytimefitness.jp,目黒区 (中目黒青葉台店)
4711,36.0088,139.55747,北2丁目1538-4,,桶川市,埼玉県,JP,〒363-0011,JP-3083,,af_okegawa1318_info@anytimefitness.jp,桶川市 (桶川店)
4712,40.84484,-81.43635,4645 Fulton Dr,,Canton,Ohio,US,44718,5386,(234) 542-8723,CantonOH@anytimefitness.com,Canton
4713,29.81798,-81.32235,4010 US Hwy 1 S,,Saint Augustine,Florida,US,32086,4386,(904) 297-2300,SaintAugustineFL@anytimefitness.com,Saint Augustine
4714,-33.86917,150.92375,366 Hamilton Road,,Fairfield West,New South Wales,AU,2165,AU-1341,02 9756 3970,fairfieldwest@anytimefitness.com.au,Fairfield West
4715,38.2051,-77.59268,7501 Graham St,,Spotsylvania,Virginia,US,22553,4150,(540) 900-2701,SpotsylvaniaVA@anytimefitness.com,Spotsylvania
4716,47.27211,-122.51429,2623 N Pearl St,,Tacoma,Washington,US,98407,3365,(253) 327-1515,TacomaWA@anytimefitness.com,Tacoma
4717,34.96708,-82.44209,28 S Main St,,Travelers Rest,South Carolina,US,29690,3433,(864) 610-0986,TravelersRestSC@anytimefitness.com,Travelers Rest
4718,51.2356,-0.57564,"5, 6 White Lion Walk",,Guildford,South West,GB,GU1 3DN,UK-0507,01483 912666,guildford@anytimefitness.co.uk,Guildford
4719,19.08012,-98.22677,"Blvd. Hermanos Serdán 630, Pino Suárez, Heroica Puebla de Zaragoza",,Puebla,Puebla,MX,72020,MX-1148,2213491899,serdan.pue@anytimefitness.com.mx,Puebla (Serdán)
4720,35.77821,139.79121,梅島3-33-6,,足立区,東京都,JP,〒121-0816,JP-1120,03-6806-3965,afnishiarai114_info@anytimefitness.jp,足立区 (西新井店)
4721,35.46676,139.49426,瀬谷区二ツ橋町312番地 1F,,横浜市,神奈川県,JP,〒246-0021,JP-1357,045-459-9801,af_mitsukyo351_info@anytimefitness.jp,三ツ境横浜市 (三ツ境店)
4722,31.1256,-93.2692,1772 S 5th St,,Leesville,Louisiana,US,71446,2574,(337) 239-3222,LeesvilleLA@anytimefitness.com,Leesville
4723,34.52676,135.45168,西区鳳西町1-86-5 1-2F,,堺市,大阪府,JP,〒593-8326,JP-1332,072-269-4702,af_otori325_info@anytimefitness.jp,堺市 (鳳店)
4724,-6.48459,106.83624,"Jl. Tegar Beriman No.1, Pakansari, Kec. Cibinong, KabupatenBogor, Jawa Barat 16914",,Jawa Barat,Java,ID,16914,ID-0078,,CibinongCityMall@anytimefitness.id,Cibinong City Mall
4725,35.72275,139.4195,幸町1-39-5 1F,,立川市,東京都,JP,〒190-0002,JP-1500,042-537-7243,af_sunagawa7484_info@anytimefitness.jp,立川市 (砂川七番店)
4726,49.26515,-122.7762,2850 Shaughnessy St,,Port Coquitlam,British Columbia,CA,V3C 6K5,3544,604-475-2950,poco@anytimefitness.ca,Port Coquitlam
4727,38.6732,-90.38771,9654 Olive Blvd,,Olivette,Missouri,US,63132,4112,(314) 986-9585,OlivetteMO@anytimefitness.com,Olivette
4728,-38.19348,146.53799,183-185 Franklin Street,,Traralgon,Victoria,AU,3844,AU-1587,03 5174 6669,traralgon@anytimefitness.com.au,Traralgon
4729,39.77577,-105.03558,3698 W 44th Ave,,Denver,Colorado,US,80211,3070,(720) 475-0072,DenverCO4@anytimefitness.com,Denver
4730,28.58179,77.33448,"Shop no. 301-304,309,312",,Noida,Uttar Pradesh,IN,201301,IN-1062,+918448126003,26.noida@anytimefitness.in,"Noida, Sector 26"
4731,23.02704,72.50698,"216 - 219, 2nd floor,Shivalik Shilp, Bhopal Ambli Road,",,Ahmedabad,Gujarat,IN,380054,IN-1069,+919725333222,satellite.ahmedabad@anytimefitness.in,"Ahmedabad, Satellite"
4732,43.69867,-80.37197,735 Tower St,,Fergus,Ontario,CA,N1M 2R2,3441,519 787 2345,Blaire91@rogers.com,Fergus
4733,53.45875,-113.4333,6586 28th Ave NW,,Edmonton,Alberta,CA,T6L 6N3,4128,780 250 6500,Millwoods@anytimefitness.ca,Edmonton (Millwoods)
4734,34.1746,-77.89313,3715 Patriot Way,,Wilmington,North Carolina,US,28412,3970,(910) 769-3654,WilmingtonNC2@anytimefitness.com,Wilmington
4735,39.55502,-119.48967,727 USA Parkway,,McCarran,Nevada,US,89437,5220,(775) 414-5200,McCarranNV@anytimefitness.com,McCarran (USA Parkway)
4736,-34.34094,150.90632,378/380 Princes Highway,,Woonona,New South Wales,AU,2517,AU-1051,0428274278,woonona@anytimefitness.com.au,Woonona
4737,32.15685,-94.349107,623 Panola St,,Carthage,Texas,US,75633,5369,(903) 283-1710,CarthageTX@anytimefitness.com,Carthage
4738,-37.75255,176.09844,32 Paraone Koikoi Drive,,Tauranga,BOP,NZ,3173,NZ-1074,07 262 3129,thelakes@anytimefitness.co.nz,"The Lakes, Tauranga"
4739,41.8686,12.53068,Via Albano 84-86-88,,Roma,Roma,IT,00179,IT-0023,+393938862775,albano@anytimefitness.it,Roma (Albano)
4740,34.76824,135.49743,江坂町5-21-12 1F,,吹田市,大阪府,JP,〒564-0063,JP-1430,06-6369-7792,af_esakamidosuji426_info@anytimefitness.jp,吹田市 (江坂御堂筋店)
4741,-37.83504,145.16675,21-25 Mahoneys Road,,Forest Hill,Victoria,AU,3131,AU-1480,0468379539,foresthillvic@anytimefitness.com.au,Forest Hill
4742,41.66272,-93.46528,160 Adventureland Dr,,Altoona,Iowa,US,50009,456,(515) 967-9222,Altoona@anytimefitness.com,Altoona
4743,14.67739,120.98044,"3rd floor, Pond Building No. 2 Phil Gun Street, corner Mac Arthur Highway, Brgy Marulas",,Valenzuela,Metro Manila,PH,1440,PH-0098,0917-1787700,Valenzuela@anytimefitness.ph,Valenzuela
4744,37.73748,-122.24033,883D Island Dr,,Alameda,California,US,94502,152,(510) 864-2030,Alameda@anytimefitness.com,Alameda
4745,35.53221,139.43587,南区相模大野3-13-2 東和産業ビル 4F,,相模原市,神奈川県,JP,〒252-0303,JP-1198,042-851-5631,afsagamionokita187_info@anytimefitness.jp,相模原市 (相模大野北口店)
4746,50.73566,-1.77777,Christchurch Shopping Centre,,Christchurch ,South West,GB,BH23 1QA,UK-0352,01202 031247,christchurch@anytimefitness.co.uk,Christchurch 
4747,43.52452,-79.68321,3087 Winston Churchill Blvd,,Mississauga,Ontario,CA,L5L 2V8,3413,905 820 3800,MississaugaON5@anytimefitness.ca,Mississauga (Winston Churchill Blvd)
4748,35.69697,139.80238,亀沢2-10-5 2-3F,,墨田区,東京都,JP,〒130-0014,JP-1441,03-6240-4501,af_ryogoku430_info@anytimefitness.jp,墨田区 (両国店)
4749,44.36265,-100.34465,740 E Sioux Ave,,Pierre,South Dakota,US,57501,780,(605) 224-4011,PierreSD@anytimefitness.com,Pierre
4750,2.97477,101.65497,"5-9 Sierra Fresco, JLN Sierra 10/1",,Bandar 16 Sierra Puchong,Selangor,MY,40170,MY-0045,012-300-3680,SierraPuchong@anytimefitness.my,16 Sierra Puchong
4751,35.32179,139.13055,みなみ1-24-1 1F,,足柄上郡開成町,神奈川県,JP,〒258-0029,JP-2687,0465-46-9071,af_kaisei923_info@anytimefitness.jp,開成町 (小田原開成店)
4752,44.44911,-88.08219,811 Main Ave,,De Pere,Wisconsin,US,54115,857,(920) 338-8500,DePereWI@anytimefitness.com,De Pere
4753,-34.42495,150.89992,118 Corrimal Street,,Wollongong,New South Wales,AU,2500,AU-1223,0418 988 405,wollongong@anytimefitness.com.au,Wollongong
4754,44.45434,-92.28537,1205 N 7th St,,Lake City,Minnesota,US,55041,55,(651) 345-4401,jeffb@anytimefitness.com,Lake City
4755,37.14787,-80.58655,7339 Lee Hwy,,Fairlawn,Virginia,US,24141,2738,(540) 633-3004,RadfordVA@anytimefitness.com,Radford (Fairlawn)
4756,-24.8615,152.36766,22 Princess Street,,Bundaberg East,Queensland,AU,4670,AU-1278,0490 444 865,bundaberg@anytimefitness.com.au,Bundaberg East
4757,49.89438,-119.41693,110-1677 Commerce Ave,,Kelowna,British Columbia,CA,V1X 8A9,3667,+1 (778) 392-3767,KelownaBC@anytimefitness.ca,Kelowna
4758,35.44734,139.59838,保土ヶ谷区帷子町1-43-3 甲陽保土ヶ谷ビル 2F,,横浜市,神奈川県,JP,〒240-0013,JP-2932,045-459-6375,af_hodogaya1143_info@anytimefitness.jp,横浜市 (保土ヶ谷店)
4759,43.79544,-90.07274,414 E State St,,Mauston,Wisconsin,US,53948,4045,(608) 847-2224,MaustonWI@anytimefitness.com,Mauston
4760,37.65334,138.93121,井土巻2-146 1F,,燕市,新潟県,JP,〒959-1232,JP-1752,0256-46-8283,af_tsubamesanjo740_info@anytimefitness.jp,燕市 (燕三条店)
4761,-33.1565,148.16386,Unit 3/28 Boyd Circuit,,Parkes,New South Wales,AU,2870,AU-1707,0419782304,parkes@anytimefitness.com.au,Parkes
4762,3.15049,101.59513,"Units B-03-02 & B-02-02 & B-01-02, Second Floor, Nexis Development, Kota Damansara",,Petaling Jaya,Selangor,MY,47810,MY-0006,03 6150 8033,kdnexis@anytimefitness.my,Petaling Jaya (KD Nexis)
4763,-32.81708,151.48434,110 Lang Street,,Kurri Kurri,New South Wales,AU,2327,AU-1291,0439 253 826,kurrikurri@anytimefitness.com.au,Kurri Kurri
4764,36.52206,136.60882,三納2-150,,野々市市,石川県,JP,〒921-8825,JP-1294,076-259-6530,af_nonoiti288_info@anytimefitness.jp,野々市市 (野々市店)
4765,40.72533,-111.82319,2332 E 2100 S,,Salt Lake City,Utah,US,84106,2202,(801) 891-8388,SaltLakeCityUT@anytimefitness.com,Salt Lake City
4766,52.23421,6.58714,Grotestraat 53,,Goor,Overijssel,NL,7471 BL,NL-1007,+31 (0) 54 72 00 250,goor@anytimefitness.nl,Goor
4767,39.1373261,-77.70702,609 E Main St,,Purcellville,Virginia,US,20132,3520,(540) 441-3930,PurcellvilleVA@anytimefitness.com,Purcellville
4768,35.75247,140.40257,香山新田27-1 2F,,山武郡芝山町,千葉県,JP,〒289-1601,JP-1570,0479-85-8481,af_naritaap564_info@anytimefitness.jp,芝山町 (成田空港店)
4769,-32.21659,116.00842,813-815 South Western Highway,,Byford,Western Australia,AU,6122,AU-1478,0459125899,byford@anytimefitness.com.au,Byford
4770,34.60191,-112.457748,3190 Willow Creek Rd,,Prescott,Arizona,US,86301,4655,(928) 227-8337,PrescottAZ@anytimefitness.com,Prescott
4771,34.84748,135.68318,西招提町2235-1 1F,,枚方市,大阪府,JP,〒573-1137,JP-1298,072-845-4503,af_hirashoudai294_info@anytimefitness.jp,枚方市 (枚方招提店)
4772,21.17211,-101.73349,Blvd. Paseo de los Insurgentes 3356,,León,Guanajuato,MX,37300,MX-1057,(47) 7688 5200,puerta.bajio@anytimefitness.com.mx,León (Puerta Bajío)
4773,-31.7592,115.77333,"Tenancy 18, Joondalup Square",,Joondalup,Western Australia,AU,6027,AU-1757,0458207935,joondalup@anytimefitness.com.au,Joondalup
4774,39.21531,-85.88243,1565 N National Rd,,Columbus,Indiana,US,47201,1736,(812) 372-3488,ColumbusIN@anytimefitness.com,Columbus
4775,35.70254,139.48119,本町2-12-6　第7千代鶴ビル B1,,国分寺市,東京都,JP,〒185-0012,JP-1013,042-300-2231,afkokubunji13_info@anytimefitness.jp,国分寺市 (国分寺店)
4776,35.73925,139.68765,要町3-23-11　カーサプリマ 2F,,豊島区,東京都,JP,〒171-0043,JP-1057,03-5926-8205,afsenkawa53_info@anytimefitness.jp,豊島区 (千川店)
4777,48.52232,14.29484,Hauptplatz 14,,Bad Leonfelden,Upper Austria,AT,,AT-0012,+437213 21315,badleonfelden@anytimefitness.at,Bad Leonfelden
4778,35.72281,139.47968,学園西町2-13-33 コスモ一橋学園 2F,,小平市,東京都,JP,〒187-0045,JP-2882,042-313-2872,af_hitotsubashig1093_info@anytimefitness.jp,小平市 (一橋学園店)
4779,38.29967,-80.8352,235 Merchant Walk ,,Summersville,West Virginia,US,26651,4212,(681) 355-0214,SummersvilleWV@anytimefitness.com,Summersville
4780,32.43867,-94.71456,710 Estes Dr,,Longview,Texas,US,75602,2180,(903) 236-0045,LongviewTX2@anytimefitness.com,Longview (Estes Pkwy)
4781,-31.95322,115.86063,158-160 Murray Street,,Perth,Western Australia,AU,6000,AU-1473,08 9325 3789,perth@anytimefitness.com.au,Perth
4782,35.09168,136.91624,南区港東通1-23 1-2F,,名古屋市,愛知県,JP,〒457-0834,JP-1341,052-746-3148,af_kotos324_info@anytimefitness.jp,名古屋市 (港東通店)
4783,45.07083,-93.44805,6450 Wedgewood Rd N,,Maple Grove,Minnesota,US,55311,4394,763-898-3956,MGBassLake@anytimefitness.com,Maple Grove
4784,35.61006,139.71832,戸越5-6-8,,品川区,東京都,JP,〒142-0041,JP-3012,03-6426-4560,af_togoshikoen1223_info@anytimefitness.jp,Shinagawa Ku (戸越公園店)
4785,35.05249,136.96289,緑区桶狭間神明3821 2F,,名古屋市,愛知県,JP,〒458-0919,JP-2680,052-618-9751,af_okehazama916_info@anytimefitness.jp,名古屋市 (桶狭間店)
4786,-27.80921,153.11908,Shop 9/280 Yarrabilba Dr,,Yarrabilba,Queensland,AU,4207,AU-1653,0460441157,yarrabilba@anytimefitness.com.au,Yarrabilba
4787,34.7835,135.38403,池尻3-288,,伊丹市,兵庫県,JP,〒664-0027,JP-3030,072-764-6155,af_itamikoya1240_info@anytimefitness.jp,伊丹市 (伊丹昆陽店)
4788,43.63734,-70.25514,180 Waterman Dr,,South Portland,Maine,US,04106,3549,207-613-0638,MillCreekSP@anytimefitness.com,South Portland
4789,33.31966,130.9304,本庄町5-46 1F,,日田市,大分県,JP,〒877-0046,JP-2779,0973-28-6767,af_hita1011_info@anytimefitness.jp,日田市 (日田店)
4790,32.71589,-117.16338,180 Broadway,,San Diego,California,US,92101,5158,(619) 304-8181,DowntownSD@anytimefitness.com,San Diego
4791,34.22487,135.15925,加納町22 1-2F,,和歌山市,和歌山県,JP,〒640-8288,JP-1422,073-488-4404,af_wakayamakano414_info@anytimefitness.jp,和歌山市 (和歌山加納町店)
4792,49.24882,-122.81688,2662 Austin Ave,,Coquitlam,British Columbia,CA,V3K 6C4,3288,(604) 492-3481,CoquitlamBC@anytimefitness.ca,Coquitlam
4793,-27.64286,153.1181,Shop U3,,Logan,Queensland,AU,4114,AU-1469,0403 333 496,logan@anytimefitness.com.au,Logan
4794,32.85428,130.77058,北区武蔵ヶ丘5-12-1 ムサシプラザ 1F,,熊本市,熊本県,JP,〒861-8001,JP-1467,096-288-3951,af_kumamotomusashi459_info@anytimefitness.jp,熊本市 (熊本ムサシプラザ店)
4795,22.51767,88.35327,"6th Floor,138 Subh Sri",,Kolkata,West Bengal,IN,700029,IN-1068,+919830115665,gariahat.kolkata@anytimefitness.in,"Kolkata, Gariahat"
4796,-33.98632,151.11081,1000 King Georges Road,,Blakehurst,New South Wales,AU,2221,AU-1615,0491 669 585,blakehurst@anytimefitness.com.au,Blakehurst
4797,35.72023,139.82961,八広3-29-11 イエローハットすみだ八広店 3F,,墨田区,東京都,JP,〒131-0041,JP-2972,03-6657-1727,af_sumidayahiro1183_info@anytimefitness.jp,墨田区 (墨田八広店)
4798,40.60798,-79.94791,5055 William Flynn Hwy,,Gibsonia,Pennsylvania,US,15044,3261,(878) 248-2021,RichlandTownshipPA@anytimefitness.com,Gibsonia
4799,49.13343,-122.3365,32081 Lougheed Hwy.,,Mission,British Columbia,CA,V2V 1A3,3257,604 826 7353,MissionBC@anytimefitness.ca,Mission
4800,41.78392,-88.03825,2261 Maple Ave,,Downers Grove,Illinois,US,60515,3363,(630) 963-4404,DownersGroveIL@anytimefitness.com,Downers Grove
4801,45.51418,-73.49191,1203 Curé-Poirier Ouest,,Longueuil,Quebec,CA,J4K 2G3,9900040,450 679 2200,Longueuil@anytimefitness.quebec,Longueuil
4802,35.70206,139.5996,西荻南2-22-8　みのりやビル 1-2F,,杉並区,東京都,JP,〒167-0053,JP-1048,03-5336-8661,afnishiogi44_info@anytimefitness.jp,杉並区 (西荻窪店)
4803,-34.49175,150.7967,"Shop 2, 20 Osborne Street",,Dapto,New South Wales,AU,2530,AU-1140,02 4260 8021,dapto@anytimefitness.com.au,Dapto
4804,35.70241,139.69544,百人町2-27-7 HUNDRED CIRCUS East Tower 1F,,新宿区,東京都,JP,〒169-0073,JP-2941,03-5937-5703,af_okubo1152_info@anytimefitness.jp,新宿区 (大久保店)
4805,39.65474,-104.98995,155 W Hampden Ave,,Englewood,Colorado,US,80110,3722,(720) 663-1348,EnglewoodCO@anytimefitness.com,Englewood
4806,14.68533,120.97728,"MacArthur Hwy, Brgy, Valenzuela, 1441 Metro Manila",,Valenzuela,Metro Manila,PH,,PH-0216,,SMCityValenzuela@anytimefitness.ph,SM City Valenzuela
4807,44.8818,-93.12394,756 North Plaza Dr,,Mendota Heights,Minnesota,US,55120,647,(651) 687-0444,MendotaHeights@AnytimeFitness.com,Mendota Heights
4808,53.38509,-2.9079,182 Allerton Road,,Liverpool (Allerton Road),North West,GB,L18 5HU,UK-0135,0151 329 2017,liverpool@anytimefitness.co.uk,Liverpool (Allerton Road)
4809,-36.90722,174.68384,3045 Great North Road,,"New Lynn, Auckland",Auckland,NZ,0600,NZ-1076,09 956 4994,newlynn@anytimefitness.co.nz,"New Lynn, Auckland"
4810,20.81056,-102.77698,"Avenida S.S. Juan Pablo II, número 325",,Tepatitlán de Morelos,Jalisco,MX,47670,MX-1075,3786882473,tepatitlan.jal@anytimefitness.com.mx,Tepatitlán de Morelos
4811,35.76286,139.99711,道野辺本町2-1-33 1F,,鎌ヶ谷市,千葉県,JP,〒273-0137,JP-2867,047-404-2391,af_kamagayast1078_info@anytimefitness.jp,鎌ヶ谷市 (鎌ヶ谷駅前店)
4812,35.90883,139.62493,大宮区宮町1-38-1 KDX大宮ビル B1,,さいたま市,埼玉県,JP,〒330-0802,JP-2813,048-780-2346,af_omiyaekimae1044_info@anytimefitness.jp,さいたま市 (大宮駅前店)
4813,35.38207,139.45522,石川2-3-14 ベルスクエア 2F,,藤沢市,神奈川県,JP,〒252-0815,JP-2614,0466-54-8951,af_fujisawaishi850_info@anytimefitness.jp,藤沢市 (藤沢石川店)
4814,28.59562,77.03995,"Plot no.11, Sec.12",,New Delhi,Delhi,IN,110078,IN-1051,+919811081669,dwarka12.delhi@anytimefitness.in,"New Delhi, Dwarka , Sec-12"
4815,6.11571,125.1813,"Stall 202-206 SM General Santos Cor. Santiago Blvd. and, San Miguel St",,General Santos,South Cotabato,PH,,PH-0162,,SMGenSan@anytimefitness.ph,SM GenSan
4816,34.36644,132.36864,佐伯区吉見園1-27 4F,,広島市,広島県,JP,〒731-5132,JP-1290,082-942-5611,af_itukaiti286_info@anytimefitness.jp,広島市 (五日市店)
4817,31.59431,-83.24919,202 E 4th St,,Ocilla,Georgia,US,31774,2605,(229) 796-9040,OcillaGA@anytimefitness.com,Ocilla
4818,50.99618,5.89377,Romeinenstraat 28,,Sittard-Lahrhof,Limburg,NL,6132 GN,NL-1049,+31 (0) 46 41 10 555,lahrhof@anytimefitness.nl,Sittard-Lahrhof
4819,51.88762,0.83646,"Unit 1A, Peartree Leisure Park",,Colchester,East of England,GB,CO3 0LE,UK-0013,01206 625624,colchester@anytimefitness.co.uk,Colchester
4820,28.438,77.309,"1st Floor, Sector 28 Metro Station, Faridabad",,Faridabad,Haryana,IN,121008,IN-1166,8510851034,28.faridabad@anytimefitness.in,"Faridabad, Sector 28"
4821,35.70613,139.90442,篠崎町2-6-5 クオーレプロバンス篠崎 2F,,江戸川区,東京都,JP,〒133-0061,JP-2803,03-6638-7562,af_shinozaki1034_info@anytimefitness.jp,江戸川区 (篠崎店)
4822,1.28127,103.80999,"108 Depot Rd #03-02, Singapore 100108",,Singapore,South West,SG,100108,SG-0111,,DepotHeights@anytimefitness.sg,Depot Heights
4823,33.85714,-118.39066,300 Pacific Coast Hwy,,Hermosa Beach,California,US,90254,2373,(310) 303-3334,HermosaBeachCA@anytimefitness.com,Hermosa Beach
4824,39.57815,-105.07194,7580 S Pierce St,,Littleton,Colorado,US,80128,677,(303) 948-1911,Littleton@anytimefitness.com,Littleton
4825,-33.71739,150.84067,17/43 Hollinsworth Road,,Marsden Park,New South Wales,AU,2765,AU-1377,0488884558,marsdenpark@anytimefitness.com.au,Marsden Park
4826,37.87232,138.95586,西区五十嵐一の町6786-2 1F,,新潟市,新潟県,JP,〒950-2101,JP-2876,025-378-1708,af_niigatadaimae689_info@anytimefitness.jp,新潟市 (新潟大学前店)
4827,34.66974,135.46312,港区波除3-9-22 ポルタINN 2F,,大阪市,大阪府,JP,〒552-0001,JP-1205,06-6568-9224,afbentencho198_info@anytimefitness.jp,大阪市 (弁天町店)
4828,47.406542,-120.280362,515 Grant Rd,,East Wenatchee,Washington,US,98802,4436,509-888-1559,EastWenatcheeWA@anytimefitness.com,East Wenatchee
4829,38.57309,-121.38339,455 Watt Ave,,Sacramento,California,US,95864,3241,(916) 481-7555,SacramentoCA3@anytimefitness.com,Sacramento
4830,50.83844,5.68471,Mergelweg 40,,Maastricht,Limburg,NL,6212 XH,NL-1193,+31 43 32 15 161,maastricht-stpieter@anytimefitness.nl,Maastricht Sint-Pieter
4831,29.4948,-95.14264,4420 W Main St,,League City,Texas,US,77573,1878,(281) 338-4968,LeagueCityTX2@anytimefitness.com,League City
4832,47.43609,-120.32124,950 N Wenatchee Ave,,Wenatchee,Washington,US,98801,2962,(509) 888-7200,WenatcheeWA@anytimefitness.com,Wenatchee
4833,35.4928,-97.6386,7140 NW 23rd St,,Bethany,Oklahoma,US,73008,2985,(405) 470-4440,BethanyOK@anytimefitness.com,Bethany (23rd St)
4834,31.29367,-92.5157,6501 Coliseum Blvd,,Alexandria,Louisiana,US,71303,1068,(318) 769-1844,AlexandriaLA@anytimefitness.com,Alexandria (Coliseum)
4835,26.24212,127.70926,宮城3-1-6,,浦添市,佐賀県,JP,〒901-2126,JP-3067,,af_urasoemiyagi1302_info@anytimefitness.jp,浦添市 (浦添宮城店)
4836,10.28201,123.8806,"IL Corso Lifemalls, City di Mare Visitor Center, Cebu South Coastal Rd",,Cebu,Cebu,PH,6000,PH-0203,,SMSeaSideCebu@anytimefitness.ph,SM Seaside Cebu
4837,35.67252,139.83565,南砂6-7-15 トピレックプラザ西館 2F,,江東区,東京都,JP,〒136-0076,JP-2725,03-6666-5935,af_topyrec960_info@anytimefitness.jp,江東区 (トピレックプラザ店)
4838,35.54842,139.65342,港北区日吉5-13-4 1F,,横浜市,神奈川県,JP,〒223-0061,JP-1743,045-534-5290,af_hiyoshi731_info@anytimefitness.jp,横浜市 (日吉店)
4839,38.20845,-85.20441,192 Frankfort Rd,,Shelbyville,Kentucky,US,40065,2077,(502) 633-4600,ShelbyvilleKY@anytimefitness.com,Shelbyville
4840,-37.76545,144.92358,Shop 38,,Moonee Ponds,Victoria,AU,3039,AU-1037,0406 063 634,mooneeponds@anytimefitness.com.au,Moonee Ponds
4841,34.82073,135.77165,田辺中央1-4-3 ステーションパーク北館 2F,,京田辺市,京都府,JP,〒610-0334,JP-1524,0774-66-3518,af_kyotanabe513_info@anytimefitness.jp,京田辺市 (京田辺店)
4842,35.14129,136.9335,昭和区桜山町5丁目103 1F,,名古屋市,愛知県,JP,〒466-0044,JP-1445,052-680-7971,af_sakurayama435_info@anytimefitness.jp,名古屋市 (桜山店)
4843,35.60338,139.73303,大井4-6-1　サクラビル 1F,,品川区,東京都,JP,〒140-0014,JP-1068,03-6429-2405,afoimachi64_info@anytimefitness.jp,品川区 (大井町店)
4844,38.4802,-77.47487,25 Tech Pkwy,,Stafford,Virginia,US,22556,3442,(540) 877-6933,StaffordVA@anytimefitness.com,Stafford
4845,35.17052,136.93676,千種区内山3-9-20 1-3F,,名古屋市,愛知県,JP,〒464-0075,JP-3004,052-734-6720,af_imaikeekimae1215_info@anytimefitness.jp,名古屋市 (今池駅前店)
4846,42.168814,-87.920627,1127 Milwaukee Ave,,Riverwoods,Illinois,US,60015,4241,224-481-2063,RiverWoodsIL@anytimefitness.com,Riverwoods
4847,35.72108,139.92533,南八幡4-4-22　グリーンターフ ２F,,市川市,千葉県,JP,〒272-0023,JP-1371,047-702-8012,af_motoyawata370_info@anytimefitness.jp,市川市 (本八幡店)
4848,39.021706,-76.42533,1550 Whitehall Rd.,,Annapolis,Maryland,US,21409,5344,443.781.4343,AnnapolisMD@anytimefitness.com,Annapolis
4849,35.61849,139.47195,麻生区黒川4060-25 Ottimo 1F,,川崎市,神奈川県,JP,〒215-0035,JP-1537,044-712-3091,af_wakabadai530_info@anytimefitness.jp,Kawasaki-shi (若葉台店)
4850,31.30677,-94.73042,2950 S John Redditt Dr.,,Lufkin,Texas,US,75904,627,(936) 634-9600,LufkinTX@anytimefitness.com,Lufkin
4851,44.90602,-93.28773,5309-25 Lyndale Ave S,,Minneapolis,Minnesota,US,55419,172,612-823-3120,Minneapolis2@anytimefitness.com,Minneapolis (Lyndale Ave)
4852,22.31169,114.18925,"Shop G, G/F, Sunshine Plaza, 17 Sung On Street",,Kowloon,KOWLOON,HK,,HK-0037,+852 61178930,HungHom@anytimefitness.hk,Hung Hom
4853,14.6799,121.01938,"610 Tandang Sora, Tandang Sora Ave., Sangandaan",,Quezon City,Metro Manila,PH,,PH-0134,,CrossroadTandangSora@anytimefitness.ph,Crossroad (Tandang Sora)
4854,29.68555,-98.47302,26108 Overlook Pkwy,,San Antonio,Texas,US,78260,2271,(830) 714-4540,SanAntonioTX5@anytimefitness.com,San Antonio (Overlook)
4855,49.03715,-122.23068,1910 North Parallel RD Unit 105,,Abbotsford,British Columbia,CA,V3G 2C6,4268,604 776 0024,AbbotsfordBC@anytimefitness.ca,Abbotsford
4856,31.69855,-106.22619,13034 Eastlake Blvd,,Horizon City,Texas,US,79928,3432,(915) 257-5959,ElPasoTX5@anytimefitness.com,Horizon City
4857,38.02941,-78.44112,1434 Rolkin Ct,,Charlottesville,Virginia,US,22911,1398,(434) 971-5566,CharlottesvilleVA@anytimefitness.com,Charlottesville (Pantops)
4858,32.78133,130.68951,西区二本木4-9-45 2F,,熊本市,熊本県,JP,〒860-0051,JP-2516,096-321-6571,af_nihongi751_info@anytimefitness.jp,熊本市 (熊本二本木店)
4859,42.687944,-82.727673,51400 County Line Rd,,New Baltimore,Michigan,US,48047,3336,(586) 716-3449,NewBaltimoreMI@anytimefitness.com,New Baltimore
4860,40.32132,-79.6912,8969 N Lincoln Hwy,,Irwin,Pennsylvania,US,15642,2352,(724) 382-5157,IrwinPA@anytimefitness.com,Irwin
4861,2.91554,101.63081,"Wisma Mustapha Kamal Neocyber Lingkaran Cyber Point Barat Cyberjaya 63000 Cyberjaya, Selangor,",,Cyberjaya,Selangor,MY,63000,MY-0115,,Neocyber@anytimefitness.my,Anytime Fitness Neocyber
4862,-37.6605,145.02938,"Shop 2, 58 Childs Road",,Epping,Victoria,AU,3076,AU-1092,03 8401 4926,epping@anytimefitness.com.au,Epping
4863,43.09425,141.30241,西区八軒5条西9-4-21 NEO bldg.八軒 2F,,札幌市,北海道,JP,〒063-0845,JP-1556,011-215-5561,af_hachiken542_info@anytimefitness.jp,札幌市 (八軒店)
4864,34.22973,135.20805,鳴神1018-2 1F,,和歌山市,和歌山県,JP,〒640-8303,JP-1589,073-499-4834,af_wakayamainter577_info@anytimefitness.jp,和歌山市 (和歌山インター店)
4865,14.3838,120.95969,"BLDG. A, 2F F7-F9, 2/F AYALA MALLS VERMOSA, DAANG HARI,",,IMUS,Cavite,PH,,PH-0194,,Vermosa@anytimefitness.ph,Vermosa
4866,-34.92331,138.56273,164 Henley Beach Road,,Mile End,South Australia,AU,5031,AU-1225,08 8351 9069,mileend@anytimefitness.com.au,Mile End
4867,32.02665,-81.22746,50 Berwick Blvd,,Savannah,Georgia,US,31419,2741,(912) 495-8485,SavannahGA2@anytimefitness.com,Savannah (Berwick  Blvd)
4868,38.10265,-122.5717,946 Diablo Ave,,Novato,California,US,94947,2995,(415) 898-1166,NovatoCA@anytimefitness.com,Novato
4869,43.51295,-80.22012,210 Kortright Rd W,,Guelph,Ontario,CA,N1G 4X4,2796,(519) 265-6030,GuelphON@anytimefitness.ca,Guelph
4870,40.1896,-80.22057,46 Old Mill Blvd,,Washington,Pennsylvania,US,15301,3440,(724) 222-3100,WashingtonPA@anytimefitness.com,Washington
4871,35.69887,139.85126,小松川3-12-1 1F,,江戸川区,東京都,JP,〒132-0034,JP-2896,03-5875-3174,af_komatsugawa1107_info@anytimefitness.jp,江戸川区 (小松川店)
4872,13.73272,100.52789,"B07-1, B07-2, Basement, Chamchuri Square, 315,317, 319 Phaya Thai Rd, Pathum Wan, Bangkok 10330",,Bangkok,Bangkok,TH,10330,TH-0020,,Chamchuri.Square@anytimefitness.co.th,Chamchuri Square
4873,34.97415,-101.91866,909 23rd St,,Canyon,Texas,US,79015,2165,(806) 656-0222,CanyonTX@anytimefitness.com,Canyon
4874,-33.80912,151.00669,7-9 Victoria Road,,North Parramatta,New South Wales,AU,2150,AU-1110,0474 779 800,northparramatta@anytimefitness.com.au,North Parramatta
4875,28.82585,-81.98978,6866 E SR-44,,Wildwood,Florida,US,34785,3161,(352) 399-2977,WildwoodFL@anytimefitness.com,Wildwood
4876,35.07133,-80.69899,5409 Potters Rd,,Stallings,North Carolina,US,28104,3639,(704) 256-1690,StallingsNC@anytimefitness.com,Stallings
4877,10.30824,124.01037,"CT 278-A, LG Garden Walk Mactan, M.L. Quezon National Highway",,Lapu Lapu City,Cebu,PH,6016,PH-0122,09164201602 / 09196286428,Mactan@anytimefitness.ph,Mactan
4878,32.56151,-93.63924,2091 Stockwell Rd,,Bossier City,Louisiana,US,71111,979,(318) 752-6650,RedChuteLA@anytimefitness.com,Bossier City (Stockwell Rd)
4879,39.193878,-94.579965,301 NE Englewood Rd,,Kansas City,Missouri,US,64118,5339,816-357-8646,KansasCityMO2@anytimefitness.com,Kansas City
4880,35.56783,139.39636,中央区淵野辺4-16-29 1-2F,,相模原市,神奈川県,JP,〒252-0206,JP-2533,042-704-9588,af_fuchinobe768_info@anytimefitness.jp,相模原市 (淵野辺店)
4881,35.52097,139.50089,緑区長津田みなみ台4-4-4 クリニックモールみなみ台 1F,,横浜市,神奈川県,JP,〒226-0018,JP-1502,045-482-6980,af_nagatsuta491_info@anytimefitness.jp,横浜市 (長津田みなみ台店)
4882,-33.83203,151.0128,"Granville Place Shopping Centre, Shop L103, 35 East Street",,Granville,New South Wales,AU,2142,AU-1657,0450445801,granville@anytimefitness.com.au,Granville
4883,1.34209,103.69746,638 Jurong West Street 61 #03-1 Pioneer Mall,,Pioneer Mall,South West,SG,,SG-0095,,PioneerMall@anytimefitness.sg,Pioneer Mall
4884,44.91375,-93.186048,897 St Paul Ave,,St. Paul,Minnesota,US,55116,3989,(651) 493-6881,StPaulMN4@anytimefitness.com,St. Paul
4885,10.66283,122.96114,"Ground Floor, Two Regis, The Upper East, Bacolod City",,Bacolod,Negros Occidental,PH,,PH-0236,,TheUpperEast.Bacolod@anytimefitness.ph,"The Upper East, Bacolod"
4886,1.32745,103.92732,"200 Bedok North Ave 1, Singapore 469752",,Singapore,Central Singapore,SG,,SG-0189,,Bedok200NorthAvenue@anytimefitness.sg,Bedok 200 North Avenue
4887,-33.82,151.00665,37-39 Cowper Street,,Parramatta,New South Wales,AU,2150,AU-1484,0488 870 050,parramattasouth@anytimefitness.com.au,Parramatta
4888,34.62231,133.92961,南区福富西2-18-23 1F,,岡山市,岡山県,JP,〒702-8031,JP-1282,086-236-7090,af_ofukutomi280_info@anytimefitness.jp,岡山市 (岡山福富店)
4889,38.926124,-77.376396,2599 John Milton Dr.,,Herndon,Virginia,US,20171,5456,571-520-7778,HerndonVA@anytimefitness.com,Herndon
4890,10.32619,123.91511,"Bonifacio District - Faustina Center, F. Cabahug St., Kasambagan, Cebu City",,Cebu,Cebu,PH,,PH-0237,,BonifacioDistrict.Cebu@anytimefitness.ph,Bonifacio District Cebu
4891,28.53862,-82.40522,19340 Cortez Blvd,,Brooksville,Florida,US,34601,2183,(352) 397-4862,BrooksvilleFL@anytimefitness.com,Brooksville
4892,51.78124,5.85304,Promenade 33a,,Malden,Gelderland,NL,6581 BW,NL-1175,+31 24 20 20 033,malden@anytimefitness.nl,Malden
4893,14.65713,121.05374,"University of the Philippines Diliman, 1101 Commonwealth Ave, Diliman, Quezon City, Metro Manila",,Quezon City,Metro Manila,PH,,PH-0238,,UPTechnohub@anytimefitness.ph,UP Ayala Technohub
4894,34.71508,135.55333,城東区関目6-15-26　 2F,,大阪市,大阪府,JP,〒536-0008,JP-1148,06-6167-8671,afsekime93_info@anytimefitness.jp,大阪市 (関目店)
4895,15.16262,120.60732,"Francisco G MarQuee Mall Don Juan Nepomuceno Avenue, Angeles, Pampanga",,Angeles,Pampanga,PH,,PH-0239,,Marquee.Mall@anytimefitness.ph,Marquee Mall
4896,35.26253,139.17223,東町5-1-12 2F,,小田原市,神奈川県,JP,〒250-0003,JP-2854,0465-42-9536,af_higashicho1065_info@anytimefitness.jp,小田原市 (小田原東町店)
4897,-28.20732,153.53634,54 Greenway Drive,,Tweed Heads,New South Wales,AU,2486,AU-1296,0499113006,tweedheads@anytimefitness.com.au,Tweed Heads
4898,40.43585,-109.566,2003 W Hwy 40,,Vernal,Utah,US,84078,3340,(435) 789-9955,VernalUT@anytimefitness.com,Vernal
4899,41.267195,-111.970843,455 N Washington Blvd,,Harrisville,Utah,US,84404,5306,385-600-7060,HarrisvilleUT@anytimefitness.com,Harrisville
4900,34.64643,135.07331,垂水区青山台7-5-14 1F,,神戸市,兵庫県,JP,〒655-0873,JP-2545,078-798-5404,af_jamesyama780_info@anytimefitness.jp,神戸市 (ジェームス山店)
4901,38.953786,-92.364444,1729 West Broadway,,Columbia,Missouri,US,65203,4618,573-483-0070,ColumbiaMO3@anytimefitness.com,Columbia
4902,33.567284,-79.036522,736 Mink Ave.,,Murrells Inlet,South Carolina,US,29576,5423,843-459-2270,MurrellsInletSC@anytimefitness.com,Murrells Inlet
4903,51.98982,4.33939,Beethovenlaan 230,,Delft,Zuid-Holland,NL,2625 RW,NL-1142,+31 15 820 0969,delft@anytimefitness.nl,Delft
4904,35.82888,139.69045,塚越1-2-5 パールプラザビル 2F,,蕨市,埼玉県,JP,〒335-0002,JP-1345,048-290-8331,af_warabi337_info@anytimefitness.jp,蕨市 (蕨店)
4905,28.53334,77.24395,"M 64( 2nd & 3rd floor ), GK-2",,New Delhi,Delhi,IN,110048,IN-1017,+918375972041,gk2.delhi@anytimefitness.in,"New Delhi, Greater Kailash-2"
4906,-37.67425,144.43918,"Shop 72, Bacchus Marsh Shopping Village",,Bacchus Marsh,Victoria,AU,3340,AU-1320,0409 450 607,bacchusmarsh@anytimefitness.com.au,Bacchus Marsh
4907,35.06158,-80.77235,10844 Providence Rd,,Charlotte,North Carolina,US,28277,3534,(704) 321-2463,CharlotteNC3@anytimefitness.com,Charlotte (Providence Road)
4908,-26.62651,152.96269,91 Howard Street,,Nambour,Queensland,AU,4560,AU-1354,07 54415871,nambour@anytimefitness.com.au,Nambour
4909,27.89189,-82.31903,10875 Bloomingdale Ave,,Riverview,Florida,US,33578,2809,(813) 269-8463,RiverviewFL3@anytimefitness.com,Riverview (Bloomingdale)
4910,21.06246,-89.64472,Calle 74 No. 381 x 59 I y 59 J,,Mérida,Yucatan,MX,97302,MX-1067,999 429 5826,lasamericas.merida@anytimefitness.com.mx,Mérida (Las Américas)
4911,18.84805,-97.08799,Sur 33 #700 Local 40,,Orizaba,Veracruz,MX,94450,MX-1042,(27) 2106-1329,orizaba@anytimefitness.com.mx,Orizaba (Plaza Faro)
4912,34.74541,135.35203,南昭和町1-37　松本第一ビル 1F,,西宮市,兵庫県,JP,〒662-0834,JP-1106,0798-42-7801,afnishikita108_info@anytimefitness.jp,西宮市 (西宮北口店)
4913,33.15379,129.74781,大和町87-1 1-2F,,佐世保市,長崎県,JP,〒857-1165,JP-1705,0956-37-8653,af_saseboyamato693_info@anytimefitness.jp,佐世保市 (佐世保大和町店)
4914,30.80927,-97.61042,305 Limestone Ter,,Jarrell,Texas,US,76537,3711,(512)746-6776,JarrellTX@anytimefitness.com,Jarrell
4915,33.1375,129.79792,早岐1-13-14 2F,,佐世保市,長崎県,JP,〒859-3215,JP-2525,0956-37-6457,af_sasebohaiki760_info@anytimefitness.jp,佐世保市 (佐世保早岐店)
4916,-36.62355,174.66807,1 Alberto Lane,,Auckland,Auckland,NZ,0932,NZ-1054,0274173535,silverdale@anytimefitness.co.nz,"Silverdale, Auckland"
4917,35.33468,139.88465,中野5-17-1 イオンタウン君津 1F,,君津市,千葉県,JP,〒299-1151,JP-1355,0439-32-1721,af_kimitsu346_info@anytimefitness.jp,君津市 (イオンタウン君津店)
4918,28.52176,-82.22828,31182 Cortez Blvd,,Brooksville,Florida,US,34602,4644,(352) 667-7700,RidgeManorFL@anytimefitness.com,Ridge Manor
4919,40.3386,-79.80751,1985 Lincoln Way,,White Oak,Pennsylvania,US,15131,2926,(412) 896-9106,WhiteOakPA@anytimefitness.com,White Oak
4920,41.775747,-96.221483,300 South 13 St,,Tekamah,Nebraska,US,68061,5374,(402) 690-5629,TekamahNE@anytimefitness.com,Tekamah
4921,50.98271,5.49516,Vennestraat 36,,Genk,Limburg,BE,3600,NL-1140,+32 (0) 89 350 984,genk@anytimefitness.be,Genk
4922,31.76576,-82.35614,214 Central St,,Baxley,Georgia,US,31513,3558,(912) 705-3488,BaxleyGA@anytimefitness.com,Baxley
4923,-33.95053,151.0527,240 Belmore Road,,Riverwood,New South Wales,AU,2210,AU-1405,0438 703766,riverwood@anytimefitness.com.au,Riverwood
4924,44.25944,-88.27109,310 E Ann St,,Kaukauna,Wisconsin,US,54130,510,(920) 759-9901,KaukaunaWI@anytimefitness.com,Kaukauna
4925,35.82273,139.5732,幸町1-5-28　T・エミネンスV 1F,,志木市,埼玉県,JP,〒353-0005,JP-1191,048-423-0171,afshiki183_info@anytimefitness.jp,志木市 (志木駅前店)
4926,40.539,-79.96198,1718 William Flynn Hwy,,Glenshaw,Pennsylvania,US,15116,2943,(412) 486-4536,GlenshawPA@anytimefitness.com,Glenshaw
4927,30.116192,-81.626715,540 State Rd 13,,Fruit Cove,Florida,US,32259,5072,904-342-8058,FruitCoveFL@anytimefitness.com,Fruit Cove
4928,27.06998,-82.21018,1151 S Sumter Blvd,,North Port,Florida,US,34287,3678,(941) 426-9017,NorthPortFL@anytimefitness.com,North Port
4929,33.89528,130.83038,戸畑区千防1-10-21 1-2F,,北九州市,福岡県,JP,〒804-0081,JP-2863,093-647-0837,af_tobata1074_info@anytimefitness.jp,北九州市 (戸畑店)
4930,34.26173,135.29642,中島818-2 1-2F,,岩出市,和歌山県,JP,〒649-6245,JP-1647,0736-67-7191,af_wakayamaiwade636_info@anytimefitness.jp,岩出市 (和歌山岩出店)
4931,-31.07961,152.84035,14 Clyde Street,,Kempsey,New South Wales,AU,2440,AU-1509,02 6562 5500 or 0439 335 117,kempsey@anytimefitness.com.au,Kempsey
4932,46.85578,-100.76282,4600 N 19th St,,Bismarck,North Dakota,US,58503,197,(701) 751-0448,bismarcknorth@anytimefitness.com,Bismarck
4933,-31.86726,115.80449,"Unit 7, 39 Erindale Road",,Stirling,Western Australia,AU,6021,AU-1398,08 9445 1195,stirling@anytimefitness.com.au,Stirling
4934,51.52534,5.97745,Julianasingel 5,,Venray-Centrum,Limburg,NL,5802 AS,NL-1074,+31 (0)478-200000,venray-centrum@anytimefitness.nl,Venray-Centrum
4935,33.21825,-111.82258,1065 E Riggs Rd,,Chandler,Arizona,US,85249,3896,(480) 821-2112,ChandlerAZ3@anytimefitness.com,Chandler
4936,35.83077,139.72875,里1382-28 1-2F,,川口市,埼玉県,JP,〒334-0005,JP-2733,048-291-8947,af_hatogaya968_info@anytimefitness.jp,川口市 (鳩ヶ谷店)
4937,40.110767,-76.479741,921 E. Main St.,,Mount Joy,Pennsylvania,US,17552,5482,(717) 928-8711,MtJoyPA@anytimefitness.com,Mount Joy
4938,39.5985863,-110.8235435,652 Price River Drive,,Price,Utah,US,84501,5404,435-660-5050,Price.UT@anytimefitness.com,Price
4939,44.78365,-93.55478,1206 Shakopee Town Sq.,,Shakopee,Minnesota,US,55379,1055,(952) 233-8155,ShakopeeMN@anytimefitness.com,Shakopee
4940,51.86581,4.6203,Voorn 35-40,,Ridderkerk,Zuid-Holland,NL,2986 JA,NL-1021,+31 (0)180 229 490,ridderkerk-drievliet@anytimefitness.nl,Ridderkerk
4941,35.193913,-80.782039,1610 Oakhurst Commons Dr,,Charlotte,North Carolina,US,28205,4913,704.969.9121,Oakhurst.manager@anytimefitness.com,Charlotte
4942,20.53422,-100.77778,Eje Nor Oriente #190,,Celaya,Guanajuato,MX,38088,MX-1069,1 461 252 0492,celaya.plaza201@anytimefitness.com.mx,Celaya (Plaza 201)
4943,32.32745,-96.62836,200 W Ennis Ave,,Ennis,Texas,US,75119,3577,(972) 875-8400,EnnisTX@anytimefitness.com,Ennis
4944,51.45972,-0.92051,"Unit 1, 6 East Reading Retail Centre",,Woodley,South East,GB,RG6 1FE,UK-0187,0118 3240 565,readingwoodley@anytimefitness.co.uk,Woodley
4945,39.57669,-84.22924,728 N Main St,,Springboro,Ohio,US,45066,1228,(937) 748-9977,SpringboroOH@anytimefitness.com,Springboro
4946,30.63757,76.81391,"19-22, First Floor, Apple's Height",,Zirakpur,Punjab,IN,140603,IN-1135,"+919888211103, +919888211104",viproad.zirakpur@anytimefitness.in,"Zirakpur, VIP Road"
4947,20.07328,-98.75993,Boulevard Nuevo Hidalgo #1111 Local 205,,Mineral de la Reforma,Hidalgo,MX,42185,MX-1041,(77) 1285-2286,plazacedrosHGO@anytimefitness.com.mx,Pachuca (Plaza Cedros)
4948,35.70944,139.72608,関口1-43-6 カーザビアンカ 1F,,文京区,東京都,JP,〒112-0014,JP-2515,03-6233-9203,af_wasedamae750_info@anytimefitness.jp,文京区 (早稲田大学前店)
4949,1.40278,103.9132,"681 Punggol Drive, Oasis Terraces, #01-16",,Punggol Oasis,North East,SG,820681,SG-0051,+65 8869 6622,oasis.ba@anytimefitness.sg,Punggol Oasis
4950,-16.96333,145.7461,2/1 Charlotte Close,,Woree,Queensland,AU,4868,AU-1552,0742421630,woree@anytimefitness.com.au,Woree
4951,36.51967,140.62712,水木町2-15-48 1F,,日立市,茨城県,JP,〒316-0024,JP-1675,0294-32-7251,af_hitachi663_info@anytimefitness.jp,日立市 (日立店)
4952,43.02808,-82.256534,2600 Lakeshore Rd,,Brights Grove,Ontario,CA,N0N 1C0,2716,519 869 2009,BrightsGrove@anytimefitness.ca,Brights Grove
4953,41.93334,2.24998,Pare Gallissa 2,,Vic Barcelona,Catalonia,ES,08500,SP-0045,682788276,vic@anytimefitness.es,Vic (Barcelona)
4954,39.45688,-84.17508,1525 Genntown Dr,,Lebanon,Ohio,US,45036,1936,(513) 228-7771,LebanonOH@anytimefitness.com,Lebanon
4955,43.86712,-79.23075,72 Copper Crk Dr,,Markham,Ontario,CA,L6B 0P2,1820,905 209 7669,MarkhamON@anytimefitness.ca,Markham (Copper Creek)
4956,1.35999,103.95826,"487B Tampines Street 45 #B1-123, Singapore 521487",,Singapore,Central Singapore,SG,,SG-0193,,Tampines487@anytimefitness.sg,Tampines 487
4957,42.367255,-83.371063,33201 Plymouth Rd.,,Livonia,Michigan,US,48150,5513,734-245-8600,LivoniaMI3@anytimefitness.com,Livonia
4958,35.79083,139.93894,日暮1-15-19 M-PARTⅡ日暮ビル 2F,,松戸市,千葉県,JP,〒270-2253,JP-1496,047-712-2860,af_yabashira486_info@anytimefitness.jp,松戸市 (松戸八柱店)
4959,-31.90064,152.4564,"Unit 1, 12 Mill Close",,Taree,New South Wales,AU,2430,AU-1045,(02) 65512649,taree@anytimefitness.com.au,Taree
4960,34.0697,131.78838,南浦山町5-37,,周南市,山口県,JP,〒745-0868,JP-2742,0834-34-1220,af_tokuyamahp977_info@anytimefitness.jp,周南市 (徳山病院店)
4961,34.38778,132.4767,南区段原2-13-7,,広島市,広島県,JP,〒732-0811,JP-1228,082-568-6004,afdanbara216_info@anytimefitness.jp,広島市 (広島段原店)
4962,40.48833,-79.887372,921 Freeport Rd,,Pittsburgh,Pennsylvania,US,15238,5359,412.408.3240,FoxChapelPA@anytimefitness.com,Fox Chapel
4963,33.51763,-7.79909,"Oulad Azzouz Route D'Azemmour RP 320 KM 15, Casablanca",,Sela Plaza Dar Bouazza,Casablanca-Settat,MA,27223,MA-0007,(+212) 0688 4922 09,darbouazza@anytimefitness.ma,Sela Plaza Dar Bouazza
4964,45.43868,-75.67795,5 Beechwood Ave,,Ottawa,Ontario,CA,K1M 1M2,4412,613 680 7676,OttawaON10@anytimefitness.ca,Ottawa
4965,3.15607,101.59578,"13-1 Lakeside Wing, Sunsuria Avenue, Persiaran Mahogani, Kota Damansara47810 Petaling Jaya, Selangor",,Petaling Jaya,Selangor,MY,47810,MY-0101,,SunsuriaAvenueKotaDamansara@anytimefitness.my,Sunsuria Avenue
4966,-37.89299,175.47164,3/53 Alpha St,,Cambridge,Waikato,NZ,3432,NZ-1007,07 8239372,cambridge@anytimefitness.co.nz,Cambridge
4967,35.34872,-96.92963,1601 N Kickapoo Ave,,Shawnee,Oklahoma,US,74804,3479,405-273-2673,ShawneeOK@anytimefitness.com,Shawnee
4968,-33.8924,151.03926,4/165 Rookwood Road,,Chullora,New South Wales,AU,2199,AU-1490,0481 348 444,chullora@anytimefitness.com.au,Chullora
4969,1.37797,103.739,"475 Choa Chu Kang Avenue 3, Sunshine Place, Singapore",,Choa Chu Kang,North West,SG,680475,SG-0152,,SunshinePlace@anytimefitness.sg,Sunshine Place
4970,52.1331,-106.7232412,300 Confederation Dr,,Saskatoon,Saskatchewan,CA,S7L 1J2,4804,(306) 952-2229,SaskatoonSK3@anytimefitness.ca,Saskatoon (Confederation Saskatoon)
4971,29.69908,76.99624,"Shop No-20,21,22, Saini Colony",,Karnal,Haryana,IN,132001,IN-1145,"+91 9758810108, +91 9758810109",modeltown.karnal@anytimefitness.in,"Karnal, Model Town"
4972,43.00427,-88.78818,850 E Reinel St,,Jefferson,Wisconsin,US,53549,3435,(920) 674-6616,JeffersonWI@anytimefitness.com,Jefferson
4973,44.75475,-108.756316,230 N Clark St,,Powell,Wyoming,US,82435,4904,(307) 271-7300,PowellWY@anytimefitness.com,Powell
4974,31.769319,-106.317608,1900 Amy Sue Dr,,El Paso,Texas,US,79936,2334,(915) 500-9940,ElPasoTX6@anytimefitness.com,El Paso (Montwood)
4975,43.04314,-83.32308,700 S. Main St,,Lapeer,Michigan,US,48446,2259,810-246-5500,LapeerMI@anytimefitness.com,Lapeer
4976,45.02903,-93.447,4190 Vinewood Ln N,,Plymouth,Minnesota,US,55442,2933,(763) 432-2099,PlymouthMN@anytimefitness.com,Plymouth
4977,31.03566,-83.072593,81 South Valdosta Rd,,Lakeland,Georgia,US,31635,3149,229-482-8311,LakelandGA@anytimefitness.com,Lakeland
4978,3.09688,101.68201,"Plaza Mont Kiara, Mont Kiara 2, Jalan Kiara, Mont Kiara, 50480",,Kuala Lumpur,Kuala Lumpur,MY,,MY-0076,,MontKiara@anytimefitness.my,Mont Kiara
4979,46.35193,-72.61922,6800 Bd des Chenaux,,Trois-Rivières,Quebec,CA,G9C 0G8,9900042,,Trois.Rivieres@anytimefitness.quebec,Trois-Rivières
4980,28.44412,77.10108,"F-01,G-01, Central Plaza, Golf Course Road",,Gurgaon,Haryana,IN,122002,IN-1085,+919090109050,golfcourse.gurgaon@anytimefitness.in,"Gurgaon, Golf Course Road, Sector 53"
4981,34.27983,-118.7397,2941 Cochran St,,Simi Valley,California,US,93065,3705,(805) 522-5175,SimiValleyCA@anytimefitness.com,Simi Valley
4982,26.570642,-80.087799,4758 N Congress Ave.,,Boynton Beach,Florida,US,33426,5008,561-903-0474,BoyntonBeachFL@anytimefitness.com,Boynton Beach
4983,34.57269,135.71474,服部台4-2-1 1F,,北葛城郡上牧町,奈良県,JP,〒639-0212,JP-2593,0745-44-3400,af_kammaki829_info@anytimefitness.jp,上牧町 (上牧町店)
4984,33.841,132.77043,大街道2-5-12 アエル松山 2F,,松山市,愛媛県,JP,〒790-0004,JP-2968,089-961-4461,af_matsuyamaokaido1179_info@anytimefitness.jp,松山市 (松山大街道店)
4985,35.68865,139.71536,四谷4-28-4 YKBエンサインビル 1F,,新宿区,東京都,JP,〒160-0004,JP-1043,03-5369-4805,afgyoenmae39_info@anytimefitness.jp,新宿区 (新宿御苑前店)
4986,44.517,-109.074,534 Yellowstone Ave,,Cody,Wyoming,US,82414,2975,(307) 578-8550,CodyWY@anytimefitness.com,Cody
4987,1.51386,103.65544,"Lot 4-37, Level 4 Tasek Central 2, Jalan Pendekar 16, Taman Ungku Tun Aminah, Skudai",,Bukit Indah,Johor,MY,81300,MY-0041,,TasekCentralJohor@anytimefitness.my,Tasek Central (SUTERAFIT Sdn Bhd 1325201-W)
4988,-32.24642,115.81456,4 Chisham Avenue,,Kwinana,Western Australia,AU,6167,AU-1358,0437530275,kwinana@anytimefitness.com.au,Kwinana
4989,28.71601,77.135,"Pawa Grand, 2 DDA Community Centre",,New Delhi,Delhi,IN,110085,IN-1136,"+91 9560295454, 9560297878",prashantvihar.delhi@anytimefitness.in,"New Delhi, Prashant Vihar"
4990,39.67663,-75.76235,247 S Main St,,Newark,Delaware,US,19711,2794,(302) 533-7773,NewarkDE2@anytimefitness.com,Newark
4991,52.07523,4.36114,Prins Bernhardlaan 175,,Voorburg,Zuid-Holland,NL,2273 DP,NL-1154,+31 6 58 86 99 94,voorburg@anytimefitness.nl,Voorburg
4992,39.44774,-84.35729,269 N Main St,,Monroe,Ohio,US,45050,1662,(513) 402-7133,MonroeOH@anytimefitness.com,Monroe
4993,33.58176,130.42309,博多区博多駅南2-9-11　三共福岡ビル 1F,,福岡市,福岡県,JP,〒812-0016,JP-1109,092-260-7219,afhakataekiminami99_info@anytimefitness.jp,福岡市 (博多駅南店)
4994,26.91286,-82.22805,41 Chailett Rd,,Rotonda West,Florida,US,33947,4498,(941) 828-0151,RotondaWestFL@anytimefitness.com,Rotonda West
4995,35.54902,139.71756,東六郷2-13-6 WELL HIGASHIROKUGO 2F,,大田区,東京都,JP,〒144-0046,JP-1504,03-6424-8208,af_zoshiki493_info@anytimefitness.jp,大田区 (雑色水門通り店)
4996,-19.24777,146.68117,"Lot 2, Northside Square,",,Deeragun,Queensland,AU,4818,AU-1240,0499113008,deeragun@anytimefitness.com.au,Deeragun
4997,49.99647,-110.64182,2020 Strachan Rd SE,,Medicine Hat,Alberta,CA,T1B 0M9,3506,403 580 5524,MedicineHatAB@anytimefitness.ca,Medicine Hat
4998,39.48769,-74.46319,45 S New York Rd,,Galloway,New Jersey,US,08205,4527,(609) 241-1650,GallowayNJ@anytimefitness.com,Galloway
4999,-6.26345,106.61763,"SOUTH78 Lt. 2 Jl. Boulevard Gading Serpong Blok O No. 7 & 8, Medang,",,Pagedang,Tangerang,ID,15334,ID-0026,,South78@anytimefitness.id,South78
5000,30.191852,-98.091624,400 Highway 290 W,,Dripping Springs,Texas,US,78620,2369,(512) 858-7171,DrippingSpringsTX@anytimefitness.com,Dripping Springs
5001,34.184306,-118.785559,676 Lindero Canyon Rd,,Oak Park,California,US,91377,5401,818-665-7884,OakParkCA@anytimefitness.com,Oak Park
5002,34.9262,137.18717,美合町つむぎ南1-1 イオンタウン岡崎美合内 1F,,岡崎市,愛知県,JP,〒444-0802,JP-2682,0564-73-3970,af_okazakimiai918_info@anytimefitness.jp,岡崎市 (イオンタウン岡崎美合店)
5003,14.5612,121.01139,"E West Mall/Westend Square Chino Roces Street corner Malugay and Yakal Street, Metro Manila",,Eton Westend,Metro Manila,PH,,PH-0106,,EtonWestend@anytimefitness.ph,Eton Westend Square
5004,31.72713,-106.273375,12330 Pellicano Dr,,El Paso,Texas,US,79938,4938,915-777-1083,ElPasoTX11@anytimefitness.com,El Paso
5005,35.71839,-84.36406,1987 Hwy 72,,Loudon,Tennessee,US,37774,3621,(865) 657-5132,LoudonTN@anytimefitness.com,Loudon
5006,28.69207,77.29153,"B-9, Ground Floor,West Jyoti Nagar",,Delhi,Delhi,IN,110094,IN-1073,+919355378777,shahdara.delhi@anytimefitness.in,"New Delhi, Shahdara"
5007,14.42813,120.96466,"GF Main Square Bacoor Blvd. Brgy. Bayanan, Bacoor",,Cavite,Cavite,PH,,PH-0034,(046) 4364447 / 09396112764 / 09155892903,Bacoor@anytimefitness.ph,Bacoor
5008,36.10064,-80.411437,104 Lowes Food Dr.,,Lewisville,North Carolina,US,27023,5484,(743) 232-7002,LewisvilleNC@anytimefitness.com,Lewisville
5009,38.7295342,-77.7994057,251 West Lee Hwy,,Warrenton,Virginia,US,20186,4257,(540) 359-5658,WarrentonVA@anytimefitness.com,Warrenton
5010,41.718873,-87.681652,9601 S Western Ave,,Chicago,Illinois,US,60643,5084,773-232-1122,ChicagoIL7@anytimefitness.com,Chicago (Beverly )
5011,3.06088,101.46969,"Aeon Mall Bukit Raja, Persiaran Bukit Raja 2, Bandar Baru Klang, 41150 Klang, Selangor",,Selangor,Selangor,MY,,MY-0087,,AeonMallBukitRaja@anytimefitness.my,AEON Mall Bukit Raja
5012,,,Braunauerstrasse 1,,Ried im Innkreis,Upper Austria,AT,4910,AT-0016,,ried@anytimefitness.at,Ried im Innkreis
5013,20.75361,-103.38415,Av. San Isidro #1475 int SA6,,Zapopan,Jalisco,MX,45187,MX-1001,(33) 3685-1233,sanisidrojal@anytimefitness.com.mx,Zapopan (San Isidro)
5014,38.21989,-91.15971,250 S Service Rd E,,Sullivan,Missouri,US,63080,4358,(573) 468-2348 ,SullivanMO@anytimefitness.com,Sullivan
5015,20.82198,-156.32963,24 Kiopaa St,,Pukalani,Hawaii,US,96768,3279,(808) 633-6463,PukalaniHI@anytimefitness.com,Pukalani
5016,35.69659,-88.8344,133 University Pkwy,,Jackson,Tennessee,US,38305,2482,(731) 300-4400,JacksonTN2@anytimefitness.com,Jackson
5017,53.56388,-113.55277,13368 114 Ave NW,,Edmonton,Alberta,CA,T5M 4B7,4089,(780) 488-9899,Westmount@anytimefitness.ca,Edmonton (Westmount)
5018,53.22371,-114.97768,5007 52 Ave,,Drayton Valley,Alberta,CA,T7A 1C9,3704,780 621 0247,DraytonValleyAB@anytimefitness.ca,Drayton Valley
5019,-37.89919,145.09357,77 Atherton Road,,Oakleigh,Victoria,AU,3166,AU-1528,03 9569 0105,oakleigh@anytimefitness.com.au,Oakleigh
5020,40.741337,-74.155672,"600 Frank E. Rodgers Blvd,",,Harrison,New Jersey,US,07029,5468,(973) 200-1905,HarrisonNJ@anytimefitness.com,Harrison
5021,43.78439,-79.66166,3960 Cottrelle Blvd,,Brampton,Ontario,CA,L6P 2R1,2441,905 913 1110,BramptonON2@anytimefitness.ca,Brampton (Cottrelle)
5022,41.55603,-87.63573,18345 S Halsted St,,Glenwood,Illinois,US,60425,4392,708-360-4200,GlenwoodIL@anytimefitness.com,Glenwood (Lincoln Crossings)
5023,45.47567,12.22389,Piazza Mercato 50,,Marghera,Venezia,IT,30175,IT-0033,+39 3917119024,marghera@anytimefitness.it,Marghera
5024,51.49439,-0.26972,"Edmunds House, Colonial Drive, Bollo Lane",,London (Chiswick),Greater London,GB,W4 5HA,UK-0415,020 3551 1766,chiswick@anytimefitness.co.uk,London (Chiswick)
5025,39.82393,-84.93624,2500 National Rd W,,Richmond,Indiana,US,47374,2401,(765) 966-6171,RichmondIN@anytimefitness.com,Richmond
5026,35.86764,139.62906,中央区鈴谷2-748-1 ウエストヒルズ 1F,,さいたま市,埼玉県,JP,〒338-0013,JP-2811,048-767-5985,af_minamiyono1042_info@anytimefitness.jp,さいたま市 (南与野店)
5027,40.13522,-75.45123,1570 Egypt Rd,,Phoenixville,Pennsylvania,US,19460,3518,(484) 831-5668,OaksPA@anytimefitness.com,Phoenixville (Oaks Shopping Center)
5028,1.34686,103.84873,"Blk 505, Bishan Street 11 #01-438",,Bishan,Central Singapore,SG,570505,SG-0119,,Bishan@anytimefitness.sg,Bishan
5029,39.28883,-77.20183,9815 Main St,,Damascus,Maryland,US,20872,2640,(301) 253-2400,DamascusMD@anytimefitness.com,Damascus
5030,35.32839,139.3437,錦町4-4 2F,,平塚市,神奈川県,JP,〒254-0044,JP-2674,0463-79-5936,af_hiramitsuke910_info@anytimefitness.jp,平塚市 (平塚見附町店)
5031,29.28517,-81.08462,302 N Nova Rd,,Ormond Beach,Florida,US,32174,2063,(386) 677-8600,OrmondBeachFL@anytimefitness.com,Ormond Beach
5032,1.29157,103.8552,1 Raffles Link #B1-47 CityLink Mall,,North Bridge,North East,SG,179100,SG-0142,,CityHall@anytimefitness.sg,City Hall
5033,35.95172,139.99317,中央2-16-1 アワーズもりや 1F,,守谷市,茨城県,JP,〒302-0115,JP-1289,0297-21-2200,af_moriyasf275_info@anytimefitness.jp,守谷市 (守谷駅前店)
5034,39.04755,-82.62976,534 E Main St,,Jackson,Ohio,US,45640,3604,(740) 971-1128,JacksonOH@anytimefitness.com,Jackson
5035,-27.78657,153.2519,"Unit 9, First Floor, 19 Peachey Road",,Ormeau,Queensland,AU,4208,AU-1330,0456631681,ormeau@anytimefitness.com.au,Ormeau
5036,44.57679,-123.27458,955 NW Kings Blvd,,Corvallis,Oregon,US,97330,638,(541) 758-9100,CorvallisOR@anytimefitness.com,Corvallis
5037,-6.21521,106.82998,"Kuningan, Karet Kuningan, Kecamatan Setiabudi, Kota Jakarta Selatan, Daerah Khusus Ibukota",,Kerat Kuningan,Jakarta,ID,,ID-0007,+62 812 1320 6756,SetiabudiOne@anytimefitness.id,Setiabudi One
5038,47.66117,-122.69058,3114 NW Randall Way,,Silverdale,Washington,US,98383,5514,(360) 900-1050,SilverdaleWA@anytimefitness.com,Silverdale
5039,35.532268,-108.754458,1670 E Hwy 66,,Gallup,New Mexico,US,87301,4837,505-481-8200,GallupNM@anytimefitness.com,Gallup
5040,3.10539,101.46744,"Lot E-2-19, E-1-20 & E-G-20 Sunsuria Forum No. 1, Jalan Setia Dagang AL U13/AL Seksyen U13,",,Bandar Setia Alam Shah Alam,Selangor,MY,46200,MY-0057,+60 12-805 3400,SetiaAlamTheForum@anytimefitness.my,Setia Alam - The Forum
5041,43.09408,141.37599,東区北23条東18-3-10 1F,,札幌市,北海道,JP,〒065-0023,JP-2602,011-214-0290,af_motomachi838_info@anytimefitness.jp,札幌市 (元町店)
5042,41.17142,-73.41597,84 Danbury Rd,,Wilton,Connecticut,US,06897,3386,203-210-7474,WiltonCT@anytimefitness.com,Wilton
5043,-36.77571,174.55486,94-104 Main Road,,Auckland,Auckland,NZ,0810,NZ-1065,0204 078 2056,kumeu@anytimefitness.co.nz,"Kumeu, Auckland"
5044,28.81508,-96.96358,3801 Houston Hwy,,Victoria,Texas,US,77901,3425,(361) 703-5018,VictoriaTX@anytimefitness.com,Victoria
5045,-32.20023,152.5221,Shop 15 Stockland Centre,,Forster,New South Wales,AU,2428,AU-1213,02 6554 9212,forster@anytimefitness.com.au,Forster
5046,39.85795,-86.39046,124 E Northfield Dr,,Brownsburg,Indiana,US,46112,2701,(317) 852-8888,BrownsburgIN@anytimefitness.com,Brownsburg
5047,44.40942,8.9545,Corso Sardegna 165,,Genova,Genova,IT,16142,IT-0008,3291065369,genovasardegna@anytimefitness.it,Genova (Sardegna)
5048,36.770264,-76.189629,5705 Lynnhaven Pkwy,,Virginia Beach,Virginia,US,23464,578,(757) 233-0240,VirginiaBeachVA2@anytimefitness.com,Virginia Beach (Kemps)
5049,40.62969,-112.29229,500 E. Village Blvd.,,Stansbury Park,Utah,US,84074,999,(435) 882-7478,StansburyUT@anytimefitness.com,Stansbury Park
5050,3.11042,101.63711,"Jaya 33, Jalan 14/1, Seksyen 14",,Petaling Jaya,Selangor,MY,46100,MY-0052,,PJ33@anytimefitness.my,PJ33
5051,-35.41539,149.06364,Adjacent to Southern Cross Club,,Greenway,Australian Capital Territory,AU,2900,AU-1101,02 62939620,tuggeranong@anytimefitness.com.au,Tuggeranong
5052,36.27686,-95.82829,12918 E 86th St N,,Owasso,Oklahoma,US,74055,2669,(918) 376-4999,OwassoOK2@anytimefitness.com,Owasso
5053,44.66658,-93.62563,115 S. Broadway,,Jordan,Minnesota,US,55352,520,(952) 492-3232,JordanMN@anytimefitness.com,Jordan
5054,35.70497,139.79345,蔵前2-17-7　エムズ蔵前本社ビル 1-4F,,台東区,東京都,JP,〒111-0051,JP-1211,03-6240-9686,afkuramae215_info@anytimefitness.jp,台東区 (蔵前店)
5055,28.468918,-81.628773,5724 Hamlin Groves Trail,,Winter Garden,Florida,US,34787,5602,407-917-4359,WinterGardenFL2@anytimefitness.com,Winter Garden
5056,35.66065,139.40156,南平4-10-4 HAMA-K.I.テラス 2F,,日野市,東京都,JP,〒191-0041,JP-1483,042-506-5085,af_minamidaira471_info@anytimefitness.jp,日野市 (日野南平店)
5057,32.42211,-110.96218,11911 N 1st Ave,,Oro Valley,Arizona,US,85737,446,(520) 219-2869,OroValleyAZ@anytimefitness.com,Oro Valley
5058,30.33668,76.38362,"Second Floor, SCO No. 31 & 32",,Patiala,Punjab,IN,147001,IN-1132,+9193700 04700,bankcolony.patiala@anytimefitness.in,"Patiala, Leela Bhawan , Punjab"
5059,-33.73992,151.209,Glenrose Shopping Centre,,Belrose,New South Wales,AU,2085,AU-1540,02 9452 2416,belrose@anytimefitness.com.au,Belrose
5060,35.70959,139.80088,吾妻橋1-23-30 パトリア吾妻橋 2F,,墨田区,東京都,JP,〒130-0001,JP-2655,03-5637-8151,af_azumabashi891_info@anytimefitness.jp,墨田区 (浅草吾妻橋店)
5061,31.95015,-95.26365,319 E Tena St,,Jacksonville,Texas,US,75766,2087,(903) 339-3120,JacksonvilleTX@anytimefitness.com,Jacksonville
5062,33.878113,-117.751583,21550 Yorba Linda Blvd,,Yorba Linda,California,US,92887,4693,714-463-6260,YorbaLindaCA@anytimefitness.com,Yorba Linda
5063,35.75548,140.02554,二和東6-24-12 1F,,船橋市,千葉県,JP,〒274-0805,JP-1722,047-401-9195,af_funabashifutawa710_info@anytimefitness.jp,船橋市 (船橋二和東店)
5064,35.69047,140.01796,谷津7-7-1 Loharu津田沼 B1,,習志野市,千葉県,JP,〒275-0026,JP-1325,047-406-5162,af_tsudanuma315_info@anytimefitness.jp,習志野市 (津田沼店)
5065,-38.06066,145.33987,Eden Rise Village,,Berwick,Victoria,AU,3806,AU-1010,03 8786 8311,berwick@anytimefitness.com.au,Berwick
5066,10.3176,123.90934,"2 floor Skyrise Alpha Building, Samar Loop,",,Cebu Business Park,Cebu,PH,,PH-0014,0995-021-9336,CebuBusinessPark@anytimefitness.ph,Cebu Business Park
5067,35.89298,139.62743,中央区上落合4-1-2　パークビル 2F,,さいたま市,埼玉県,JP,〒338-0001,JP-1071,048-762-9480,afsaitamashin67_info@anytimefitness.jp,さいたま市 (さいたま新都心店)
5068,33.83722,-84.37002,550 Pharr Rd NE,,Atlanta,Georgia,US,30305,3766,(404) 549-3523,Buckhead@anytimefitness.com,Atlanta (Buckhead)
5069,19.32235,-99.13284,"Canal de Miramontes, número 2600, Coapa,  Ciruelos, Coyoácan,",,Ciudad de México,Ciudad de Mexico,MX,04830,MX-1176,5529418996,miramontes.cdmx@anytimefitness.com.mx,Ciudad de México (Miramontes)
5070,41.879551,-72.463144,89 W Rd,,Ellington,Connecticut,US,06029,3384,(860) 871-1234,EllingtonCT@anytimefitness.com,Ellington
5071,39.214092,-86.590076,4264 N Cypress Ln,,Bloomington,Indiana,US,47404,5471,(812) 558-5444,BloomingtonIN2@anytimefitness.com,Ellettsville
5072,35.66979,139.80828,木場5-11-15　ウィステリア新倉 2F,,江東区,東京都,JP,〒135-0042,JP-1153,03-5875-8547,afkiba154_info@anytimefitness.jp,江東区 (木場店)
5073,8.49127,124.63858,"5F,  SM CDO Downtown Premier Cor. C.M. Recto Highway and Osmena sts Bgy. 24",,Cagayan De Oro,Misamis Oriental,PH,,PH-0067,0916-654-3833,AFCagayanDeOro@anytimefitness.ph,Cagayan De Oro
5074,41.98019,-72.44471,95 S. Rd.,,Somers,Connecticut,US,06071,1138,(860) 265-3009,SomersCT@anytimefitness.com,Somers
5075,-32.49328,115.74795,25 Meadow Springs Drive,,Meadow Springs,Western Australia,AU,6210,AU-1698,0484510171,meadowsprings@anytimefitness.com.au,Meadow Springs
5076,40.19462,-75.46737,130 W Main St,,Trappe,Pennsylvania,US,19426,3926,(484) 752-4449,TrappePA@anytimefitness.com,Trappe
5077,-33.78047,150.91975,Blacktown Mega Centre,,Blacktown,New South Wales,AU,2148,AU-1024,02 9671 2800,blacktown@anytimefitness.com.au,Blacktown
5078,35.70995,139.75352,本郷4-17-9　平井ビル B1,,文京区,東京都,JP,〒113-0033,JP-1134,03-6240-0012,afbunkyokasuga119_info@anytimefitness.jp,文京区 (文京春日店)
5079,28.50705,77.3656,"SVG GALLERIA, 3rd Floor",,Noida,Uttar Pradesh,IN,201304,IN-1207,+91 9220318222 +91 9220317222,131.noida@anytimefitness.in,"Uttar Pradesh, Noida, Sector 131"
5080,46.80131,-92.0793,1502 E Superior St,,Duluth,Minnesota,US,55812,2,(218) 724-6653,DuluthMN@anytimefitness.com,Duluth
5081,1.39595,103.92036,"654A Punggol Dr., Waterway Sunrise 2, Singapore 821654",,Punggol,North East,SG,821654,SG-0087,,Waterway@anytimefitness.sg,Punggol Waterway
5082,1.29757,103.85525,51 Middle Road #03-01 & #04-01 Singapore 188959,,Bugis,Central Singapore,SG,,SG-0097,+65 8855 0608,Bugis@anytimefitness.sg,Bugis
5083,14.6104,121.08013,"4th floor Eastwood Mall, E. Rodriguez Jr. Ave.  Bagumbayan, Libis",,Quezon City,Metro Manila,PH,1110,PH-0021,0926-7446301,eastwood@anytimefitness.ph,Eastwood
5084,41.49059,2.36565,Marina Port Premià,,Premià de Mar,Catalonia,ES,08330,SP-0105,,portpremia@anytimefitness.es,Marina Port Premià
5085,39.47608,-119.76569,5255 Longley Ln,,Reno,Nevada,US,89502,2915,(775) 848-4892,RenoNV@anytimefitness.com,Reno (Longley Ln)
5086,-38.6607,178.01964,67 Carnarvon Street,,Gisborne,Gisborne,NZ,4010,NZ-1029,06 2143575,gisborne@anytimefitness.co.nz,Gisborne
5087,40.62387,-103.22978,1115 W Main St,,Sterling,Colorado,US,80751,1003,(970)-522-2500,SterlingCO@anytimefitness.com,Sterling
5088,52.9730311,-122.505341,155 Malcolm Dr,,Quesnel,British Columbia,CA,V2J 3K2,4955,250-991-3680,QuesnelBC@anytimefitness.ca,Quesnel
5089,53.13492,-1.19768,176 Nottingham Road,,Mansfield,East Midlands,GB,NG18 4AF,UK-0191,01623272990,mansfield@anytimefitness.co.uk,Mansfield
5090,51.33747,6.14757,Nachtegaalstraat 49,,Tegelen,Limburg,NL,5932 CA,NL-1185,+31 77 30 30 068,tegelen@anytimefitness.nl,Tegelen
5091,42.04124,-93.87697,1312 S Marshall St,,Boone,Iowa,US,50036,240,(515) 432-9400,Boone@anytimefitness.com,Boone
5092,34.85512,135.70803,八幡南山76 2F,,八幡市,京都府,JP,〒614-8054,JP-1693,075-925-6022,af_yawataminami681_info@anytimefitness.jp,八幡市 (八幡南店)
5093,34.66771,135.15187,長田区北町1-54　高速長田ステーションビル B1,,神戸市,兵庫県,JP,〒653-0016,JP-1003,078-579-3535,afkosokunagata03_info@anytimefitness.jp,神戸市 (高速長田店)
5094,35.99609,-115.1238,855 Seven Hills,,Henderson,Nevada,US,89052,1370,(702) 586-1500,SevenHills@anytimefitness.com,Henderson (St Rose Pkwy)
5095,37.652,126.88858,"130, Samsong-ro",,Goyang-si,경기,KR,10589,KR-0011,+82262122407,af.samsong@medfit.ai,Goyang-si
5096,40.9993,-85.77526,408 W Main St,,North Manchester,Indiana,US,46962,3497,(260) 306-0071,ManchesterIN@anytimeFitness.com,North Manchester
5097,37.59953,126.72597,Yuhyeon-ro 238gil 26,,Gimpo-si,경기,KR,10113,KR-0013,+82319910365,af.pungmu@medfit.ai,Gimpo-si
5098,-37.80574,144.96218,"Tenancy 2, SQ Retail, 551 Swanston Street Carlton",,Carlton,Victoria,AU,3053,AU-1381,0432 577 961,carlton@anytimefitness.com.au,Carlton
5099,36.58274,136.66603,神宮寺1-16 1F,,金沢市,石川県,JP,〒920-0806,JP-1484,076-254-6342,af_kanajinguji475_info@anytimefitness.jp,金沢市 (金沢神宮寺店)
5100,1.30046,103.83935,"277 Orchard Rd, #04-01 Orchardgateway",,Singapore,Central Singapore,SG,238858,SG-0120,88168855,Orchard@anytimefitness.sg,Orchard
5101,34.14038,-117.95688,2217 E Huntington Dr,,Duarte,California,US,91010,3776,626-359-6394,DuarteCA@anytimefitness.com,Duarte
5102,-32.734,152.10724,4/8 Central Avenue,,Salamander Bay,New South Wales,AU,2317,AU-1163,0439 012 835,salamanderbay@anytimefitness.com.au,Salamander Bay
5103,36.44594,140.50139,竹ノ内2-19-6 2F,,那珂市,茨城県,JP,〒311-0110,JP-1658,029-219-8538,af_naka647_info@anytimefitness.jp,那珂市 (那珂店)
5104,35.58387,139.58685,宮前区宮前平1-7-6　AURA DI SANO 2F,,川崎市,神奈川県,JP,〒216-0006,JP-1232,044-863-6186,afmiyamaedaira217_info@anytimefitness.jp,川崎市 (宮前平店)
5105,14.59604,121.11053,"105 Felix Ave., San Isidro, Cainta",,Cainta,Rizal,PH,1900,PH-0115,,GardenWalkFelixAve@anytimefitness.ph,"The Garden Walk, Felix Ave"
5106,29.5125,-98.7777,14124 Culebra Rd,,San Antonio,Texas,US,78253,5213,210-625-3828,KallisonRanchTX@anytimefitness.com,San Antonio (Kallison Ranch)
5107,43.19885,-71.15733,262 1st NH Turnpike,,Northwood,New Hampshire,US,03261,2611,(603) 942-6027,NorthwoodNH@anytimefitness.com,Northwood
5108,35.61825,139.56369,多摩区登戸2121-1 3F,,川崎市,神奈川県,JP,〒214-0014,JP-2912,044-281-4933,af_mgaokaannex1123_info@anytimefitness.jp,川崎市 (向ヶ丘遊園ANNEX店)
5109,41.90938,12.54936,Via dei Crispolti 15H,,Roma,Roma,IT,00159,IT-0002,+390643251352,crispolti@anytimefitness.it,Roma (Crispolti)
5110,14.58693,121.10465,"SM City East Ortigas Mall, Ortigas Ave Ext",,Pasig City,Metro Manila,PH,,PH-0054,+639567211248,OrtigasAveExt@anytimefitness.ph,SM City East Ortigas
5111,34.63161,136.10841,蔵持町芝出1301 1F,,名張市,三重県,JP,〒518-0752,JP-1668,0595-42-8544,af_nabari657_info@anytimefitness.jp,名張市 (名張店)
5112,-35.0043,117.86544,"Unit 2, 319 Albany Highway",,Albany,Western Australia,AU,6330,AU-1262,0475108097,albany@anytimefitness.com.au,Albany
5113,30.68612,-92.26018,921 E Lasalle St,,Ville Platte,Louisiana,US,70586,1808,(337) 363-1468,VillePlatteLA@anytimefitness.com,Ville Platte
5114,30.14089,-96.397946,2660 Hwy 36 S,,Brenham,Texas,US,77833,4932,(979) 661-8348,BrenhamTX@anytimefitness.com,Brenham
5115,30.43744,-90.91342,25550 Juban Rd,,Denham Springs,Louisiana,US,70726,871,(225) 243-5500,DenhamSpringsLA@anytimefitness.com,Denham Springs (Juban Rd)
5116,14.55575,121.05442,"4th Flr. Uptown Mall, Tower 3",,Taguig City,Metro Manila,PH,,PH-0053,09671560585,UpTownBGC@anytimefitness.ph,Uptown Bonifacio
5117,43.38636,-80.71249,338 Waterloo St,,New Hamburg,Ontario,CA,N3A 1T6,3904,(519) 340-3242,NewHamburgON@anytimefitness.ca,New Hamburg
5118,3.14791,101.71791,"Level 2 Podium, Menara Worldwide, 198 Jalan Bukit Bintang",,Wilayah Persekutuan,Kuala Lumpur,MY,55100,MY-0063,+60193399919,BukitBintang@anytimefitness.my,Bukit Bintang
5119,53.4528,-113.508,10847 23 Ave NW,,Edmonton,Alberta,CA,T6J 7B5,5135,7802490555,anytimecenturypark@anytimefitness.ca,Edmonton
5120,51.88932,-8.58611,East Gate,,Ballincollig (Cork),Cork,IE,P31 N266,UK-0054,021 601 9357,ballincollig@anytimefitness.ie,Ballincollig (Cork)
5121,34.24941,-88.40599,104 Mueller Brass Rd.,,Fulton,Mississippi,US,38843,3123,(662) 862-7737,FultonMS@anytimefitness.com,Fulton
5122,33.57351,130.40605,中央区平尾2-5-8　西鉄平尾駅ビル 2F,,福岡市,福岡県,JP,〒810-0014,JP-1161,092-406-6860,afhirao151_info@anytimefitness.jp,福岡市 (西鉄平尾店)
5123,39.27736,-93.97677,210 S Thornton St,,Richmond,Missouri,US,64085,2798,(816) 776-5656,RichmondMO@anytimefitness.com,Richmond
5124,53.477661,-113.67171,199 St NW & Lessard Rd NW,,Edmonton,Alberta,CA,T6M 2P3,5410,,EdmontonAB11@anytimefitness.ca,Edmonton (Edgemont)
5125,-36.9109,174.64969,3 Glendale Road,,Auckland,Auckland,NZ,0602,NZ-1069,0204 0250232,gleneden@anytimefitness.co.nz,"Glen Eden, Auckland"
5126,50.78523,-1.09165,Handleys' Corner,,Southsea,South East,GB,PO5 3QG,UK-0529,,southsea@anytimefitness.co.uk,Southsea
5127,-33.86856,151.21084,80 Elizabeth Street,,Martin Place,New South Wales,AU,2000,AU-1573,0460 331 223,martinplace@anytimefitness.com.au,Martin Place
5128,-33.70007,150.56751,"Shop 10, 7-9 Raymond Road",,Springwood,New South Wales,AU,2777,AU-1342,02 4751 5255,springwood@anytimefitness.com.au,Springwood
5129,33.584649,-88.65985,45 Airport Rd,,West Point,Mississippi,US,39773,2223,(662) 492-5877,WestPointMS@anytimefitness.com,West Point
5130,39.85159,-75.45004,623 Conchester Highway,,Boothwyn,Pennsylvania,US,19061,4140,(610) 243-1777,BoothwynPA@anytimefitness.com,Boothwyn
5131,-45.87461,170.47232,293a Kaikorai Valley Road,,Dunedin,Otago,NZ,9011,NZ-1072,03 4550013,kaikoraivalley@anytimefitness.co.nz,"Kaikorai Valley, Dunedin"
5132,34.70448,135.37388,高須町1-1-38 1F,,西宮市,兵庫県,JP,〒663-8141,JP-2720,0798-31-3590,af_mukodan955_info@anytimefitness.jp,西宮市 (ムコダンモール店)
5133,51.86787,6.03143,Heerbaan 264,,Millingen,Gelderland,NL,6566 EX,NL-1152,+31 481 200 004,millingen@anytimefitness.nl,Millingen
5134,-33.91902,150.88402,"Shop 51, 90 Cartwright Avenue",,Miller,New South Wales,AU,2168,AU-1443,(02) 87118813,miller@anytimefitness.com.au,Miller
5135,52.02703,-0.78993,1 Benbow Court,,Milton Keynes,South East,GB,MK5 6JG,UK-0145,01908410388,miltonkeynes@anytimefitness.co.uk,Milton Keynes
5136,1.48175,103.65576,"Lot F30A, 1st Floor, Aeon Bukit Indah Shopping Centre, No. 8, Jalan Indah 15/2, Bukit Indah,",,Iskandar Puteri,Johor,MY,79100,MY-0023,,AeonBukitIndah@anytimefitness.my,Aeon Bukit Indah
5137,32.209856,-80.725747,45 Pembroke Dr.,,Hilton Head Island,South Carolina,US,29926,5506,843-802-0100,HiltonHeadIslandSC@anytimefitness.com,Hilton Head Island
5138,34.14246,-118.25225,300 E Colorado St,,Glendale,California,US,91205,4309,818-584-7700,GlendaleCa@anytimefitness.com,Glendale
5139,-19.30848,146.73129,86 Thuringowa Drive,,Thuringowa Central,Queensland,AU,4817,AU-1239,0499113007,kirwan@anytimefitness.com.au,Kirwan
5140,-33.38423,148.00619,131-135 Rankin Street,,Forbes,New South Wales,AU,2871,AU-1462,02 6851 5400,forbes@anytimefitness.com.au,Forbes
5141,47.56595,-122.00548,4524 Klahanie Dr SE,,Sammamish,Washington,US,98029,3825,(425) 395-7248,IssaquahWA@anytimefitness.com,Sammamish
5142,14.35215,121.06191,"Level 2 236 Robinsons Galleria South, KM 31 National Highway, Brgy. Nueva, San Pedro Laguna",,San Pedro,Laguna,PH,4023,PH-0135,"0962 825 7294 , 0969 164 3309",RobinsonsSanPedro@anytimefitness.ph,"Robinsons San Pedro, Laguna"
5143,45.02901,-75.63169,309 Colonnade Dr,,Kemptville,Ontario,CA,K0G 1J0,3140,613 258 2121,KemptvilleON@anytimefitness.ca,Kemptville
5144,-39.63015,176.83073,105 Pakowhai Road,,Hastings,Hawkes Bay,NZ,4120,NZ-1059,06 2117549,hastings@anytimefitness.co.nz,Hastings
5145,33.62223,130.41997,東区箱崎3-36-16,,福岡市,福岡県,JP,〒812-0053,JP-2747,092-633-6900,af_hakozaki982_info@anytimefitness.jp,福岡市 (箱崎店)
5146,40.24126,-83.33857,15570 US 36 E,,Marysville,Ohio,US,43040,3004,(937) 707-3494,MarysvilleOH@anytimefitness.com,Marysville
5147,34.4744,135.43001,和気町4-24-8 1F,,和泉市,大阪府,JP,〒594-0073,JP-1695,0725-99-8045,af_izumiwake683_info@anytimefitness.jp,和泉市 (和泉和気店)
5148,-33.63727,151.3298,681 Barrenjoey Road,,Avalon,New South Wales,AU,2107,AU-1203,0437929233,avalon@anytimefitness.com.au,Avalon
5149,42.60888,-89.66682,301 6th Ave W,,Monroe,Wisconsin,US,53566,2226,(608) 325-2222,MonroeWI@anytimefitness.com,Monroe
5150,35.8498,139.89953,流山9-800-2,,流山市,千葉県,JP,〒270-0164,JP-2955,04-7136-7586,af_nagareyama1166_info@anytimefitness.jp,流山市 (流山店)
5151,41.49523,2.03668,"Carrer de les Basses, 37",,Rubí Barcelona,Catalonia,ES,08191,SP-0079,620 554 317,rubi@anytimefitness.es,Rubí (Barcelona)
5152,-33.76883,150.68738,2/69 York Road,,Penrith,New South Wales,AU,2750,AU-1158,0291356250,penrith@anytimefitness.com.au,Penrith
5153,43.344386,-79.878368,10 Mallard Trail,,Waterdown,Ontario,CA,L0R 2H1,5445,905 690 9494,WaterdownON@anytimefitness.ca,Waterdown
5154,41.71238,-72.83936,188 Main St,,Farmington,Connecticut,US,06032,3362,(860) 470-5110,FarmingtonCT@anytimefitness.com,Farmington
5155,51.42168,-0.21018,13-19 Wimbledon Hill Road,,London (Wimbledon),Greater London,GB,SW19 7NE,UK-0488,020 8143 3447,wimbledon@anytimefitness.co.uk,London (Wimbledon)
5156,32.89382,-97.53868,252 Park Pl,,Azle,Texas,US,76020,3861,(817) 406-4776 ,AzleTX@anytimefitness.com,Azle
5157,47.7164,-116.89235,900 N Hwy 41,,Post Falls,Idaho,US,83854,503,(208) 773-5900,PostFallsID@anytimefitness.com,Post Falls
5158,14.46009,120.99501,3rd. Floor Metrostar Mall Aguirre St. Barangay BF Homes,,Paranaque,Metro Manila,PH,,PH-0011,02 8340179,BFHomes@anytimefitness.ph,Paranaque (BF Homes)
5159,50.84404,5.72621,Raadhuisstraat 4,,Maastricht,Limburg,NL,6226 GM,NL-1011,+31 (0) 85 77 33 410,maastricht@anytimefitness.nl,Maastricht
5160,14.66789,121.0336,2nd Floor Q Plaza Mindanao Ave Cor Congressional Ave,,Quezon City,Metro Manila,PH,,PH-0019,02 7382409,Congressional@anytimefitness.ph,Congressional
5161,42.58477,-87.81873,611 56th St,,Kenosha,Wisconsin,US,53140,512,(262) 612-3155,KenoshaWI@anytimefitness.com,Kenosha (56th St)
5162,14.52265,120.99016,"Ayala Malls Manila Bay, Asean Ave cor Macapagal blvd. Brgy, Tambo",,Paranaque,Metro Manila,PH,1701,PH-0168,,AyalaMallsManilaBay@anytimefitness.ph,Ayala Malls Manila Bay
5163,51.59388,-0.26404,42 Capitol Way,,London (Colindale),Greater London,GB,NW9 0AW,UK-0413,020 3475 3475,colindale@anytimefitness.co.uk,London (Colindale)
5164,14.64866,121.11569,"2nd Floor Ayala Arvo Mall, Marikina Heights",,Marikina,Rizal,PH,,PH-0068,02 7179614,AFMarikina@anytimefitness.ph,Marikina
5165,26.70916,-80.15006,6901 Okeechobee Blvd,,West Palm Beach,Florida,US,33411,4115,(561) 508-9393,WestPalmBeachFL@anytimefitness.com,West Palm Beach
5166,41.25057,-74.35343,62 Galloway Rd,,Warwick,New York,US,10990,3773,(845) 544-7727,WarwickNY@anytimefitness.com,Warwick
5167,-35.25068,149.13649,1/4-14 Woolley Street,,Dickson,Australian Capital Territory,AU,2602,AU-1104,0431 575 034,dickson@anytimefitness.com.au,Dickson
5168,14.55172,121.04442,"2/F Forbes Park, Forbestown Road, Burgos Circle, Bonifacio Global City",,Taguig,Metro Manila,PH,,PH-0020,+63 927 790 4082,burgoscircle@anytimefitness.ph,"BGC, Burgos Circle"
5169,41.32211,2.01066,Avinguda del Molí 1,,Gimnasio Viladecans,Catalonia,ES,Viladecans,SP-0078,680922106,viladecans@anytimefitness.es,Viladecans (Barcelona)
5170,13.82918,100.29687,TBD,,Bangyai,Nonthaburi,TH,,TH-0021,,Oasis.Ratchapruek@anytimefitness.co.th,Oasis Ratchapruek
5171,19.07419,-96.08831,"Boulevard Boca del Río-Antón Lizardo, Lote 1A. Fracc. Playa del conchal, CP 95264",,Alvarado,Veracruz,MX,95264,MX-1125,2292096011,riviera.ver@anytimefitness.com.mx,"Veracruz (Riviera, Ver)"
5172,52.25666,-1.16189,Regal Centre,,Daventry,East Midlands,GB,NN11 4DR,UK-0068,01327 640430,manager.daventry@anytimefitness.co.uk,Daventry
5173,33.58267,-7.61986,41 Boulevard Mohamed Zerktouni,,Zerktouni,Casablanca-Settat,MA,20250,MA-0006,+212(0)522274124,zerktouni@anytimefitness.ma,Zerktouni
5174,1.32154,103.95554,"Eastwood Centre, 20 Eastwood Rd, Singapore 486442",,Singapore,Central Singapore,SG,,SG-0187,,Eastwood@anytimefitness.sg,Eastwood Centre
5175,-36.36077,146.31076,6 Handley Street,,Wangaratta,Victoria,AU,3677,AU-1007,03 5722 2150,wangaratta@anytimefitness.com.au,Wangaratta
5176,35.70562,139.58346,吉祥寺東町1-11-18 Mビル B1F,,武蔵野市,東京都,JP,〒180-0002,JP-2935,0422-27-6812,af_kichijojihigashi1146_info@anytimefitness.jp,武蔵野市 (吉祥寺東町店)
5177,34.78389,135.49684,春日1-15-5 4F,,吹田市,大阪府,JP,〒565-0853,JP-1362,06-6836-7501,af_ryokuchi347_info@anytimefitness.jp,吹田市 (緑地公園店)
5178,47.589361,-117.563914,10511 W Aero Rd,,Spokane,Washington,US,99224,4594,509-624-2929,SpokaneWA2@anytimefitness.com,Spokane
5179,39.6542,-85.13859,1720 Western Ave.,,Connersville,Indiana,US,47331,1440,(765) 825-6171,ConnersvilleIN@anytimefitness.com,Connersville
5180,39.72554,-85.913,5971 W US-52,,New Palestine,Indiana,US,46163,3360,(317) 861-8451,NewPalestineIN@anytimefitness.com,New Palestine
5181,19.16303,-96.10826,"Boulevard Adolfo Ruíz Cortines No. 1228, Fraccionamiento Sutsem, Boca del Río, Veracruz.",,Boca del Río,Veracruz,MX,94294,MX-1124,2292441499,ruizcortines.ver@anytimefitness.com.mx,Veracruz (Ruíz Cortines)
5182,-34.3091,148.28454,Shop 3 / 327 Boorowa Street,,Young,New South Wales,AU,2594,AU-1399,02 6382 2332,young@anytimefitness.com.au,Young
5183,42.42933,14.27114,Via Nazionale Adriatica Nord 58,,Francavilla al Mare,Chieti,IT,66023,IT-0037,0854911063,francavilla@anytimefitness.it,Francavilla al Mare
5184,41.278061,-73.781333,8 Triangle Center,,Yorktown Heights,New York,US,10598,5486,914-582-6089,YorktownHeightsNY@anytimefitness.com,Yorktown Heights
5185,-34.44401,150.87185,"Building 17, 2 Drummond Street",,Spring Hill,New South Wales,AU,2500,AU-1173,02 4226 5078,figtree@anytimefitness.com.au,Spring Hill
5186,14.24721,121.04704,"Westborough Town Centre, South Blvd., Silang",,Westborough Town Center,Cavite,PH,,PH-0130,0928-425-2455,WestboroughTownCenter@anytimefitness.ph,Westborough Town Centre
5187,-33.78962,150.66893,"Level 3, 33 Town Terrace (above Service NSW), Glenmore Park Town Centre",,Glenmore Park,New South Wales,AU,2745,AU-1574,0493 754 616,glenmorepark@anytimefitness.com.au,Glenmore Park
5188,35.06103,-80.96198,855 Gold Hill Rd,,Fort Mill,South Carolina,US,29708,629,(803) 802-9091,FortMillSC@anytimefitness.com,Fort Mill
5189,34.15203,-86.84073,1845 Patriot Way SW,,Cullman,Alabama,US,35055,3859,(256) 841-6500,CullmanAL@anytimefitness.com,Cullman
5190,28.64114,77.3599,"3rd Floor, Plot No. 1075, Orange County",,Ghaziabad,Uttar Pradesh,IN,201014,IN-1023,+919990563330,indirapuram.ghaziabad@anytimefitness.in,"Ghaziabad, Indirapuram"
5191,37.39976,140.35329,桑野1-21-9 1-2F,,郡山市,福島県,JP,〒963-8025,JP-1618,024-983-0905,af_koriyamakuwano604_info@anytimefitness.jp,郡山市 (郡山桑野店)
5192,39.52141,-86.1595,50 N State Road 135,,Bargersville,Indiana,US,46106,3944,(317) 422-4766,BargersvilleIN@anytimefitness.com,Bargersville
5193,-37.65076,145.08547,"Shop T2.6 central South Morang, 338-342 McDonalds Road",,South Morang,Victoria,AU,3752,AU-1189,0481300521,southmorang@anytimefitness.com.au,South Morang
5194,45.426743,-75.680139,261-281 Laurier Ave E,,Ottawa,Ontario,CA,K1N 6P7,4270,613 680 0147,OttawaON12@anytimefitness.ca,Ottawa
5195,34.76005,135.52873,高浜町16 1-2F,,吹田市,大阪府,JP,〒564-0026,JP-2535,06-6170-1500,af_suitatakahama770_info@anytimefitness.jp,吹田市 (吹田高浜店)
5196,42.06989,-72.01038,479 E Main St,,Southbridge,Massachusetts,US,01550,2883,(774) 402-8300,SouthbridgeMA@anytimefitness.com,Southbridge
5197,37.50695,127.07966,서울특별시 송파구 백제고분로 101,,서울 잠실본동,서울,KR,05570,KR-0002,+8224231321,info@anytimefitness.co.kr,서울 잠실본동
5198,-41.29491,174.7838,20 Kent Terrace,,Wellington,Wellington,NZ,6011,NZ-1060,04 8015867,kent.terrace@anytimefitness.co.nz,Kent Terrace
5199,26.25881,127.74806,字我如古384 1F,,宜野湾市,沖縄県,JP,〒901-2214,JP-2901,098-943-4431,af_ganeko1112_info@anytimefitness.jp,宜野湾市 (宜野湾我如古店)
5200,-37.91126,144.61528,"Harpley Town Centre, 2 Bradfield St",,Werribee,Victoria,AU,3030,AU-1668,0475 919 761,harpley@anytimefitness.com.au,Harpley
5201,33.06306,-97.03469,1490 Valley Rdg Blvd,,Lewisville,Texas,US,75077,3962,(469) 510-8896,LewisvilleTX@anytimefitness.com,Lewisville
5202,-33.82304,151.19502,Part Ground Floor and 1st Floor,,St Leonards,New South Wales,AU,2065,AU-1041,02 9439 1550,stleonards@anytimefitness.com.au,St Leonards
5203,34.94821,135.71713,南区久世東土川町19 1F,,京都市,京都府,JP,〒601-8204,JP-1685,075-874-3151,af_kuze673_info@anytimefitness.jp,京都市 (久世店)
5204,51.53126,-0.11749,Unit 2 The Nido Building,,London,Greater London,GB,N1 9JP,UK-0003,0207 0431800,kingscross@anytimefitness.co.uk,London (Kings Cross)
5205,6.13126,-75.40098,KM 4 Via Llanogrande,,Llanogrande,Antioquia,CO,201-203,CO-0004,3124594979,llanogrande@anytimefitness.com.co,Llanogrande
5206,29.882112,-90.098217,1625 Barataria Blvd,,Marrero,Louisiana,US,70072,4429,504-605-1200,NewOrleansLA9@anytimefitness.com,Marrero (Westbank Expressway)
5207,33.52619,-82.07077,341 Furys Ferry Rd,,Martinez,Georgia,US,30907,24,(706) 364-2447,MartinezGA@anytimefitness.com,Martinez
5208,49.46688,-119.5862,103-2695 Skaha Lake Road,,Penticton,British Columbia,CA,V2A 6E9,3668,+1 (778) 559-1946,PentictonBC@anytimefitness.ca,Penticton
5209,52.29075,-1.53862,"76-86 The Parade,",,Leamington Spa,West Midlands,GB,CV32 4DA,UK-0512,,leamingtonspa@anytimefitness.co.uk,Leamington Spa
5210,35.67789,139.6142,高井戸西1-1ｰ32,,杉並区,東京都,JP,〒168ｰ0071,JP-3052,03-5941-7212,af_takaido1262_info@anytimefitness.jp,杉並区 (高井戸店)
5211,1.31305,103.87864,301 Geylang Road #04-01,,Geylang Central,South East,SG,389344,SG-0108,+65 8688 6268,GeylangCentral@anytimefitness.sg,Geylang Central
5212,39.774717,-75.7108,702 Lantana Dr,,Hockessin,Delaware,US,19707,3930,(302) 239-4800,HockessinDE@anytimefitness.com,Hockessin
5213,35.6868,139.69314,西新宿3-2-9,,新宿区,東京都,JP,〒160ｰ0023,JP-3031,03-5990-5081,af_shinjukuwh1241_info@anytimefitness.jp,新宿区 (新宿ワシントンホテル店)
5214,35.54034,139.59692,新栄町13-7,,横浜市都筑区,神奈川県,JP,〒224-0035,JP-3056,045-577-0992,af_nakamachidaitsuzuki1266_info@anytimefitness.jp,横浜市 (仲町台都筑インター店)
5215,1.31027,103.88243,"100 Guillemard Road, #01-08",,Singapore,South East,SG,399718,SG-0090,+6591057038,Guillemard@anytimefitness.sg,Guillemard
5216,44.48867,-80.05054,1263 Mosley St,,Wasaga Beach,Ontario,CA,L9Z 1A5,2951,(705) 429-2384,WasagaBeachON@anytimefitness.ca,Wasaga Beach
5217,-35.10305,138.55413,10 / 217 Pimpala Rd,,Woodcroft,South Australia,AU,5162,AU-1052,83813770,woodcroft@anytimefitness.com.au,Woodcroft
5218,35.4738,139.42438,さがみ野1-3-7 2F,,座間市,神奈川県,JP,〒252-0005,JP-2797,046-240-1547,af_sagamino1028_info@anytimefitness.jp,座間市 (さがみ野店)
5219,21.19829,-101.69142,"Calzada Lomas del Molino 825, 37138 El Molino Residencial, Gto.",,León,Guanajuato,MX,37138,MX-1162,4771087190,elmolino.leon@anytimefitness.com.mx,León (El Molino)
5220,41.76016,-93.633686,1300 NW 36th St,,Ankeny,Iowa,US,50023,544,(515) 965-8844,AnkenyIA@anytimefitness.com,Ankeny
5221,30.85318,-83.94967,2734 E. Pinetree Blvd,,Thomasville,Georgia,US,31792,1695,(229) 226-6643,ThomasvilleGA@anytimefitness.com,Thomasville
5222,33.38998,-96.95213,770 S Hwy 377,,Pilot Point,Texas,US,76258,3358,(940)-686-0659,PilotPointTX@anytimefitness.com,Pilot Point
5223,34.938952,-81.039308,199 S. Cherry Rd,,Rock Hill,South Carolina,US,29730,5600,839-274-8316,rockhillsouthcherrysc@anytimefitness.com,Rock Hill (South Cherry)
5224,-6.97482,110.41773,"Jl. Pemuda No.27-31, Pandansari, Kec. Semarang Tengah Kota Semarang Jawa Tengah",,Semarang,Jakarta,ID,50132,ID-0063,,QueenCityMallSemarang@anytimefitness.id,Queen City Mall Semarang
5225,36.41928,140.53256,西光地3-1-9-1 1F,,ひたちなか市,茨城県,JP,〒312-0058,JP-1506,029-212-8063,af_hitachinaka497_info@anytimefitness.jp,ひたちなか市 (ひたちなか店)
5226,31.11318,-92.06591,812 Tunica Dr E,,Marksville,Louisiana,US,71351,603,(318) 240-8010,MarksvilleLA@anytimefitness.com,Marksville
5227,60.50729,-151.16708,42115 Kalifornsky Beach Rd,,Soldotna,Alaska,US,99669,3895,(907) 600-2690,SoldotnaAK@anytimefitness.com,Soldotna
5228,44.14875,-79.88611,130 Young St,,Alliston,Ontario,CA,L9R 1P8,3587,(705) 435-7772,AllistonON@anytimefitness.ca,Alliston
5229,48.44334,-122.34349,205 W Stewart Rd,,Mt Vernon,Washington,US,98273,2129,(360) 873-8377,MtVernonWA@anytimefitness.com,Mt Vernon
5230,51.54087,-0.2866,82 Beresford Ave,,London (Alperton),Greater London,GB,HA0 1TB,UK-0426,02030 625979,alperton@anytimefitness.co.uk,London (Alperton)
5231,7.1014,125.6327,2F SM Lanang Premier JP Laurel Avenue Lanang,,Davao City,Davao,PH,8000,PH-0159,,SMLanang@anytimefitness.ph,SM Lanang
5232,36.027312,-78.841951,1517 Glenn School Rd,,Durham,North Carolina,US,27704,5330,(919) 251-5152,DurhamNC2@anytimefitness.com,Durham
5233,30.639057,-97.818838,2021 Kauffman Loop,,Liberty Hill,Texas,US,78628,5439,512-243-8175,LibertyHillTX2@anytimefitness.com,Liberty Hill (Twelve Oaks)
5234,1.31427,103.75869,"3151 Commonwealth Avenue, West #03-01",,Singapore,South West,SG,,SG-0050,+65 8869 2174,AFClementiCity@anytimefitness.sg,Clementi City
5235,41.22474,-73.71354,720 N Bedford Rd,,Bedford Hills,New York,US,10507,3925,(914) 648-0055,BedfordHillsNY@anytimefitness.com,Bedford Hills
5236,41.52509,-75.95173,809 Hunter Hwy,,Tunkhannock,Pennsylvania,US,18657,3610,(570) 445-4135,TunkhannockPA@anytimefitness.com,Tunkhannock
5237,36.95557,140.04539,下厚崎264-62 1F,,那須塩原市,栃木県,JP,〒325-0025,JP-1735,0287-73-8184,af_kuroiso723_info@anytimefitness.jp,那須塩原市 (黒磯店)
5238,39.71839,-121.79586,2499 Forest Ave,,Chico,California,US,95928,3726,(530) 636-2424,ChicoCA@anytimefitness.com,Chico
5239,34.77275,135.51835,朝日が丘町30-21 2F,,吹田市,大阪府,JP,〒564-0083,JP-2697,06-6155-4610,af_suitaasahi933_info@anytimefitness.jp,吹田市 (吹田朝日が丘店)
5240,35.76928,139.64497,田柄2-53-11 下赤塚鈴木ビル 2F,,練馬区,東京都,JP,〒179-0073,JP-2767,03-6909-8706,af_shimoakatsuka1001_info@anytimefitness.jp,練馬区 (下赤塚店)
5241,45.334902,-118.056725,10701 S Walton Rd,,Island City,Oregon,US,97850,2764,(541) 663-0300,LaGrandeOR@anytimefitness.com,Island City
5242,35.11046,-106.60762,3301 Menaul Blvd NE,,Albuquerque,New Mexico,US,87107,3612,(505) 296-0000,AlbuquerqueNM3@anytimefitness.com,Albuquerque
5243,41.63257,2.17713,Carrer Barcelones 20,,Caldes de Montbui,Catalonia,ES,08140,SP-0101,605896696,caldesdemontbui@anytimefitness.es,Caldes de Montbui
5244,41.68719,-93.805275,255 SW Brookside Dr,,Grimes,Iowa,US,50111,4642,(515) 300-9262,GrimesIA@anytimefitness.com,Grimes
5245,-33.96707,151.10952,124 Forest Road,,Hurstville,New South Wales,AU,2220,AU-1171,0491 640 895,hurstville@anytimefitness.com.au,Hurstville
5246,35.0407801,-79.00081,951 Strickland Bridge Rd,,Fayetteville,North Carolina,US,28304,4659,910-425-2542,FayettevilleNC2@anytimefitness.com,Fayetteville
5247,32.56654,-97.35381,412 FM-1187,,Crowley,Texas,US,76036,3606,(817) 297-4113,CrowleyTX@anytimefitness.com,Crowley
5248,38.56923,-92.24128,3220 W Edgewood Dr,,Jefferson City,Missouri,US,65109,2237,(573) 659-4763,JeffersonCityMO@anytimefitness.com,Jefferson City
5249,-37.87687,144.61682,Manor Lake Central Shopping Centre,,Wyndham Vale,Victoria,AU,3024,AU-1525,0448 886 333,wyndhamvale@anytimefitness.com.au,Wyndham Vale
5250,26.59874,-81.81184,9861 Bernwood Pl Dr,,Fort Myers,Florida,US,33966,3905,(239) 931-0983,FortMyersFL4@anytimefitness.com,Fort Myers (Six Mile Cypress)
5251,35.40132,136.93544,鵜沼西町3-309 1F,,各務原市,岐阜県,JP,〒509-0132,JP-1724,058-201-9166,af_unuma712_info@anytimefitness.jp,各務原市 (イオンタウン各務原鵜沼店)
5252,34.84171,135.49879,外院3-2-8,,箕面市,大阪府,JP,〒562-0026,JP-1240,072-734-6058,af_minoogein229_info@anytimefitness.jp,箕面市 (箕面外院店)
5253,28.25429,-81.48169,1713 Business Ctr Ln,,Kissimmee,Florida,US,34758,3837,(407) 978-6944,KissimmeeFL2@anytimefitness.com,Kissimmee
5254,26.73909,83.42499,"Maitri Mahal , Second Floor, Tukra Number 2, Mahadev Jharkhandi",,Gorakhpur,Uttar Pradesh,IN,273008,IN-1191,+91 9219854630,kunraghat.gorakhpur@anytimefitness.in,"Gorakhpur, Kunraghat, Uttar Pradesh"
5255,-33.73119,151.07997,258-264 Pennant Hills Road,,Thornleigh,New South Wales,AU,2120,AU-1777,0415 761 760,,Thornleigh
5256,34.98961,136.87508,清水が丘2-1006 1F,,知多市,愛知県,JP,〒478-0053,JP-2619,0562-57-1160,af_chita855_info@anytimefitness.jp,知多市 (知多店)
5257,34.897831,-120.435715,3400 Orcutt Rd,,Santa Maria,California,US,93455,2149,(805) 938-1300,OrcuttCA@anytimefitness.com,Santa Maria
5258,53.31263,-1.12931,"Unit 2, Sandy Lane Retail Park",,Worksop,East Midlands,GB,S80 1UJ,UK-0080,01909 212247,worksop@anytimefitness.co.uk,Worksop
5259,-6.29307,107.04432,"Esplanade Ave, Lambangjaya, Tambun Selatan, Bekasi Regency, West Java 17510",,West Java,Java,ID,17510,ID-0086,,LivingWorldGrandWisata@anytimefitness.id,Living World Grand Wisata
5260,3.07412,101.63308,"Level 6, Tower 1 Wisma MCIS, Jalan Barat",,Petaling Jaya,Selangor,MY,46200,MY-0118,+60 12 313 1046,wismamcispj@anytimefitness.my,Wisma MCIS PJ
5261,51.42579,4.32167,Ouwe Raedthuysplein 16,,Hoogerheide,Noord-Brabant,NL,4631 VX,NL-1034,+31 (0)16 42 01 203,hoogerheide@anytimefitness.nl,Hoogerheide
5262,-6.59523,106.80557,"Jl. Malabar 2 No.17A, Babakan, Kecamatan Bogor Tengah, Kota Bogor, Jawa Barat",,Bogor,Java,ID,16129,ID-0027,,LippoKeboenRayaBogor@anytimefitness.id,Lippo Keboen Raya Bogor
5263,46.52099,-114.11249,39 Stevensville Cutoff Rd.,,Stevensville,Montana,US,59870,3316,(406) 777-3345,StevensvilleMT@anytimefitness.com,Stevensville
5264,30.962043,-97.541503,701 Williams Rd,,Salado,Texas,US,76571,3151,(254) 947-1063,SaladoTX@anytimefitness.com,Salado
5265,32.76852,-92.39179,1006 Sterlington Hwy,,Farmerville,Louisiana,US,71241,3968,(318) 368-8083,FarmervilleLA@anytimefitness.com,Farmerville
5266,-33.75256,150.84942,6/197 Power St,,Glendenning,New South Wales,AU,2761,AU-1272,0456 618 630,glendenning@anytimefitness.com.au,Glendenning
5267,39.61278,-105.00617,1500 W Littleton Blvd,,Littleton,Colorado,US,80120,3700,(303) 794-4235,LittletonCO@anytimefitness.com,Littleton
5268,3.31742,101.53604,"Pusat Komersial Anggun City, 1, Jalan Anggun City 1, Taman Anggun, 48000 Rawang, Selangor, Malaysia",,Rawang,Selangor,MY,,MY-0119,,AnggunCityRawang@anytimefitness.my,Anggun City Rawang
5269,35.17904,-84.86524,20 25th St NW,,Cleveland,Tennessee,US,37311,4520,(423) 464-4434,ClevelandTN@anytimefitness.com,Cleveland
5270,19.38395,-99.1895,"Miguel Ángel, número 170,  Colonia Nonoalco  (Mixcoac),",,Ciudad de México,Ciudad de Mexico,MX,03700,MX-1091,5579605898,mixcoac.cdmx@anytimefitness.com.mx,Ciudad de México (Serviplaza Mixcoac)
5271,30.26294,-94.22147,139 N LHS Dr,,Lumberton,Texas,US,77657,2789,(409) 755-1000,LumbertonTX@anytimefitness.com,Lumberton
5272,1.57682,103.76985,"62, Jalan Jaya Putra 7/2, Bandar Jaya Putra, 81100",,Johor Bahru,Johor,MY,,MY-0120,,CrestAustin@anytimefitness.my,Crest Austin
5273,51.58215,5.18633,Almystraat 12,,Oisterwijk,Noord-Brabant,NL,5061 PA,NL-1198,+31 6 16 00 72 52,oisterwijk@anytimefitness.nl,Oisterwijk
5274,2.92008,101.63649,"Lot 3M-01, Level 3M, Persiaran Multimedia, Cyver II (Tamarind Square), Cyberjaya",,Tamarind Square,Selangor,MY,63000,MY-0035,,TamarindSquare@anytimefitness.my,Tamarind Square
5275,30.53202,-91.06088,11231 Lovett Rd,,Baton Rouge,Louisiana,US,70818,1646,(225) 456-5156,CentralLA@anytimefitness.com,Baton Rouge (Lovett Rd)
5276,28.5646,77.2408,"K-94, 2nd Floor, Lajpat Nagar-2",,New Delhi,Delhi,IN,110024,IN-1031,+919910057063,lajpatnagar.delhi@anytimefitness.in,"New Delhi, Lajpat Nagar"
5277,19.261,-99.61751,"Leona Vicario, número 386",,Metepec,Mexico,MX,52140,MX-1086,55 3522 7056,PlazaMayor.EDOMEX@anytimefitness.com.mx,Metepec (Plaza Mayor)
5278,45.81246,-88.0631,1078 S Stephenson Ave,,Iron Mountain,Michigan,US,49801,513,(906) 774-0000,IronMountainMI@anytimefitness.com,Iron Mountain
5279,34.23779,-77.87735,5060 New Centre Dr,,Wilmington,North Carolina,US,28403,3969,(910) 933-0101,WilmingtonNC@anytimefitness.com,Wilmington
5280,26.23676,127.76906,字内間549 西原グリーンセンター隣 1F,,中頭郡西原町,沖縄県,JP,〒903-0121,JP-2604,098-917-0627,af_nishiharagc840_info@anytimefitness.jp,西原町 (西原グリーンセンター店)
5281,41.63679,-88.20024,23859 W 135th St,,Plainfield,Illinois,US,60544,4326,(815) 782-2111,PlainfieldIL2@anytimefitness.com,Plainfield
5282,37.25783,-76.74097,5251 John Tyler Hwy,,Williamsburg,Virginia,US,23185,3636,(757) 903-4265,WilliamsburgVA@anytimefitness.com,Williamsburg
5283,26.32617,127.75738,伊平1-12-27 1F,,中頭郡北谷町,沖縄県,JP,〒904-0102,JP-2704,098-988-5170,af_chatan940_info@anytimefitness.jp,北谷町 (北谷店)
5284,-36.81866,174.61131,"Level 1, NorthWest Shopping Centre",,Auckland,Auckland,NZ,0814,NZ-1027,09 9488883,westgate@anytimefitness.co.nz,"Westgate, Auckland"
5285,36.72471,-76.29647,1501 Cedar Rd,,Chesapeake,Virginia,US,23322,3878,(757) 410-5522,ChesapeakeVA4@anytimefitness.com,Chesapeake
5286,41.82934,-71.49933,1577 Atwood Ave,,Johnston,Rhode Island,US,02919,2869,(401) 383-8889,JohnstonRI@anytimefitness.com,Johnston
5287,46.54538,-87.42143,1175 W Washington St,,Marquette,Michigan,US,49855,514,(906) 226-6000,MarquetteMI@anytimefitness.com,Marquette
5288,18.46574,-97.40901,Calle 22 Norte número 201,,Tehuacán,Puebla,MX,75750,MX-1131,2381229126,tehuacan.pue@anytimefitness.com.mx,Tehuacán (Zona Alta)
5289,45.7486,-87.0793,322 N Lincoln Rd,,Escanaba,Michigan,US,49829,516,(906) 233-0000,EscanabaMI@anytimefitness.com,Escanaba
5290,15.43637,120.63387,"Ayala Crescendo CJPM+GGX, Tarlac City, Tarlac",,Tarlac,Tarlac,PH,,PH-0234,,AyalaCresendoTarlac@anytimefitness.ph,Ayala Cresendo Tarlac
5291,34.37323,-92.82494,608 Martin Luther King Blvd,,Malvern,Arkansas,US,72104,953,(501) 467-8485,MalvernAR@anytimefitness.com,Malvern
5292,28.03382,-82.39293,9225 N 56th St,,Temple Terrace,Florida,US,33617,2182,(813) 425-5000,TempleTerraceFL@anytimefitness.com,Temple Terrace
5293,45.38827,-73.96271,88 Bd Don-Quichotte,,L'Île-Perrot,Quebec,CA,J7V 6L7,9900028,514 425 5225,ilePerrot@anytimefitness.quebec,L'Île-Perrot
5294,35.6987,139.63792,阿佐谷南1-11-1 ニューアド社ビル 1F,,杉並区,東京都,JP,〒166-0004,JP-1525,03-5913-7565,af_asagayas515_info@anytimefitness.jp,杉並区 (阿佐谷南店)
5295,36.77891,-76.58171,2999 Corporate Ln,,Suffolk,Virginia,US,23434,2429,(757) 809-3116,SuffolkVA@anytimefitness.com,Suffolk (Corporate Ln)
5296,18.1796,120.58791,"Valdez Center, Brgy 1, San Nicolas, Ilocos Norte",,Laoag,Ilocos Norte,PH,,PH-0235,,SanNicolas.IlocosNorte@anytimefitness.ph,"San Nicolas, Ilocos Norte"
5297,-35.03768,138.91839,121 Old Princes Highway,,Nairne,South Australia,AU,5252,AU-1667,0883880369,nairne@anytimefitness.com.au,Nairne
5298,32.13371,-94.80504,103 St. Paul St,,Henderson,Texas,US,75652,3064,(903) 392-2065,HendersonTX@anytimefitness.com,Henderson
5299,33.49396,-112.3377,12958 W Indian School Rd,,Litchfield Park,Arizona,US,85340,3912,(623) 935-2737,LitchfieldParkAZ@anytimefitness.com,Litchfield Park
5300,-33.28374,115.7417,10 The Promenade,,Australind,Western Australia,AU,6233,AU-1366,0477 607 788,australind@anytimefitness.com.au,Australind
5301,35.63033,139.72799,東五反田4-7-20　相生ビル 1F,,品川区,東京都,JP,〒141-0022,JP-1060,03-5795-2638,aftakanawadai56_info@anytimefitness.jp,品川区 (高輪台店)
5302,34.161012,-99.312958,4117 Hillcrest Plaza,,Vernon,Texas,US,76384,3997,(940) 489-2001,VernonTX@anytimefitness.com,Vernon
5303,28.61155,77.44098,"Commercial Complex, Aastha Greens Plot No. 3",,Greater Noida,Uttar Pradesh,IN,201009,IN-1151,+91 9999927171,4.greaternoida@anytimefitness.in,"Greater Noida, Sector 4"
5304,40.10853,-88.24428,109 W John St,,Champaign,Illinois,US,61820,4149,(217) 417-7169,ChampaignIL@anytimefitness.com,Champaign
5305,50.89957,6.0165,Streeperstraat 74,,Landgraaf,Limburg,NL,6371 GN,NL-1003,+ 31 (0) 85 77 39 911,landgraaf@anytimefitness.nl,Landgraaf
5306,35.76603,139.6958,前野町1-29-10 2F,,板橋区,東京都,JP,〒174-0063,JP-3011,03-5918-8962,af_maenocho1222_info@anytimefitness.jp,板橋区 (前野町店)
5307,52.085565,-106.622629,140-250 Hunter Rd.,,Saskatoon,Saskatchewan,CA,S7T 0Y4,4794,306 952 3111,SaskatoonSK5@anytimefitness.ca,Saskatoon (Stonebridge)
5308,33.75908,-118.08051,2920 Westminster Blvd,,Seal Beach,California,US,90740,1491,(562) 598-2100,SealBeachCA@anytimefitness.com,Seal Beach
5309,32.434884362,-96.9990979644,2410 FM 663,,Midlothian,Texas,US,76065,1293,(469) 612-3696,MidlothianTX@anytimefitness.com,Midlothian
5310,50.94699,5.80142,Wethouder Sangersstraat 4,,Beek,Limburg,NL,6191 NA,NL-1012,+31 (0) 85 77 31 479,beek@anytimefitness.nl,Beek
5311,42.19931,-85.59173,283 W Centre Ave,,Portage,Michigan,US,49024,1029,(269) 626-6820,PortageMI@anytimefitness.com,Portage
5312,32.16439,-90.13008,2799 Hwy 49 S,,Florence,Mississippi,US,39073,3802,(601) 398-4036,FlorenceMS@anytimefitness.com,Florence
5313,42.93917,-89.3859,845 Market St,,Oregon,Wisconsin,US,53575,866,(608) 835-7200,OregonWI@anytimefitness.com,Oregon
5314,45.50833,9.20463,Viale Sarca 80,,Milano,Milano,IT,20125,IT-0022,+39 3920200252,sarca@anytimefitness.it,Milano (Sarca)
5315,35.7864,139.67293,高島平1-79-12　シティプラザ西台 1F,,板橋区,東京都,JP,〒175-0082,JP-1194,03-6281-0686,afnishidai189_info@anytimefitness.jp,板橋区 (西台店)
5316,33.56673,-112.07299,111 E Dunlap Ave,,Phoenix,Arizona,US,85020,3951,(602) 883-7800,PhoenixAZ5@anytimefitness.com,Phoenix
5317,42.257818,-85.686158,6980 Stadium Dr,,Kalamazoo,Michigan,US,49009,1637,(269) 365-9855,KalamazooMI@anytimefitness.com,Kalamazoo
5318,30.13703,-94.01688,1067 N Main St,,Vidor,Texas,US,77662,2291,(409) 769-7767,VidorTX@anytimefitness.com,Vidor
5319,43.04993,-87.90767,1555 N Water St,,Milwaukee,Wisconsin,US,53202,2971,(414) 210-2598,MilwaukeeWI5@anytimefitness.com,Milwaukee
5320,-27.96474,153.41073,45-49 Nind Street,,Southport,Queensland,AU,4215,AU-1417,0411 069 947,southport@anytimefitness.com.au,Southport
5321,14.63901,121.03108,"Ground Floor, National Bookstore Commercial Center, Quezon Avenue",,Quezon City,Metro Manila,PH,,PH-0017,+63919 0897283,quezonavenue@anytimefitness.ph,Quezon City (Quezon Avenue)
5322,28.41244,77.05,"AVA Court, Chestnut St, Malibu Town",,Gurgaon,Haryana,IN,122018,IN-1071,+919090109050,47.gurgaon@anytimefitness.in,"Gurgaon, Sector-47"
5323,8.45518,124.6247,"2F North Wing SM City CDO Uptown, Mastersons Ave. cor. Gran Via st. Pueblo de Oro Business Park,",,Cagayan De Oro,Misamis Oriental,PH,9000,PH-0196,0917 687 8696,SMCityCDOUptown@anytimefitness.ph,CDO Uptown
5324,35.72301,139.7308,大塚5ｰ3ｰ13,,文京区,鳥取県,JP,〒112-0012,JP-3068,,af_shinotsuka1303_info@anytimefitness.jp,文京区 (新大塚)
5325,33.02426,-80.05646,431 St. James Ave,,Goose Creek,South Carolina,US,29445,3870,(843)-793-3646,GooseCreekSC@anytimefitness.com,Goose Creek
5326,48.00204,13.48409,Hauptstraße 12,,Vöcklamarkt,Upper Austria,AT,4870,AT-0010,+43 7682 42 809,voecklamarkt@anytimefitness.at,Vöcklamarkt
5327,34.978814,-81.064871,4124 Celanese Rd,,Rock Hill,South Carolina,US,29732,5343,803-558-5119,RockHillSC@anytimefitness.com,Rock Hill
5328,38.814987,-121.259815,3001 Stanford Ranch Rd,,Rocklin,California,US,95765,5174,(916) 435-7900,RocklinCA@anytimefitness.com,Rocklin
5329,28.66731,-82.1407,2221 W. County Rd. 48,,Bushnell,Florida,US,33513,2891,(352) 569-1015,BushnellFL@anytimefitness.com,Bushnell
5330,41.38145,2.0528,Rambla Marquesa de Castellbell 36,,Sant Feliu Barcelona,Catalonia,ES,08980,SP-0074,653513506,santfeliu@anytimefitness.es,Sant Feliu de Llobregat (Barcelona)
5331,40.5986,-74.32539,549 Inman Ave,,Colonia,New Jersey,US,07067,2053,(732) 882-1111,ColoniaNJ@anytimefitness.com,Colonia
5332,-27.44945,153.06897,50 Taylor Street,,Bulimba,Queensland,AU,4171,AU-1332,0428 591 817,bulimba@anytimefitness.com.au,Bulimba
5333,34.12356,-83.82772,5757 Old Winder Hwy,,Braselton,Georgia,US,30517,791,(770) 967-1296,BraseltonGA@anytimefitness.com,Braselton
5334,34.98445,-81.21589,916 E Liberty St,,York,South Carolina,US,29745,2717,(803) 372-9932,YorkSC@anytimefitness.com,York
5335,34.02508,131.00786,長府才川1-42-30 アクロスプラザ下関長府,,下関市,山口県,JP,〒752-0928,JP-2816,083-227-4676,af_chofu1047_info@anytimefitness.jp,下関市 (下関長府店)
5336,40.4106,-3.88619,Calle Isabel de Farnesio 2,,Boadilla del Monte,Madrid,ES,28660,SP-0103,,,Boadilla del Monte
5337,29.52669,-98.59745,9023 Huebner Rd,,San Antonio,Texas,US,78240,1288,210-596-4033,MedicalCenter@AnytimeFitness.com,San Antonio (Medical Center)
5338,24.56114,-81.7652,3104 Flagler Avenue,,Key West,Florida,US,33040,4177,(305) 741-7754,KeyWestFL@anytimefitness.com,Key West
5339,45.236611,-93.471385,8019 146th Ave NW,,Ramsey,Minnesota,US,55303,527,(763) 712-3445,RamseyMN@anytimefitness.com,Ramsey (Armstrong Blvd)
5340,35.52476,139.72604,川崎区池上新町2-1-1 TSUTAYA大師店 2F,,川崎市,神奈川県,JP,〒210-0832,JP-1313,044-874-6131,af_daishi306_info@anytimefitness.jp,川崎市 (大師店)
5341,35.70397,139.61896,荻窪5丁目26-9,,杉並区,東京都,JP,〒167-0051,JP-3027,03-6279-9501,af_ogikuboekimae1237_info@anytimefitness.jp,杉並区 (荻窪駅前店)
5342,36.15061,139.39866,上之2138 1F,,熊谷市,埼玉県,JP,〒360-0012,JP-2695,048-594-6835,af_kamino931_info@anytimefitness.jp,熊谷市 (フォルテ上之店)
5343,-37.80982,144.94895,"Tenancy R18, 185 Rosslyn Street",,West Melbourne,Victoria,AU,3003,AU-1605,0409001352,westmelbourne@anytimefitness.com.au,West Melbourne
5344,35.72755,139.57551,関町北2-29-12　 2F,,練馬区,東京都,JP,〒177-0051,JP-1185,03-6279-7562,afmusashizeki181_info@anytimefitness.jp,練馬区 (武蔵関店)
5345,33.56383,130.20232,前原東3-2-3 1F,,糸島市,福岡県,JP,〒819-1119,JP-1715,092-332-0031,af_maebaru703_info@anytimefitness.jp,糸島市 (前原店)
5346,34.1642258,-84.115243,1735 Buford Hwy,,Cumming,Georgia,US,30041,3769,(770) 844-9552,CummingGA4@anytimefitness.com,Cumming
5347,41.422187,-87.447325,10845 Maple Ln,,St. John,Indiana,US,46373,3320,(219) 365-2511,StJohnIN@anytimefitness.com,St. John
5348,19.05919,-98.29537,Av 5 de Mayo 1622 local 3 y 4 Col San Juan Aquihuac  San Andrés Cholula,,Cholula,Puebla,MX,72810,MX-1078,(222)8656457,cholula.pue@anytimefitness.com.mx,Puebla (Cholula)
5349,40.586062,-80.259074,2288 Brodhead Rd,,Aliquippa,Pennsylvania,US,15001,5318,724.302.3001,HopewellPA@anytimefitness.com,Aliquippa (Hopewell Township)
5350,1.28337,103.81252,"131 Jalan Bukit Merah, #01-1589/1591, Singapore 160131",,Singapore,South West,SG,160131,SG-0165,+65 8087 8131,BukitMerah@anytimefitness.sg,Bukit Merah
5351,14.5637,121.0219,"2nd Level SM Jazz Mall Residences, Metropolitan ave,  Nicanor Garcia, Bel-air Makati City.",,Makati,Metro Manila,PH,1232,PH-0157,"09454208316, 09205822693",SMJazz@anytimefitness.ph,SM Jazz  Mall Makati
5352,38.811232,-94.468853,913 W Foxwood Dr,,Raymore,Missouri,US,64083,1280,(816) 331-5040,RaymoreMO@anytimefitness.com,Raymore
5353,14.3852,120.97632,"SOMO VistaMall, Bacoor, Cavite",,Bacoor,Cavite,PH,,PH-0240,,SOMO.Molino@anytimefitness.ph,SOMO Molino
5354,23.40011,85.35672,"4th Floor, Sai Square",,Ranchi,Jharkhand,IN,834009,IN-1154,+916203685292,bariatu.ranchi@anytimefitness.in,"Ranchi, Bariatu"
5355,43.24125,-89.3425,615 S Main St,,De Forest,Wisconsin,US,53532,692,(608) 846-6868,DeforestWI@anytimefitness.com,De Forest
5356,33.74884,130.47283,花見東5-11-1,,古賀市,福岡県,JP,〒811-3112,JP-1261,092-410-0682,af_kogahanamie256_info@anytimefitness.jp,古賀市 (古賀花見東店)
5357,14.53536,120.98209,"104-H Ground Floor, Five E-Com Center, Mall of Asia Complex",,Pasay City,Metro Manila,PH,,PH-0016,0917-8427207,MOA@anytimefitness.ph,Pasay City (MOA)
5358,34.98255,137.0451,谷田町本林2-17-1 1F,,知立市,愛知県,JP,〒472-0015,JP-1649,0566-45-5422,af_chiryu638_info@anytimefitness.jp,知立市 (知立店)
5359,22.31219,114.17874,"Shop No. F42B, Oi Man Plaza, 60 Chung Hau Street",,Ho Man Tin,KOWLOON,HK,,HK-0032,+852 6121 0713,HoManTin@anytimefitness.hk,Ho Man Tin
5360,35.9731,-87.12919,7048 City Ctr Way,,Fairview,Tennessee,US,37062,3502,(615) 799-0200,FairviewTN@anytimefitness.com,Fairview
5361,50.83528,5.98487,Markt 5,,Simpelveld,Limburg,NL,6369 AH,NL-1015,+31 (0)85 77 31 765,simpelveld@anytimefitness.nl,Simpelveld
5362,33.17665,130.40262,三橋町柳河885 2F,,柳川市,福岡県,JP,〒832-0806,JP-2737,0944-85-7550,af_yanagawa972_info@anytimefitness.jp,柳川市 (柳川店)
5363,-36.23654,149.12634,108 Commissioner Street,,Cooma,New South Wales,AU,2630,AU-1017,02 64521522,cooma@anytimefitness.com.au,Cooma
5364,39.61622,-77.41685,130 Frederick Rd,,Thurmont,Maryland,US,21788,1425,(301) 271-0077,ThurmontMD@anytimefitness.com,Thurmont
5365,35.033837,-120.485668,180 Mary Ave,,Nipomo,California,US,93444,4505,805-723-0191,NipomoCA@anytimefitness.com,Nipomo
5366,-6.29232,106.78355,Menera FIF Jl. TB. Simatupang kav.15,,Jakarta,Jakarta,ID,12440,ID-0016,082123457307,Simatupang@anytimefitness.id,Simatupang
5367,48.77334,-122.44249,2219 Rimland Dr,,Bellingham,Washington,US,98226,4465,(360) 986-5600,BellinghamWA2@anytimefitness.com,Bellingham (Barkley)
5368,37.79699,-85.4244,131 Pkwy Dr,,Bardstown,Kentucky,US,40004,1399,(502) 348-2348,BardstownKY@anytimefitness.com,Bardstown
5369,39.64813,-77.15811,520 E Baltimore St,,Taneytown,Maryland,US,21787,4034,(240) 397-9580,TaneytownMD@anytimefitness.com,Taneytown
5370,28.46838,77.07464,"2nd Floor, Bestech Centre Point, A Block, Sushant Lok Phase I, Sector 43",,Gurgaon,Haryana,IN,122002,IN-1018,+919090109050,sushantlok.gurgaon@anytimefitness.in,"Gurgaon, Sushant Lok - 1"
5371,33.55588,130.37861,城南区神松寺2-1-10 2F,,福岡市,福岡県,JP,〒814-0121,JP-1719,092-407-1217,af_nagaocp707_info@anytimefitness.jp,福岡市 (長尾センタープラザ店)
5372,-33.83057,151.22019,124 Military Rd,,Neutral Bay,New South Wales,AU,2089,AU-1044,0460 331 272,neutralbay@anytimefitness.com.au,Neutral Bay
5373,50.92118,5.89054,Stationstraat 18,,Nuth,Limburg,NL,6361BH,NL-1208,+31 (0) 45 203 09 24,nuth@anytimefitness.nl,Nuth
5374,34.9738,-80.51691,837 E Roosevelt Blvd,,Monroe,North Carolina,US,28112,4238,(704) 766-8400,MonroeNC@anytimefitness.com,Monroe
5375,-6.23366,106.84795,"Jl. Tebet Barat IV No.20, RT.8/RW.2, Tebet Bar., Kec. Tebet",,Kota Jakarta Selatan,Jakarta,ID,,ID-0021,0821 2036 1976,SaranaSquare@anytimefitness.id,Sarana Square
5376,31.07447,-97.65482,560 E Central Texas Expy,,Harker Heights,Texas,US,76548,4046,(254) 393-0004,HarkerHeightsTX@anytimefitness.com,Harker Heights
5377,1.30494,103.83075,501 Orchard Road #05-13/14,,Wheelock Place,Central Singapore,SG,238880,SG-0129,,WheelockPlace@anytimefitness.sg,Wheelock Place
5378,36.35698,-92.3383,40 Plaza Way,,Mountain Home,Arkansas,US,72653,2559,(870) 580-0941,MountainHomeAR@anytimefitness.com,Mountain Home
5379,35.55253,139.73967,西糀谷3-38-1　2F,,大田区,東京都,JP,〒144-0034,JP-1172,03-6423-6526,afootorii164_info@anytimefitness.jp,大田区 (大鳥居店)
5380,40.645768,-83.608869,125 W Ohio St,,Kenton,Ohio,US,43326,4706,(567) 876-1344,KentonOH@anytimefitness.com,Kenton
5381,36.77634,-76.08562,3352 Princess Anne Rd,,Virginia Beach,Virginia,US,23456,3337,(757) 301-7800,VirginiaBeachVA7@anytimefitness.com,Virginia Beach (Landstown)
5382,35.14775,-101.87983,5610 Georgia St,,Amarillo,Texas,US,79110,3565,(806) 410-1140,AmarilloTX3@anytimefitness.com,Amarillo
5383,45.6310306,-94.2253204,809 10th Ave N,,Sartell,Minnesota,US,56377,4864,(320) 774-1820,SartellMN@anytimefitness.com,Sartell
5384,44.45317,-93.16032,618 Division St S,,Northfield,Minnesota,US,55057,85,(507) 650-0010,Northfield@anytimefitness.com,Northfield
5385,30.65186,-91.18139,2220 Church St.,,Zachary,Louisiana,US,70791,226,(225) 654-5577,Always@anytimefitness.com,Zachary
5386,14.61677,121.13577,2nd Floor Xentro Mall Mambugan,,Antipolo,Rizal,PH,,PH-0119,0966-698-2923,AFLowerAntipolo@anytimefitness.ph,Lower Antipolo
5387,30.40155,-97.85342,6911 N FM-620,,Austin,Texas,US,78732,2485,(512) 992-2524,AustinTX4@anytimefitness.com,Austin (Four Points)
5388,51.6479,0.05567,216 High Road,,London (Loughton),Greater London,GB,IG10 1ET,UK-0431,0207 183 9980,loughton@anytimefitness.co.uk,London (Loughton)
5389,44.60903,-79.45004,3315 Monarch Dr,,Orillia,Ontario,CA,L3V 7W7,2950,(705) 326-5111,OrilliaON@anytimefitness.ca,Orillia
5390,1.33441,103.88629,"601 MacPherson Road, #02-08, Grantral Mall, Grantral Complex, 368239",,East,South East,SG,368242,SG-0127,+65 9836 4087,GrantralComplex@anytimefitness.sg,Grantral Complex
5391,36.38073,140.41184,河和田町1-1 1F,,水戸市,茨城県,JP,〒311-4152,JP-1473,029-297-3012,af_mitoakatsuka460_info@anytimefitness.jp,水戸市 (水戸赤塚店)
5392,45.27296,-93.41754,5922 167th Ave NW,,Anoka,Minnesota,US,55303,4169,763-753-9270,AnokaMN@anytimefitness.com,Anoka (Rum River Plaza )
5393,40.093545,-83.017091,940 N High St,,Worthington,Ohio,US,43085,5259,614-597-1244,WorthingtonOH@anytimefitness.com,Worthington
5394,14.74847,121.03652,TBD,,Caloocan,Metro Manila,PH,,PH-0250,,MetroplazaVicasCamarin@anytimefitness.ph,Metroplaza Vicas Camarin
5395,41.4090931,-78.5597269,865 Million Dollar Hwy,,St. Marys,Pennsylvania,US,15857,4885,(814) 512-4119,StMarysPA@anytimefitness.com,St. Marys
5396,52.67155,4.84829,Middenweg 257-259,,Heerhugowaard,Noord-Holland,NL,1701 GC,NL-1112,+31 72 201 01 04,heerhugowaard@anytimefitness.nl,Heerhugowaard
5397,28.53506,77.21052,"D - 83, Main Market, Opp. Mother Dairy, Malviya Nagar",,New Delhi,Delhi,IN,110017,IN-1003,+917838640414,malviyanagar.delhi@anytimefitness.in,"New Delhi, Malviya Nagar"
5398,38.98483,-119.94262,212 Elks Point Rd,,Zephyr Cove,Nevada,US,89448,2378,(775) 580-7266,LakeTahoeNV@anytimefitness.com,Zephyr Cove
5399,33.01394,-96.53876,101 S Ballard St,,Wylie,Texas,US,75098,1191,(972) 461-1600,WylieTX@anytimefitness.com,Wylie
5400,41.582125,-73.030777,152 Chase Ave,,Waterbury,Connecticut,US,06704,3975,(203) 527-5670,WaterburyCT@anytimefitness.com,Waterbury
5401,35.45796,139.4267,大上2-1-1 MEGAドン・キホーテ綾瀬 1F,,綾瀬市,神奈川県,JP,〒252-1104,JP-2881,0467-81-7797,af_mayase1092_info@anytimefitness.jp,綾瀬市 (MEGAドン・キホーテ綾瀬店)
5402,51.75545,5.13008,Markt 54,,Wijk en Aalburg,Noord-Brabant,NL,4261 DC,NL-1126,+31 41 620 0006,wijkenaalburg@anytimefitness.nl,Wijk en Aalburg
5403,33.98782,-84.27021,8465 Holcomb Brg Rd,,Alpharetta,Georgia,US,30022,4047,(678) 585-6609,AlpharettaGA3@anytimefitness.com,Alpharetta (East Roswell/Johns Creek)
5404,-32.83507,151.35257,6/10 Darwin Street,,Cessnock,New South Wales,AU,2325,AU-1025,0400215614,cessnock@anytimefitness.com.au,Cessnock
5405,47.51561,-92.56165,5482 Mountain Iron Dr.,,Virginia,Minnesota,US,55792,40,(218) 749-8000,Virginia@anytimefitness.com,Virginia
5406,38.19442,-78.39376,5924 Seminole Trl,,Ruckersville,Virginia,US,22923,894,(434) 985-3523,RuckersvilleVA@anytimefitness.com,Ruckersville
5407,50.26258,-5.05447,Calenick Street,,Truro,South West,GB,TR1 2SF,UK-0153,01872 672412,truro@anytimefitness.co.uk,Truro
5408,33.22006,131.65932,明野東2-34-5 1-2F,,大分市,大分県,JP,〒870-0161,JP-2629,097-547-7406,af_oitaakeno865_info@anytimefitness.jp,大分市 (大分明野店)
5409,41.92669,-71.87615,62 Providence Pike,,Putnam,Connecticut,US,06260,2599,(860) 315-9012,PutnamCT@anytimefitness.com,Putnam
5410,26.424386,-81.812612,21740 S. Tamiami Trail,,Estero,Florida,US,33928,5447,(239) 444-8439,EsteroFL@anytimefitness.com,Estero
5411,36.43464,-99.40705,2122 Oklahoma Ave,,Woodward,Oklahoma,US,73801,4164,(580) 290-5141,WoodwardOK@anytimefitness.com,Woodward
5412,47.6992,-122.02778,23435 NE Novelty Hill Rd,,Redmond,Washington,US,98053,1594,(425) 898-1199,RedmondWA@anytimefitness.com,Redmond
5413,49.28926,-123.139,200 - 1015 Denman St,,Vancouver,British Columbia,CA,V6G 2M4,3804,778 379 2211,VancouverBC3@anytimefitness.ca,Vancouver
5414,34.70218,135.55979,城東区今福東2-14-12 2F,,大阪市,大阪府,JP,〒536-0002,JP-2612,06-6167-5895,af_imafukutsurumi848_info@anytimefitness.jp,大阪市 (今福鶴見店)
5415,35.57767,139.41978,忠生3-7-11 1F,,町田市,東京都,JP,〒194-0035,JP-2989,042-851-9031,af_shinmachidatadao1200_info@anytimefitness.jp,町田市 (新町田忠生店)
5416,42.9307,-88.83897,308 Washington St,,Fort Atkinson,Wisconsin,US,53538,1750,(920) 563-3070,FortAtkinsonWI@anytimefitness.com,Fort Atkinson
5417,41.100417,-73.548325,838 High Ridge Rd,,Stamford,Connecticut,US,06905,5067,203-388-8320,StamfordCT3@anytimefitness.com,Stamford
5418,33.97628,134.61574,大林町宮ノ本86-20 1F,,小松島市,徳島県,JP,〒773-0022,JP-2559,0885-34-9177,af_tokuohayashi794_info@anytimefitness.jp,小松島市 (徳島大林店)
5419,34.7025,135.62015,扇町7-12,,大東市,大阪府,JP,〒574-0033,JP-1229,072-800-3272,afsuminodo224_info@anytimefitness.jp,大東市 (住道店)
5420,52.13201,6.61298,Oudestraat 16,,Neede,Gelderland,NL,7161DW,NL-1009,+31 (0)545 200 222,neede@anytimefitness.nl,Neede
5421,36.4176964,-121.3202758,2209 H Dela Rosa Sr. St,,Soledad,California,US,93960,4650,831-237-5111,SoledadCA@anytimefitness.com,Soledad
5422,3.11872,101.61853,"Kelab Caesars 2, Jalan SS 2/67, SS 2, 47300 Petaling Jaya, Selangor, Malaysia",,Petaling Jaya,Selangor,MY,47300,MY-0086,,SS2@anytimefitness.my,Anytime fitness SS2
5423,41.95675,12.77326,"Via Nazionale Tiburtina, 126/134",,Tivoli,Roma,IT,00019,IT-0066,0774 1951006,tivoli@anytimefitness.it,Tivoli
5424,33.568887,-97.835722,1510 Hwy 59 N,,Bowie,Texas,US,76230,5018,940-240-2477,BowieTX@anytimefitness.com,Bowie
5425,1.33978,103.70672,"Jurong Point, 1 Jurong West Central 2",,Jurong Point,South West,SG,,SG-0076,,JurongPoint@anytimefitness.sg,Jurong Point
5426,49.956253,-97.195627,55 Waterford Green Commons,,Winnipeg,Manitoba,CA,R2R 2Z9,4941,431 275 9876,WinnipegMB7@anytimefitness.ca,Winnipeg (Maples)
5427,50.8826,5.98366,Akerstraat 108,,Heerlen-Centrum,Limburg,NL,6417 BN,NL-1031,+31 (0)45-2030000,heerlen-centrum@anytimefitness.nl,Heerlen-Centrum
5428,35.88365,-88.74713,13081 S. 1st St.,,Milan,Tennessee,US,38358,2481,(731) 613-2600,MilanTN@anytimefitness.com,Milan
5429,28.26444,-82.19041,7341 Gall Blvd,,Zephyrhills,Florida,US,33541,2963,(813) 395-5963,ZephyrhillsFL2@anytimefitness.com,Zephyrhills (Gall Blvd)
5430,14.55182,121.0274,"Level 2, Glorietta 5, Ayala Ave",,Makati,Metro Manila,PH,,PH-0044,09513119836,Glorietta5@anytimefitness.ph,Makati Glorietta
5431,46.71454,-117.17375,690 SE Bishop Blvd,,Pullman,Washington,US,99163,918,(509) 332-3100,PullmanWA@anytimefitness.com,Pullman
5432,3.08923,101.74002,"F-12, Jalan 1/76, G Village, Desa Pandan, 55100, Kuala Lumpur",,Kuala Lumpur,Kuala Lumpur,MY,55100,MY-0032,,GVillage@anytimefitness.my,G Village
5433,20.59108,-100.3293,Av. Prolongación Constituyentes Oriente #42 Local  17,,El Marqués,Querétaro,MX,76249,MX-1051,(442) 1199398,elmirador.qro@anytimefitness.com.mx,Querétaro (Mirador)
5434,38.58554,-121.28397,3161-3225 Zinfandel Dr,,Rancho Cordova,California,US,95670,2835,(916) 706-0090,RanchoCordovaCA@anytimefitness.com,Rancho Cordova (Zinfandel)
5435,-33.84316,151.20445,182 Blues Point Road,,McMahons Point,New South Wales,AU,2060,AU-1136,0460 966 691,mcmahonspoint@anytimefitness.com.au,McMahons Point
5436,28.52515,77.15667,"LGF -6&7, pocket-5, sector-B, Vasant Square Mall",,New Delhi,Delhi,IN,110070,IN-1077,"+918376006464, +918376006565",vasantkunj.delhi@anytimefitness.in,"New Delhi, Vasant Kunj, Delhi"
5437,40.03223,-111.73568,742 Highway 198,,Payson,Utah,US,84651,3891,(801) 400-6549,PaysonUT@anytimefitness.com,Payson
5438,15.13388,120.56824,Omnistellar Bldg. Block 29 Fil-Am Friendship High-Way,,Angeles City,Pampanga,PH,2009,PH-0201,,FriendshipHighway@anytimefitness.ph,Friendship Highway
5439,50.86183,6.00672,Heerlerbaan 273,,Heerlen,Limburg,NL,6418 CE,NL-1062,+31 45 203 0910,heerlerbaan@anytimefitness.nl,Heerlerbaan
5440,42.74667,-84.42672,2119 Haslett Rd,,Haslett,Michigan,US,48840,2453,(517) 977-1444,HaslettMI@anytimefitness.com,Haslett
5441,44.03494,-91.61782,975 Frontenac Dr,,Winona,Minnesota,US,55987,139,(507) 205-2880,Winona@anytimefitness.com,Winona
5442,35.21163,-101.90104,5747 W Amarillo Blvd,,Amarillo,Texas,US,79106,3473,(806) 513-2200,AmarilloTX2@anytimefitness.com,Amarillo
5443,22.51269,88.32925,"Magnum Aura, 53, Nilani Ranjan Avenue",,Kolkata,West Bengal,IN,700053,IN-1116,"+919330027001, +919330027004",newalipore.kolkata@anytimefitness.in,"Kolkata, New Alipore, West Bengal"
5444,-34.38136,150.89592,417 Princes Highway,,Corrimal,New South Wales,AU,2518,AU-1324,02 4285 9883,corrimal@anytimefitness.com.au,Corrimal
5445,-35.18565,149.13527,33/46 Hibberson Street,,Gungahlin,Australian Capital Territory,AU,2912,AU-1103,0428 988 005,gungahlin@anytimefitness.com.au,Gungahlin
5446,46.90276,-102.79513,620 19th St W,,Dickinson,North Dakota,US,58601,779,(701) 483-9747,DickinsonND@anytimefitness.com,Dickinson
5447,35.13759,136.9659,昭和区山手通5-22-3 1-2F,,名古屋市,愛知県,JP,〒466-0815,JP-1542,052-838-5570,af_yagoto529_info@anytimefitness.jp,名古屋市 (八事店)
5448,42.27337,-89.24239,506 N Elida St,,Winnebago,Illinois,US,61088,859,(815) 335-8222,WinnebagoIL@anytimefitness.com,Winnebago
5449,45.78135,-108.50441,2724 Montana Ave,,Billings,Montana,US,59101,1049,(406) 294-0170,BillingsMT2@anytimefitness.com,Billings (Montana Ave)
5450,1.3439,103.75336,"2 Bukit Batok Street 23, #01-03 , Connection",,Bukit Batok,South East,SG,659554,SG-0103,65 9787 5998,BukitBatokConnection@anytimefitness.sg,Bukit Batok Connection
5451,41.93151,12.5192,Viale Libia 152,,Roma,Roma,IT,00199,IT-0001,+390694809247,vialelibia@anytimefitness.it,Roma (Libia)
5452,40.28132,-86.04616,341 W Jefferson St,,Tipton,Indiana,US,46072,3694,(765) 408-0588,TiptonIN@anytimefitness.com,Tipton
5453,14.55392,121.04737,"Fort Bonifacio 2nd Level, Commercenter Bldg. 31st Street corner, 4th Ave",,Taguig,Metro Manila,PH,1630,PH-0142,0995 024 9763,4thAvenueBGC@anytimefitness.ph,4th Avenue BGC
5454,34.68176,134.98253,西区小山3-13-11 1-2F,,神戸市,兵庫県,JP,〒651-2144,JP-2775,078-939-6570,af_kobenishi1009_info@anytimefitness.jp,神戸市 (神戸西店)
5455,33.65796,130.43523,東区香椎浜4-8-2 1F,,福岡市,福岡県,JP,〒813-0016,JP-2953,092-692-2560,af_kashiihama1164_info@anytimefitness.jp,福岡市 (香椎浜店)
5456,39.9108,-80.74806,1410 Lafayette Ave,,Moundsville,West Virginia,US,26041,3505,(304) 810-0454,MoundsvilleWV@anytimefitness.com,Moundsville
5457,52.7878,6.11215,Woldpoort 3,,Steenwijk,Overijssel,NL,8331 KP,NL-1141,+31 521 200 002,steenwijk@anytimefitness.nl,Steenwijk
5458,35.53498,139.6915,南幸町1-7,,川崎市幸区,神奈川県,JP,〒212-0016,JP-3033,044-223-7413,af_kawasakinishiguchi1243_info@anytimefitness.jp,川崎市 (川崎西口店)
5459,45.82582,-108.46942,1509 Main St,,Billings,Montana,US,59105,831,(406) 839-9060,BillingsMT@anytimefitness.com,Billings (Main St)
5460,20.70699,-103.32704,"Calzada Independencia Norte, número 2175, Fraccionamiento Monumental",,Guadalajara,Jalisco,MX,44379,MX-1127,3326311643,estadio.gdl@anytimefitness.com.mx,Guadalajara (Estadio)
5461,35.24747,136.97592,鳥居松町6-34 1-2F,,春日井市,愛知県,JP,〒486-0844,JP-1739,0568-37-3325,af_kasugai727_info@anytimefitness.jp,春日井市 (春日井店)
5462,41.6478,-91.5451,458 Hwy 1 W,,Iowa City,Iowa,US,52246,1110,(319) 337-3100,WestIowaCityIA@anytimefitness.com,Iowa City
5463,35.74095,139.32538,本町89-1 1F,,福生市,東京都,JP,〒197-0022,JP-1690,042-513-7903,af_fussa678_info@anytimefitness.jp,福生市 (福生店)
5464,51.46351,5.63385,Hoofdstraat 95-97,,Helmond,Noord-Brabant,NL,5706 AK,NL-1076,+31 49 220 00 14,helmond@anytimefitness.nl,Helmond
5465,-37.79356,175.28514,19 Clarence Street,,Hamilton,Waikato,NZ,3204,NZ-1003,07 8390209,hamilton@anytimefitness.co.nz,Hamilton
5466,-27.38131,153.03037,"Building 3, 10 Banfield St",,Chermside,Queensland,AU,4032,AU-1400,0460 660 092,chermside@anytimefitness.com.au,Chermside
5467,1.27476,103.79419,44 Pasir Panjang Road Blocks A & B #01,,Singapore,South West,SG,118504,SG-0036,9839 6017,PasirPanjang@anytimefitness.sg,Pasir Panjang
5468,35.119,-78.88049,4251 Ramsey St,,Fayetteville,North Carolina,US,28311,4495,910-745-9081,FayettevilleNC@anytimefitness.com,Fayetteville
5469,-31.89466,116.03042,367 Great Eastern Hwy,,Midvale,Western Australia,AU,6056,AU-1301,0499 763 776,midvale@anytimefitness.com.au,Midvale
5470,1.44167,103.82485,#02-14 Sembawang Shopping Centre,,Singapore,North West,SG,758459,SG-0018,+65 9817 5045,Sembawang@anytimefitness.sg,Sembawang
5471,37.79177,-90.436711,759 Market St Ctr,,Farmington,Missouri,US,63640,2422,573-664-1445,FarmingtonMO@anytimefitness.com,Farmington
5472,34.71888,135.48066,淀川区十三本町1-7-27 サンポードシティ 3F,,大阪市,大阪府,JP,〒532-0024,JP-1279,06-6300-7128,af_juso277_info@anytimefitness.jp,大阪市 (十三店)
5473,-34.46119,150.8393,227 Princess Highway,,Unanderra,New South Wales,AU,2526,AU-1294,02 4272 1010,unanderra@anytimefitness.com.au,Unanderra
5474,21.86471,-102.29417,Av. José María Chavez #1209,,Aguascalientes,Aguascalientes,MX,20230,MX-1063,(449) 276 5948,olivosaguascalientes@anytimefitness.com.mx,Aguascalientes (Plaza Paseo Olivos)
5475,28.39687,-80.76603,2311 SR 524,,Cocoa,Florida,US,32926,3148,(321) 735-4815,CocoaFL@anytimefitness.com,Cocoa
5476,34.16223,131.44125,吉敷中東4-8-2 2F,,山口市,山口県,JP,〒753-0813,JP-2728,083-902-2767,af_yoshiki963_info@anytimefitness.jp,山口市 (山口吉敷店)
5477,45.779,4.85988,77-79 Boulevard de la Bataille de Stalingrad,,Villeurbanne,Auvergne-Rhône-Alpes,FR,69100,FR-1005,+33744892253,villeurbanne-tonkin-nord@anytimefitness.fr,Villeurbanne
5478,40.41508,-91.40152,123 Blvd Rd,,Keokuk,Iowa,US,52632,1315,(319) 524-3044,KeokukIA@anytimefitness.com,Keokuk
5479,14.57347,121.04913,"Unit 127-133 SMDC Light Residences, Madison",,Mandaluyong City,Metro Manila,PH,1550,PH-0094,,LightMall@anytimefitness.ph,Mandaluyong City (Light Residences)
5480,43.70347,7.28628,38 Rue Beaumont,,Nice,Provence Alpes Côte d’Azur,FR,06300,FR-1006,0766771701,nice-riquier@anytimefitness.fr,Nice
5481,32.521488,-95.411995,618 N. Main St.,,Lindale,Texas,US,75771,1062,(903) 882-0202,LindaleTX@anytimefitness.com,Lindale
5482,47.0037,-120.58331,2305 W Dolarway Rd,,Ellensburg,Washington,US,98926,1602,(509) 925-5445,EllensburgWA@anytimefitness.com,Ellensburg
5483,45.179518,-89.650954,3410 E Main St,,Merrill,Wisconsin,US,54452,5010,(715) 722-0046,MerrillWI@anytimefitness.com,Merrill
5484,,,,,TBD,Jalisco,MX,TBD,MX-1175,,,Zapopan (Capital Norte)
5485,29.99903,-90.06079,2141 Caton St,,New Orleans,Louisiana,US,70122,2659,(504) 309-9304,NewOrleansLA6@anytimefitness.com,New Orleans (Gentilly)
5486,37.42561,140.36924,八山田西5-29 1F,,郡山市,福島県,JP,〒963-8053,JP-1437,024-954-6205,af_yatsuyamada429_info@anytimefitness.jp,郡山市 (郡山八山田店)
5487,30.07619,-94.78184,2351 N Main St,,Liberty,Texas,US,77575,1477,(936) 336-5700,LibertyTX@anytimefitness.com,Liberty
5488,19.49076,-99.2268,"Vía Gustavo Baz, número 250, locales 1,2 y 3",,Estado de México,Ciudad de Mexico,MX,53310,MX-1077,5589718950,echegaray.cdmx@anytimefitness.com.mx,Estado de México (Echegaray)
5489,47.9967,-122.10258,25 95th Dr NE,,Lake Stevens,Washington,US,98258,948,(425) 334-1200,LakeStevensWA@anytimefitness.com,Lake Stevens
5490,,,"Avenida Guadalajara, #3743 L-17 y L-23, Fraccionamiento Sendas Residencial G3,",,Zapopan,Jalisco,MX,45138,MX-1174,,,Zapopan (La Cima)
5491,33.90294,130.93714,門司区柳町2丁目8-1 1F,,北九州市,福岡県,JP,〒800-0025,JP-2877,093-342-7395,af_moji1088_info@anytimefitness.jp,北九州市 (門司店)
5492,36.05074,140.13396,東2-30-5 2F,,つくば市,茨城県,JP,〒305-0046,JP-2890,029-875-4185,af_tsukubahigashi1101_info@anytimefitness.jp,つくば市 (つくば東店)
5493,-27.70833,153.09583,450 Chambers Flat Road,,Logan Reserve,Queensland,AU,4133,AU-1723,0427661353,loganreserve@anytimefitness.com.au,Logan Reserve
5494,41.77492,-88.44071,35 E Park Ave,,Sugar Grove,Illinois,US,60554,4388,(331) 227-4188,SugarGroveIL@anytimefitness.com,Sugar Grove
5495,35.32035,-97.50515,811 SW 19th St,,Moore,Oklahoma,US,73160,598,405-759-2551,Moore@anytimefitness.com,Moore
5496,34.80875,135.44506,石橋1-2-6,,池田市,大阪府,JP,〒563-0032,JP-2772,072-737-7255,af_ishibashi1006_info@anytimefitness.jp,池田市 (石橋阪大前店)
5497,35.75179,139.87812,柴又4-32-14　須原ビル 2F,,葛飾区,東京都,JP,〒125-0052,JP-1144,03-5876-8022,afn-shibamata134_info@anytimefitness.jp,葛飾区 (新柴又店)
5498,-33.88409,151.19287,1-9 Glebe Point Road,,Glebe,New South Wales,AU,2037,AU-1042,0488 036 870,glebe@anytimefitness.com.au,Glebe
5499,35.69534,139.45082,東2-5-17 フィル・パーク国立Ⅱ 1-3F,,国立市,東京都,JP,〒186-0002,JP-1471,042-505-4226,af_kunitachi466_info@anytimefitness.jp,国立市 (国立店)
5500,33.60922,130.44518,仲原2706 1F,,糟屋郡粕屋町,福岡県,JP,〒811-2304,JP-2771,092-292-1740,af_futamatase1005_info@anytimefitness.jp,粕屋町 (二又瀬店)
5501,34.99788,136.64804,東茂福町3-15 1-2F,,四日市市,三重県,JP,〒510-8011,JP-2627,059-329-7902,af_yokkaichitomida863_info@anytimefitness.jp,四日市市 (四日市富田店)
5502,-27.6806,153.11654,"Shop 10, 42-48 Bourke St",,Waterford West,Queensland,AU,4133,AU-1033,0448 128 313,waterford@anytimefitness.com.au,Waterford West
5503,-27.2611,153.02475,185 Brays Road,,Griffin,Queensland,AU,4503,AU-1567,0734871905,griffin@anytimefitness.com.au,Griffin
5504,36.34937,140.46429,米沢町381-1 1F,,水戸市,茨城県,JP,〒310-0847,JP-1544,029-306-9601,af_mitoyonezawa533_info@anytimefitness.jp,水戸市 (水戸米沢店)
5505,40.44642,-80.158,5470 Campbells Run Rd,,Pittsburgh,Pennsylvania,US,15205,2928,(412) 747-0101,RobinsonPA@anytimefitness.com,Robinson Township
5506,14.43701,120.90522,"1 Centennial Road , Tabon",,Kawit,Cavite,PH,4104,PH-0170,,RobertsonPlazaKawit@anytimefitness.ph,"Robertson Plaza, Kawit"
5507,38.70874,-93.22891,110 W 3rd St,,Sedalia,Missouri,US,65301,3810,(660) 281-8772,SedaliaMO@anytimefitness.com,Sedalia (Downtown)
5508,35.73159,139.54955,保谷町4‐1‐18,,西東京市,東京都,JP,〒202-0015,JP-3050,,af_nishitokyoyagisawa1260_info@anytimefitness.jp,西東京市 (西武柳沢店)
5509,-26.65835,153.09725,72 Kingsford Smith Parade,,Maroochydore,Queensland,AU,4558,AU-1089,07 5479 0133,maroochydore@anytimefitness.com.au,Maroochydore
5510,34.44516,133.26012,松永町5-10-11 1F,,福山市,広島県,JP,〒729-0104,JP-1659,084-939-5652,af_fukuyamamatsu648_info@anytimefitness.jp,福山市 (福山松永店)
5511,41.46942,2.06196,"Centro Comercial Mirasol. Plaza Ausiàs March, 1.",,Sant Cugat Barcelona,Catalonia,ES,08195,SP-0001,+34 676 507 903,santcugat@anytimefitness.es,Mirasol (Sant Cugat del Vallés)
5512,37.01368,-121.58454,755 1st St,,Gilroy,California,US,95020,2799,(408) 846-4222,GilroyCA@anytimefitness.com,Gilroy
5513,45.10388,-95.03943,1605 S 1st St,,Willmar,Minnesota,US,56201,31,(320) 441-2300,Willmar@anytimefitness.com,Willmar
5514,20.56251,-100.37281,"Boulevard Centro Sur, #40, Local 30",,Querétaro,Querétaro,MX,76074,MX-1171,4423509785,plazasur40@anytimefitness.com.mx,Querétaro (Centro Sur)
5515,30.44316,-91.18826,200 Government St,,Baton Rouge,Louisiana,US,70802,1860,(225) 636-2632,BatonRougeLA3@anytimefitness.com,Baton Rouge (Gov’t St)
5516,50.77697,5.70252,Kerkstraat 4,,Eijsden,Limburg,NL,6245 CB,NL-1061,+31 43 40 94 090,eijsden@anytimefitness.nl,Eijsden
5517,35.68964,139.89818,東瑞江1-19-1,,江戸川区,東京都,JP,〒132-0014,JP-1090,03-5664-6725,afmizue86_info@anytimefitness.jp,江戸川区 (瑞江店)
5518,29.66422,-98.63269,24165 Interstate Hwy 10 W,,San Antonio,Texas,US,78257,2301,210-314-1412,SanAntonioTX2@anytimefitness.com,San Antonio (I-Hwy 10 W)
5519,30.56737,-81.82712,450077 SR 200,,Callahan,Florida,US,32011,1211,(904) 879-2747,CallahanFL@anytimefitness.com,Callahan
5520,14.63387,121.01996,"325 Quezon Ave. Corner Roosevelt Ave, Brgy. Sta. Cruz",,"Fisher Mall, Quezon Avenue",Metro Manila,PH,,PH-0137,,FisherMallQuezonAve@anytimefitness.ph,"Fisher Mall, Quezon Avenue"
5521,36.16236,-86.51266,645 South Mt. Juliet Rd,,Mt. Juliet,Tennessee,US,37122,4098,(615) 754-0157,MtJulietTN2@anytimefitness.com,Mt. Juliet
5522,-6.11761,106.78907,"SEDAYU CITY SUITE LIFE, GROUND FLOOR, Jl. Sedayu City Klp. Gading Jl. Boulevard Timur",,Daerah Khusus Ibukota Jakarta,Jakarta,ID,,ID-0003,+62 838 90881737,pluit@anytimefitness.id,Daerah Khusus Ibukota Jakarta
5523,50.96751,5.76651,Raadhuisplein 24,,Stein,Limburg,NL,6171 JC,NL-1017,+31 6 28 92 85 50,Stein@anytimefitness.nl,Stein
5524,35.20479,-79.485598,110 Ivey Lane,,Pinehurst,North Carolina,US,28374,4800,910-365-9882,PinehurstNC@anytimefitness.com,Pinehurst
5525,41.91047,-87.68794,2412 W North Ave,,Chicago,Illinois,US,60647,3918,(773) 242-9550,ChicagoWickerPark@anytimefitness.com,Chicago
5526,-36.62837,174.73123,Corner Whangaparaoa and Beverley Roads,,Whangaparaoa,Auckland,NZ,0932,NZ-1028,09 947 5981,whangaparaoa@anytimefitness.co.nz,"Whangaparaoa, Auckland"
5527,1.2841,103.84849,22 Malacca Street Singapore 048980,,Singapore,Central Singapore,SG,048980,SG-0126,,RafflesPlace@anytimefitness.sg,Raffles Place
5528,40.8248,-77.81226,2351 Commercial Blvd,,State College,Pennsylvania,US,16801,3569,(814) 826-2631,StateCollegePA@anytimefitness.com,State College
5529,43.114362,-80.294474,360 Conklin Rd,,Brantford,Ontario,CA,N3T 0N5,5465,519-751-3338,WestBrantfordON3@anytimefitness.ca,Brantford
5530,-37.73117,144.95187,12 Lens Street,,Coburg North,Victoria,AU,3058,AU-1699,,,Pascoe Vale
5531,51.50959,-0.32508,77-83 The Broadway,,London (West Ealing),Greater London,GB,W13 9BP,UK-0452,0203 149 9380,westealing@anytimefitness.co.uk,London (West Ealing)
5532,41.61196,0.61841,"Lluis Companys, 2",,Lleida,Catalonia,ES,25003,SP-0070,690 688 882,lleida@anytimefitness.es,Lleida
5533,39.72045,2.91397,"Carrer des Barco, 31",,Inca Mallorca,Islas Baleares,ES,07300,SP-0084,637775727,inca@anytimefitness.es,Inca (Mallorca)
5534,-20.72757,139.49048,2 West Street,,Mount Isa,Queensland,AU,4825,AU-1406,0747490774,mountisa@anytimefitness.com.au,Mount Isa
5535,39.928203,-85.916522,13860 E 96th St,,McCordsville,Indiana,US,46055,5311,463.270.1070,McCordsvilleIN@anytimefitness.com,McCordsville
5536,14.63119,121.00269,"6th Floor, 86 Banawe St, Banawe",,Quezon City,Metro Manila,PH,,PH-0048,0939-221-5221,banawe@anytimefitness.ph,Banawe
5537,51.51332,-0.10224,1 Priory Court,,London,Greater London,GB,EC4 6DE,UK-0044,020 3137 6489,stpaulslondon@anytimefitness.co.uk,London (St Paul's)
5538,-38.09997,145.18609,113a Hall Rd,,Carrum Downs,Victoria,AU,3201,AU-1504,0481 369 671,carrumdowns@anytimefitness.com.au,Carrum Downs
5539,45.42743,-75.6907,96 George St,,Ottawa,Ontario,CA,K1N 5W1,3582,613 421 9523,OttawaON4@anytimefitness.ca,Ottawa
5540,22.37105,114.14174,"Shop 101A, On Yam Shopping Center, On Yam Estate,",,Kwai Chung,NEW TERRITORIES,HK,,HK-0040,+852 6121 1890,OnYam@anytimefitness.hk,On Yam
5541,41.9524,-72.78419,5-9 Bank St,,Granby,Connecticut,US,06035,3385,(860) 413-3737,GranbyCT@anytimefitness.com,Granby
5542,-37.82044,145.00383,8/53 Coppin Street,,Richmond,Victoria,AU,3121,AU-1181,03 9429 7218,richmond@anytimefitness.com.au,Richmond
5543,-27.31943,153.06979,27 Brighton Road,,Sandgate,Queensland,AU,4017,AU-1637,07 3269 4193,sandgate@anytimefitness.com.au,Sandgate
5544,33.89485,130.71404,若松区ひびきの北2-6 1-2F,,北九州市,福岡県,JP,〒808-0138,JP-2965,093-701-5125,af_hibikino1176_info@anytimefitness.jp,北九州市 (ひびきの店)
5545,39.89522,-80.17081,55 Sugar Run Rd,,Waynesburg,Pennsylvania,US,15370,3684,(724) 802-7980,WaynesburgPA@anytimefitness.com,Waynesburg
5546,53.79234,-1.54796,Unit 1,,Leeds,Yorkshire and The Humber,GB,LS11 5QS,UK-0025,01133 200109,leeds@anytimefitness.co.uk,Leeds (Bridgewater Place)
5547,14.4975,121.01305,"Town Corner Building 155 Armstrong Avenue corner E. Rodriguez, Brgy. Moonwalk",,Paranaque City,Metro Manila,PH,,PH-0099,0915 054 7262 / 0918 626 8422,Moonwalk@anytimefitness.ph,Moonwalk
5548,3.10272,101.6846,"Lots 211-215B, Podium Block, Faber Towers 58100",,Taman Desa,Kuala Lumpur,MY,58100,MY-0008,0379717970,TamanDesa@anytimefitness.my,Taman Desa
5549,1.34275,103.95304,"3 Simei Street 6, #03-25 to 26,  Eastpoint Mall",,Singapore,South East,SG,528833,SG-0060,+65 8128 0375,Eastpoint@anytimefitness.sg,Eastpoint Mall
5550,51.77981,5.93367,Hoflaan 3,,Groesbeek,Gelderland,NL,6561 AV,NL-1016,+31 24 20 20 953,groesbeek@anytimefitness.nl,Groesbeek
5551,30.42016,-95.49852,12501 Canyon Falls Blvd,,Willis,Texas,US,77318,4162,(936) 701-5097,WillisTX@anytimefitness.com,Willis
5552,51.69548,4.87381,Hoofdstraat 8 - 10,,Raamsdonksveer,Noord-Brabant,NL,4941 DC,NL-1177,+31 16 2210222,raamsdonksveer@anytimefitness.nl,Raamsdonksveer
5553,,,,,Badalona,Catalonia,ES,08000,SP-0116,,,Badalona
5554,40.40316,-82.44829,1417 Coshocton Ave,,Mount Vernon,Ohio,US,43050,3002,(740) 602-0864,MountVernonOH@anytimefitness.com,Mount Vernon
5555,29.28947,-94.83581,5938 Broadway St,,Galveston,Texas,US,77551,2885,(409) 443-5544,GalvestonTX@anytimefitness.com,Galveston
5556,21.338,-158.07794,563 Farrington Hwy,,Kapolei,Hawaii,US,96707,3517,(808) 600-9719,KapoleiHI@anytimefitness.com,Kapolei
5557,33.447826,-79.551977,415 Brooks Rd.,,Andrews,South Carolina,US,29510,5454,(843) 630-6061,AndrewsSC@anytimefitness.com,Andrews
5558,39.20365,-122.00303,1023 Bridge St,,Colusa,California,US,95932,5426,(530) 458-1669,ColusaCA@anytimefitness.com,Colusa
5559,30.2115,-95.75161,18355 FM-1488,,Magnolia,Texas,US,77354,4035,(346) 703-2181,MagnoliaTX@anytimefitness.com,Magnolia
5560,30.50081,-90.34384,44200 LA-445,,Robert,Louisiana,US,70455,4466,985-662-3732,RobertLA@anytimefitness.com,Robert
5561,-33.80763,151.08695,998 Victoria Road,,West Ryde,New South Wales,AU,2114,AU-1219,02 9808 3309,westryde@anytimefitness.com.au,West Ryde
5562,4.6212,-74.0674,Carrera 7 #33-91,,Bogota,Bogotá D.C.,CO,110311,CO-0001,,centrointernacional.bogota@anytimefitness.com.co,Bogota
5563,-43.4967,172.60743,7 Winston Ave,,Christchurch,Canterbury,NZ,8053,NZ-1022,03 352 6050,papanui@anytimefitness.co.nz,"Papanui, Christchurch"
5564,39.56695,2.6592,"Pérez Galdós, 9 y 9A",,Foners Palma de Mallorca,Islas Baleares,ES,07006,SP-0066,603264326,foners@anytimefitness.es,Foners (Mallorca)
5565,-37.87208,145.14762,619 High Street,,Mount Waverley,Victoria,AU,3149,AU-1053,0424 429 600,mountwaverley@anytimefitness.com.au,Mount Waverley
5566,39.9257,-86.0692,9546 Allisonville Rd,,Indianapolis,Indiana,US,46250,3176,(317) 577-4348,FishersIN@anytimefitness.com,Indianapolis (Fishers)
5567,16.4292,120.5949,"Hotel Supreme Mall & Event Center, Baguio City",,Baguio City,Benguet,PH,2600,PH-0209,,HotelSupremeBaguio@anytimefitness.ph,Hotel Supreme Baguio
5568,41.96422,-91.71342,3140 16th Ave SW,,Cedar Rapids,Iowa,US,52404,2613,(319) 899-7447,SWCedarRapidsIA@anytimefitness.com,Cedar Rapids (16th Avenue SW)
5569,42.77837,-89.26598,821 Brown School Rd,,Evansville,Wisconsin,US,53536,3567,(608) 882-5644,EvansvilleWI@anytimefitness.com,Evansville
5570,36.79339,-121.66526,17547 Vierra Canyon Rd,,Prunedale,California,US,93907,3578,(831) 663-9377,PrunedaleCA@anytimefitness.com,Prunedale
5571,49.18389,-123.13523,4151 Hazelbridge Way,,Richmond,British Columbia,CA,V6X 4J7,3599,778 297 2582,RichmondBC@anytimefitness.ca,Richmond
5572,42.87776,-83.59585,10293 S Saginaw Rd,,Grand Blanc,Michigan,US,48439,1577,(810) 694-6003,GrandBlancMI@anytimefitness.com,Grand Blanc
5573,-33.89584,150.95487,Unit 8/169-173 Hume Highway,,Cabramatta,New South Wales,AU,2166,AU-1488,02 9728 1080,cabramatta@anytimefitness.com.au,Cabramatta
5574,39.14361,-84.36585,7247 Wooster Pike,,Mariemont,Ohio,US,45227,3251,(513) 340-7269,MariemontOH@anytimefitness.com,Mariemont
5575,-6.94052,107.68158,"2mww+2m4, Cisaranten Kidul, Gedebage,",,Bandung,Java,ID,10410,ID-0033,,SummareconMallBandung@anytimefitness.id,Summarecon Mall Bandung
5576,35.42276,139.66531,中区本牧原17-2 TKKビル 2F,,横浜市,神奈川県,JP,〒231-0821,JP-2995,045-211-6705,af_honmokuyamate1206_info@anytimefitness.jp,横浜市 (本牧山手店)
5577,43.61104,-111.10891,375 Larkspur Ave,,Victor,Idaho,US,83455,5446,208-787-9675,VictorID@anytimefitness.com,Victor
5578,45.63338,-73.79919,20 Blvd Bouthillier,,Rosemère,Quebec,CA,J7A 4B4,9900008,450 818 5998,rosemere@anytimefitness.quebec,Rosemère
5579,-6.28145,106.63655,"Jl. BSD Raya Utama, Lengkong Kulon, Kec. Pagedangan, Kabupaten Tangerang, Banten 15331",,Banten,Tangerang,ID,15331,ID-0031,,QBIGBSD@anytimefitness.id,QBig BSD
5580,29.9434,-82.11359,448 W Madison St,,Starke,Florida,US,32091,2492,(904) 964-3488,StarkeFL@anytimefitness.com,Starke
5581,30.00516,-90.19723,5200 Veterans Hwy,,Metairie,Louisiana,US,70006,160,(504) 218-4814,metairiela@anytimefitness.com,Metairie
5582,37.08629,-97.04104,2127 N Summit St,,Arkansas City,Kansas,US,67005,2721,(620) 307-6566,ArkansasCityKS@anytimefitness.com,Arkansas City
5583,43.90733,-78.811546,1414 King St E,,Courtice,Ontario,CA,L1E 3B4,5416,905 404 0050,courtice@anytimefitness.ca,Courtice
5584,-37.9835,145.13239,"Shop 8-10, 79 Centre Dandenong Road",,Dingley Village,Victoria,AU,3820,AU-1530,0466 971 802,dingleyvillage@anytimefitness.com.au,Dingley Village
5585,-32.71549,151.5277,"Shop 11-12, 15 North Mall",,Rutherford,New South Wales,AU,2320,AU-1049,02 4931 9785,rutherford@anytimefitness.com.au,Rutherford
5586,22.38842,113.97545,"Shop N124, Ground Floor, Zone N, H.A.N.D.S, Tuen Mun 新界屯門 H.A.N.D.S.愛定商場N區G樓N124號鋪",,Tuen Mun,NEW TERRITORIES,HK,,HK-0023,+852 66282212,OnTing@anytimefitness.hk,On Ting
5587,7.439,125.79947,"East side, National Highway (South Main Street), kilometer 54, Visayan Village",,Tagum,Davao del Norte,PH,8100,PH-0228,(0906) 365.5381,TagumApokonRoad@anytimefitness.ph,Tagum KM 54
5588,28.694,77.13,"Building No. 15, Shakti Vihar",,New Delhi,Delhi,IN,110034,IN-1041,+919810048153,shaktivihar.delhi@anytimefitness.in,"New Delhi, Shakti Vihar"
5589,39.91995,-76.62995,3117 Cape Horn Rd,,Red Lion,Pennsylvania,US,17356,2147,(717) 246-2420,RedLionPA@anytimefitness.com,Red Lion
5590,-32.40961,115.75737,22 Clarkshill Rd.,,Secret Harbour,Western Australia,AU,6173,AU-1495,08 9524 9444,secretharbour@anytimefitness.com.au,Secret Harbour
5591,51.22882,5.31723,Tuinstraat 2,,Lommel (België),Limburg,BE,3920,NL-1093,+32 11 92 21 23,lommel@anytimefitness.be,Lommel (België)
5592,45.5051,-75.67536,2-705 Rue Davidson Ouest,,Gatineau,Quebec,CA,J8R 2T1,9900018,819 663 2224,montee.paiement@anytimefitness.quebec,Gatineau
5593,35.6622,140.17259,和良比269-13 1F,,四街道市,千葉県,JP,〒284-0044,JP-2683,043-497-4198,af_yotsukaido919_info@anytimefitness.jp,四街道市 (四街道店)
5594,45.42627,-75.71956,119 Rue Wellington,,Gatineau,Quebec,CA,J8X 2J1,3811,819 777 2348,GatineauQC@anytimefitness.quebec,Gatineau
5595,33.24604,131.66122,高松東3-1-4 1-2F,,大分市,大分県,JP,〒870-0916,JP-1757,097-585-5358,af_oitatakamatsu745_info@anytimefitness.jp,大分市 (大分高松店)
5596,34.04204,132.97671,別名206-1 2F,,今治市,愛媛県,JP,〒794-0065,JP-2646,0898-35-3560,af_imabaribetsu882_info@anytimefitness.jp,今治市 (今治別名店)
5597,28.09392,-82.77155,679 Alderman Rd,,Palm Harbor,Florida,US,34683,1165,(727) 266-4126,PalmHarborFL2@anytimefitness.com,Palm Harbor (Crystal Beach)
5598,-33.8927,151.18495,99 King Street,,Newtown,New South Wales,AU,2042,AU-1293,02 9519 7948,newtown@anytimefitness.com.au,Newtown
5599,51.80693,4.57002,Narvikstraat 1,,Puttershoek,Zuid-Holland,NL,3297 AM,NL-1083,+31 78 20 20 303,puttershoek@anytimefitness.nl,Puttershoek
5600,45.43313,-75.77846,213 Boul des Grives,,Gatineau,Quebec,CA,J9A 0C7,4705,819 776 3483,GatineauQC2@anytimefitness.quebec,Gatineau
5601,34.72753,135.29513,東灘区本庄町1-8-13　オルテンシアKOBE 1F,,神戸市,兵庫県,JP,〒658-0012,JP-1023,078-431-8081,afkobe-kounan19_info@anytimefitness.jp,神戸市 (神戸甲南山手店)
5602,-37.71349,144.62925,"2 Sadie Av,",,Thornhill Park,Victoria,AU,3335,AU-1712,0459 183 838,thornhillpark@anytimefitness.com.au,Thornhill Park
5603,40.45467,-122.28854,2700 Balls Ferry Rd,,Anderson,California,US,96007,4105,530-776-4541,AndersonCA@anytimefitness.com,Anderson
5604,45.46435,-75.7179,81 Boulevard de la Gappe,,Gatineau,Quebec,CA,J8T 0B5,9900002,819 246 8185,lagappe@anytimefitness.quebec,Gatineau
5605,44.935119,-92.373317,725 Energy Street,,Baldwin,Wisconsin,US,54002,4725,715-688-9413,BaldwinWI@anytimefitness.com,Baldwin
5606,31.67695,-106.40856,Paseo de la Victoria #7003,,Ciudad Juárez,Chihuahua,MX,32528,MX-1116,6565833644,paseovictoria.cdj@anytimefitness.com.mx,Ciudad Juárez (Paseo de la Victoria)
5607,-32.77746,151.62781,"Unit 2, Thornton Supa Centre",,Thornton,New South Wales,AU,2322,AU-1168,02 49662111,thornton@anytimefitness.com.au,Thornton
5608,32.2348,-95.22886,601 Hwy 110 N,,Whitehouse,Texas,US,75791,2494,(903) 871-3220,WhitehouseTX@anytimefitness.com,Whitehouse
5609,41.83557,-96.46659,235 N. Oakland Ave,,Oakland,Nebraska,US,68045,2777,(402) 685-4011,OaklandNE@anytimefitness.com,Oakland
5610,14.57698,120.98979,Agoncillo St. Corner Pedro Gil St.,,Manila,Metro Manila,PH,,PH-0204,,PedroGil@anytimefitness.ph,Pedro Gil
5611,-38.17487,144.57844,6 Torno Court,,Drysdale,Victoria,AU,3222,AU-1491,0408230583,drysdale@anytimefitness.com.au,Drysdale
5612,-33.953,150.85559,1956 Camden Valley Way,,Edmondson Park,New South Wales,AU,2171,AU-1380,02 98265273,edmondsonpark@anytimefitness.com.au,Edmondson Park
5613,51.65707,-0.27934,Unit 1CA Borehamwood Shopping Park,,Borehamwood,Greater London,GB,WD6 4PR,UK-0436,020 3814 7025,borehamwood@anytimefitness.co.uk,Borehamwood
5614,33.40677,130.65497,甘木372-3 1F,,朝倉市,福岡県,JP,〒838-0068,JP-1664,0946-23-9191,af_asakuraamagi653_info@anytimefitness.jp,朝倉市 (朝倉甘木店)
5615,53.84493,-1.55081,"Unit B, Moor Allerton Centre",,Leeds,Yorkshire and The Humber,GB,LS17 5NY,UK-0234,0113 4931247,leedsmoorallerton@anytimefitness.co.uk,Leeds (Moor Allerton)
5616,-34.04242,150.73935,2 Maxwell Place,,Narellan,New South Wales,AU,2567,AU-1542,02 4648 5770,narellan@anytimefitness.com.au,Narellan
5617,-38.16207,144.30578,4-46 Province Boulevard,,Highton,Victoria,AU,3216,AU-1498,0408657376,highton@anytimefitness.com.au,Highton
5618,51.53257,-0.02908,62 & 64 Vernon Road,,London ,Greater London,GB,E3 5GS,UK-0284,0203 7453211,bow@anytimefitness.co.uk,London (Bow)
5619,26.40401,127.73648,字上地205-1 1F,,中頭郡読谷村,沖縄県,JP,〒904-0321,JP-2568,098-923-0420,af_yomitankita804_info@anytimefitness.jp,読谷村 (イオンタウン読谷座喜味店)
5620,31.38736,130.86964,寿3-8 1-2F,,鹿屋市,鹿児島県,JP,〒893-0014,JP-1408,0994-45-5822,af_kanoya403_info@anytimefitness.jp,鹿屋市 (鹿屋店)
5621,35.64664,138.55597,国母1-21-13 1F,,甲府市,山梨県,JP,〒400-0043,JP-1480,055-225-5260,af_kofukokubo468_info@anytimefitness.jp,甲府市 (甲府国母店)
5622,35.02926,-97.94868,1211 W Grand Ave,,Chickasha,Oklahoma,US,73018,1285,(405) 224-5100,ChickashaOK@anytimefitness.com,Chickasha
5623,43.06602,-77.35287,515 Sampson Dr,,Macedon,New York,US,14502,3809,(315) 986-4380,MacedonNY@anytimefitness.com,Macedon
5624,-38.18648,144.45441,Tenancy G061  621/659 Bellarine Hwy,,Leopold,Victoria,AU,3224,AU-1414,0400172499,leopold@anytimefitness.com.au,Leopold
5625,54.9641,-1.6021,200 The High Street,,Gateshead,North East,GB,NE8 1AQ,UK-0052,0191 580 2 247,gateshead@anytimefitness.co.uk,Gateshead
5626,-33.91897,150.92507,Westfield Liverpool Shop 6B,,Liverpool,New South Wales,AU,2170,AU-1076,02 9601 3862,liverpool@anytimefitness.com.au,Liverpool
5627,35.7156,140.0468,習志野台4-48-21 1F,,船橋市,千葉県,JP,〒274-0063,JP-2731,047-404-7138,af_narashinodai966_info@anytimefitness.jp,船橋市 (習志野台店)
5628,35.71341,139.70217,高田馬場4-11-10 VORT高田馬場briller 2F,,新宿区,東京都,JP,〒169-0075,JP-2961,03-6279-3615,af_takadanobaba1172_info@anytimefitness.jp,新宿区 (高田馬場店)
5629,43.723651,-111.111885,39 W Little Ave,,Driggs,Idaho,US,83422,494,(208) 354-9675,DriggsID@anytimefitness.com,Driggs
5630,-6.1912,106.83868,"Jalan Cikini Raya No.75, Cikin Menteng, Cikini",,Jakarta,Jakarta,ID,,ID-0014,0859 5403 4419,Cikini@anytimefitness.id,Cikini
5631,41.9757,2.81708,Emili Grahit 3,,Girona,Catalonia,ES,17002,SP-0029,+34 689018464,girona@anytimefitness.es,Girona
5632,41.31947,-72.24329,17 Liberty Way,,Niantic,Connecticut,US,06357,2190,(860) 691-1611,EastLymeCT@anytimefitness.com,Niantic
5633,53.30536,-2.3755,First Floor,,Knutsford,North West,GB,WA16 6BQ,UK-0137,01565 765247,knutsford@anytimefitness.co.uk,Knutsford
5634,-33.86805,150.95601,"Level 1, Fairfield City Central Shopping Centre",,Fairfield,New South Wales,AU,2165,AU-1145,0466 228 345,fairfield@anytimefitness.com.au,Fairfield
5635,35.39333,-97.70288,216 N Mustang Mall Ter,,Mustang,Oklahoma,US,73064,589,(405) 256-6177,MustangOK@anytimefitness.com,Mustang
5636,36.61119,-121.90007,399 Lighthouse Ave,,Monterey,California,US,93940,4302,(831) 373-1234,MontereyCA@anytimefitness.com,Monterey
5637,36.95105,140.90408,小名浜字蛭川南5-3 2F,,いわき市,福島県,JP,〒971-8101,JP-1566,0246-68-7421,af_onahama546_info@anytimefitness.jp,いわき市 (いわき小名浜店)
5638,35.94459,139.33322,川角58-2 イオンタウン毛呂山 1F,,入間郡毛呂山町,埼玉県,JP,〒350-0436,JP-2851,049-299-8278,af_moroyama1062_info@anytimefitness.jp,入間郡毛呂山町 (イオンタウン毛呂山店)
5639,-37.82086,144.94941,"Shop 9B, Collins SQ",,Docklands,Victoria,AU,3008,AU-1256,0427 979 997,docklands@anytimefitness.com.au,Docklands
5640,35.91559,140.1197,藤代南2-14-1,,取手市,茨城県,JP,〒300-1516,JP-3043,0297-79-6044,af_fujishiro1253_info@anytimefitness.jp,取手市 (藤代店)
5641,1.34318,103.77599,"Bukit Timah Shopping Centre #B1-01, 170 Upper Bukit Timah Road",,Singapore,Central Singapore,SG,588179,SG-0032,+65 8129 0889,bukit.timah@anytimefitness.sg,Bukit Timah
5642,-35.35912,150.4743,1/114 Princes Hwy,,Ulladulla,New South Wales,AU,2539,AU-1326,02 44553471,ulladulla@anytimefitness.com.au,Ulladulla
5643,-37.80546,144.98633,164 Wellington Street,,Collingwood,Victoria,AU,3066,AU-1308,0479 103 066,collingwood@anytimefitness.com.au,Collingwood
5644,32.59885,-93.83899,5795 N Market St,,Shreveport,Louisiana,US,71107,1982,(318) 965-7700,ShreveportLA4@anytimefitness.com,Shreveport (N Market)
5645,38.79188,-123.01762,792 S Cloverdale Blvd,,Cloverdale,California,US,95425,3131,(707) 894-0700,CloverdaleCA@anytimefitness.com,Cloverdale
5646,30.02048,-95.10376,11511 FM-1960,,Huffman,Texas,US,77336,3897,(281) 324-3900,HuffmanTX@anytimefitness.com,Huffman
5647,37.11945,-93.47161,581 E Elm St,,Republic,Missouri,US,65738,904,(417) 732-5999,RepublicMO@anytimefitness.com,Republic
5648,38.87079,-121.29732,880 Sterling Parkway,,Lincoln,California,US,95648,4377,(916) 587-6100,LincolnCA@anytimefitness.com,Lincoln
5649,41.38746,2.12915,Carrer de Joan Güel 234,,Pedralbes Barcelona,Catalonia,ES,08028,SP-0002,626 30 04 21,pedralbes@anytimefitness.es,Pedralbes Centre (Barcelona)
5650,11.17814,125.00162,"3/F Nitro Fuel Station Commercial Bldg., Pan-Philippine Highway, Zone Gemini, Brgy. Pawing,",,Palo,Leyte,PH,6501,PH-0213,,Tacloban-Palo@anytimefitness.ph,Tacloban-Palo
5651,41.57367,-90.59375,5260 Northwest Blvd,,Davenport,Iowa,US,52806,977,(563) 445-2222,DavenportIA2@anytimefitness.com,Davenport
5652,-12.39846,130.85547,297 Bagot Road,,Coconut Grove,Northern Territory,AU,0810,AU-1748,0484 852 603,nightcliff@anytimefitness.com.au,Nightcliff
5653,37.662,-121.78133,1855 Holmes St,,Livermore,California,US,94550,3438,(925) 292-7196,LivermoreCA@anytimefitness.com,Livermore
5654,-12.44777,130.84132,40 Stuart Highway,,Darwin CBD,Northern Territory,AU,0820,AU-1150,0481 964 617,darwin@anytimefitness.com.au,Darwin CBD
5655,-37.98087,145.06289,146 Balcombe Road,,Mentone,Victoria,AU,3194,AU-1787,0490696974,mentone@anytimefitness.com.au,Mentone
5656,-32.15196,116.01582,176 Jull Street,,Armadale,Western Australia,AU,6112,AU-1395,08 9399 6923,armadale.wa@anytimefitness.com.au,Armadale
5657,13.14728,123.75259,"Space Nos. 306-313 Level 3, Ayala Malls Legazpi, Rizal St., Brgy. Capantawan",,Legazpi City,Albay,PH,4500,PH-0188,,AyalaMallsLegazpi@anytimefitness.ph,Ayala Malls Legazpi
5658,35.69544,139.7381,市谷田町2-17　八重洲市谷ビル B1,,新宿区,東京都,JP,〒162-0843,JP-1195,03-6265-0666,afichigaya182_info@anytimefitness.jp,新宿区 (市ヶ谷店)
5659,43.48276,-111.9692,1615 S Midway Ave,,Ammon,Idaho,US,83406,311,(208) 523-9675,AmmonID@anytimefitness.com,Ammon
5660,44.63797,-123.07152,2760 Pacific Blvd SE,,Albany,Oregon,US,97321,66,(541) 981-8552,Albany.OR@anytimefitness.com,Albany
5661,52.51188,-0.70116,"Block C, Rockingham Leisure Park",,Corby,East Midlands,GB,NN17 4AP,UK-0182,01536 609595,corby@anytimefitness.co.uk,Corby
5662,37.2908,-80.08073,35 Spartan Dr,,Salem,Virginia,US,24153,2739,(540) 375-2900,SalemVA@anytimefitness.com,Salem
5663,3.07132,101.56629,Tropicana Metropark,,Subang Jaya,Selangor,MY,,MY-0072,,TropicanaMetropark@anytimefitnesse.my,Southplace Tropicana Metropark Subang Jaya
5664,22.35958,114.13733,"Shop 701-6 7/F, Life@KCC, 72 Kwai Cheong Road",,Kwai Hing,NEW TERRITORIES,HK,,HK-0014,+852 6115 4826,KwaiHing@anytimefitness.hk,Kwai Hing
5665,-27.71842,153.20305,"Shop 24, First Floor, The Mall Beenleigh, Main Street",,Beenleigh,Queensland,AU,4207,AU-1593,(07) 3445 4015,beenleigh@anytimefitness.com.au,Beenleigh
5666,39.0936,-104.85909,1737 Lk Woodmoor Dr,,Monument,Colorado,US,80132,721,(719) 374-5821,MonumentCO@anytimefitness.com,Monument
5667,19.52319,-96.88312,"Calle Paseo de las Palmas, número 49-51,",,Xalapa,Veracruz,MX,91190,MX-1161,2282211004,jardinesdelasanimas.xal@anytimefitness.com.mx,Xalapa (Jardines de las Ánimas)
5668,1.36473,103.89248,"Hougang Community Club, 35 Hougang Ave 3",,Hougang CC,North East,SG,538840,SG-0081,+65 9771 6693,HougangCC@anytimefitness.sg,Hougang CC
5669,35.63646,140.09344,稲毛区小仲台2-2-18 エヌズビルⅡ 2F,,千葉市,千葉県,JP,〒263-0043,JP-1671,043-307-7965,af_inageekimae660_info@anytimefitness.jp,千葉市 (稲毛駅前店)
5670,40.28501,-79.38121,221 Colony Lane,,Latrobe,Pennsylvania,US,15650,2886,(724) 539-3675,LatrobePA@anytimefitness.com,Latrobe
5671,42.2405,-71.4329,309 Pond St,,Ashland,Massachusetts,US,01721,2564,(508) 881-4900,AshlandMA@anytimefitness.com,Ashland
5672,42.57157,-114.4596,562 Blue Lks Blvd N,,Twin Falls,Idaho,US,83301,1158,(208) 736-3881,TwinFallsID@anytimefitness.com,Twin Falls
5673,27.58556,-81.51567,906 US 27 S,,Avon Park,Florida,US,33825,2205,(863) 784-0478,AvonParkFL@anytimefitness.com,Avon Park
5674,39.67556,-80.85544,265 N State Rt 2,,New Martinsville,West Virginia,US,26155,4153,(304) 455-8900,NewMartinsvilleWV@anytimefitness.com,New Martinsville
5675,-33.88533,151.15719,55 Norton Street,,Leichhardt,New South Wales,AU,2040,AU-1247,02 9569 2457,leichhardt@anytimefitness.com.au,Leichhardt
5676,-33.8107,151.21031,135 Sailors Bay Road,,Northbridge,New South Wales,AU,2063,AU-1344,0466 409 875,northbridge@anytimefitness.com.au,Northbridge
5677,3.08178,101.5828,"Lot F20, First Floor, NU Empire Shopping Gallery, Jalan  SS16/1, SS16, 47500, Subang Jaya, Selangor,",,Subang Jaya,Selangor,MY,,MY-0029,,NUEmpire@anytimefitness.my,NU Empire
5678,43.95828,-78.31932,137 Toronto Rd,,Port Hope,Ontario,CA,L1A 3S6,2284,(905) 885-6500,PortHopeON@anytimefitness.ca,Port Hope
5679,45.26474,-92.98544,1432 S Lake St,,Forest Lake,Minnesota,US,55025,36,(651) 982-4583,ForestLake@anytimefitness.com,Forest Lake
5680,36.117679,-84.115906,1115 N Charles G Seivers Blvd,,Clinton,Tennessee,US,37716,4027,(865) 463-4455,ClintonTN@anytimefitness.com,Clinton
5681,41.18817,-87.1797,1334 15th St,,DeMotte,Indiana,US,46310,3037,(219) 987-7911,DemotteIN@anytimefitness.com,DeMotte
5682,40.21226,-92.58088,2002 N Baltimore St,,Kirksville,Missouri,US,63501,2576,(660) 956-0574,KirksvilleMO@anytimefitness.com,Kirksville
5683,27.49478,-82.60172,4001 Manatee Ave W,,Bradenton,Florida,US,34205,3730,(941) 216-3112,WestBradentonFL@anytimefitness.com,Bradenton West (4001 Manatee Avenue West)
5684,22.28992,114.20418,"Shop No.302 & 303 Harbour North Phase 1 , No.1 North Point Estate Lane",,Hong Kong,HONG KONG ISLAND,HK,,HK-0022,,NorthPoint@anytimefitness.hk,North Point
5685,40.89478,-85.51578,317 Hauenstein Rd,,Huntington,Indiana,US,46750,2100,(260) 358-0000,HuntingtonIN@anytimefitness.com,Huntington
5686,35.71659,139.45397,並木町2-6-4 1F,,国分寺市,東京都,JP,〒185-0005,JP-1401,042-313-8811,af_knamiki389_info@anytimefitness.jp,国分寺市 (国分寺並木町店)
5687,3.1968,101.5775,"SqWhere, Retail Office Block BA, Dataran Prestij SqWhere, Jalan Sungai Buloh, Seksyen U19,",,Shah Alam,Selangor,MY,40160,MY-0089,012-431 8244,SQWhere@anytimefitness.my,SQ Where Sungai Buloh
5688,47.12601,-122.29443,14312 Meridian Ave E,,Puyallup,Washington,US,98373,3647,(253) 268-3352,PuyallupWA@anytimefitness.com,Puyallup
5689,36.74317,-91.87503,1651 Gibson St,,West Plains,Missouri,US,65775,2838,(417) 255-2555,WestPlainsMO@anytimefitness.com,West Plains
5690,35.923768,-83.580653,1989 Winfield Dunn Pkwy,,Sevierville,Tennessee,US,37876,2650,(865) 365-1500,SeviervilleTN@anytimefitness.com,Sevierville
5691,34.43185,135.34191,澤567番1-4　 1-2F,,貝塚市,大阪府,JP,〒597-0062,JP-1247,072-493-3074,af_kaiduka236_info@anytimefitness.jp,貝塚市 (貝塚二色浜店)
5692,35.17093,-92.71853,20 Bruce St,,Morrilton,Arkansas,US,72110,4173,(501) 289-6534,MorriltonAR@anytimefitness.com,Morrilton
5693,-33.81895,151.12419,23 Buffalo Road,,Gladesville,New South Wales,AU,2111,AU-1218,0405611178,gladesville@anytimefitness.com.au,Gladesville
5694,22.36217,114.10338,"Shop 501B, 5/F, Cheng Fat Plaza, 6 Tam Kon Shan Road",,Tsing Yi,NEW TERRITORIES,HK,,HK-0030,+852 6121 3180,TsingYi@anytimefitness.hk,Tsing Yi
5695,-33.80354,151.13877,27-41 Magdala Road,,North Ryde,New South Wales,AU,2113,AU-1691,0433879619,northryde@anytimefitness.com.au,North Ryde
5696,51.78049,0.09563,"Unit 4, Mill Court",,Harlow,East of England,GB,CM20 2JA,UK-0038,01279 912349,harlow@anytimefitness.co.uk,Harlow
5697,43.01115,-83.06992,1847 Cedar St.,,Imlay City,Michigan,US,48444,2954,(810) 721-1988,ImlayCityMI@anytimefitness.com,Imlay City
5698,35.54181,139.51715,青葉区青葉台1-6-21 a・cube 2F,,横浜市,神奈川県,JP,〒227-0062,JP-1312,045-530-5107,af_aobadai303_info@anytimefitness.jp,横浜市 (青葉台店)
5699,38.93262,-121.08935,12130 New Airport Rd,,Auburn,California,US,95603,2174,(530) 887-1265,AuburnCA@anytimefitness.com,Auburn
5700,50.79264,-1.13517,131 Stoke Road,,Gosport,South East,GB,PO12 1SD,UK-0101,02393 162606,gosport@anytimefitness.co.uk,Gosport
5701,30.37255,-89.76484,64724 SR-41,,Pearl River,Louisiana,US,70452,1488,(985) 250-9416,PearlRiverLA@anytimefitness.com,Pearl River
5702,45.72892,-73.60062,103 - 1451 Avenue de la Gare,,Mascouche,Quebec,CA,J7K 3L7,9900078,450 474 9990,Mascouche@anytimefitness.quebec,Mascouche
5703,3.13042,101.72276,"V03A-02-03A, Sunway Visio Tower",,Maluri,Kuala Lumpur,MY,55100,MY-0058,+60 12-510 3400,SunwayVisio@anytimefitness.my,Sunway Visio
5704,32.74648,-94.94043,"1095 US-271 N,",,Gilmer,Texas,US,75644,2278,(903) 680-2595,GilmerTX@anytimefitness.com,Gilmer
5705,33.03389,-84.15346,816 College Dr,,Barnesville,Georgia,US,30204,3367,(678) 359-1800,BarnesvilleGA@anytimefitness.com,Barnesville
5706,44.168873,-93.969827,1400 Madison Ave,,Mankato,Minnesota,US,56001,45,(507) 388-7002,Mankato@anytimefitness.com,Mankato
5707,41.52167,-81.3557,8009 Mayfield Rd,,Chesterland,Ohio,US,44026,52,(440) 729-0480,ChesterlandOH@anytimefitness.com,Chesterland
5708,39.23276,-121.03833,562 Sutton Way,,Grass Valley,California,US,95945,4224,(530) 652-4680,GrassValleyCA@anytimefitness.com,Grass Valley
5709,33.31348,131.47844,大字鶴見字八川174-3 1-2F,,別府市,大分県,JP,〒874-0840,JP-2866,0977-84-7067,af_beppu1077_info@anytimefitness.jp,別府市 (別府やまなみ店)
5710,41.5513033,-87.2421978,7878 East Ridge Road,,Hobart,Indiana,US,46342,3168,(219) 945-3099,HobartIN@anytimefitness.com,Hobart
5711,41.48675,-81.76692,11517 Clifton Blvd,,Cleveland,Ohio,US,44102,1449,(216) 221-1712,ClevelandOH@anytimefitness.com,Cleveland (Clifton Blvd)
5712,36.30615,139.86833,大字結城11839-1 1F,,結城市,茨城県,JP,〒307-0001,JP-2581,0296-48-6695,af_yuki817_info@anytimefitness.jp,結城市 (ヨークタウン結城店)
5713,42.10075,-84.24866,250 S Main St,,Brooklyn,Michigan,US,49230,2736,(517) 592-3999,BrooklynMI@anytimefitness.com,Brooklyn
5714,1.28781,103.83607,"405 Havelock Road #02-02 Furama RiverFront,",,Havelock Outram,South East,SG,169633,SG-0133,,HavelockOutram@anytimefitness.sg,Havelock Outram
5715,39.1157,-84.43801,3537 Columbia Pkwy,,Mount Lookout,Ohio,US,45226,1973,(513) 871-2424,MountLookoutOH@anytimefitness.com,Mount Lookout (Cincinnati)
5716,-27.47544,153.01453,26 Manning St,,South Bank,Queensland,AU,4101,AU-1727,0431998065,southbank@anytimefitness.com.au,South Bank
5717,43.17705,-87.99535,6817 W Brown Deer Rd,,Milwaukee,Wisconsin,US,53223,1329,(414) 365-9100,MilwaukeeWI2@anytimefitness.com,Milwaukee (W. Brown Deer Rd)
5718,41.35951,-72.63613,492-508 Old Toll Rd,,Madison,Connecticut,US,06443,3916,(203) 421-2091,MadisonCT@anytimefitness.com,Madison
5719,34.25792,-118.59882,21525 Devonshire St,,Chatsworth,California,US,91311,3393,(818) 477-2323,ChatsworthCA@anytimefitness.com,Chatsworth
5720,35.00137,135.75803,下京区白楽天町530-1,,京都市,京都府,JP,〒600-8422,JP-1238,075-744-6443,af_shijokarasuma233_info@anytimefitness.jp,京都市 (四条烏丸店)
5721,51.47445,5.55273,Vincent van Goghplein 97,,Nuenen,Noord-Brabant,NL,5671 DV,NL-1092,+31 40 21 80 590,nuenen@anytimefitness.nl,Nuenen
5722,14.60418,121.03399,"3rd Floor Santolan Town Plaza, 276 Santolan Road Little Baguio",,San Juan,Metro Manila,PH,,PH-0125,,Santolan@anytimefitness.ph,San Juan
5723,53.25616,-113.54672,4809 43A Ave,,Leduc,Alberta,CA,T9E 8J6,3800,780-986-3307,LeducAB@anytimefitness.ca,Leduc
5724,36.870158,-76.296051,780 W. 20th St.,,Norfolk,Virginia,US,23517,3325,(757) 965-2348,NorfolkVA2@anytimefitness.com,Norfolk
5725,46.34334,-120.19556,121 Sunnyside Ave,,Granger,Washington,US,98932,4250,(509) 383-6111,GrangerWA@anytimefitness.com,Granger
5726,32.51066,-94.59268,702 W Main St,,Hallsville,Texas,US,75650,2665,(903) 668-3100,HallsvilleTX@anytimefitness.com,Hallsville
5727,14.63831,121.07429,Vista Residences - Ground Floor - 309 Katipunan Ave.,,Quezon City,Metro Manila,PH,1108,PH-0063,09308941792,VistaKatipunanAve@anytimefitness.ph,Vista Residences Katipunan Avenue
5728,14.23637,121.05715,"Level 2, Building B Solenad 3, Nuvali",,Sta Rosa,Laguna,PH,,PH-0018,049 2580772,nuvali@anytimefitness.ph,Sta Rosa (Nuvali City)
5729,51.5994,4.71641,Schoolstraat 11,,Prinsenbeek,Noord-Brabant,NL,4841 XC,NL-1223,+31 76 20 30 011,prinsenbeek@anytimefitness.nl,Prinsenbeek
5730,38.5019,-82.68188,372 Diederich Blvd,,Ashland,Kentucky,US,41101,3622,(606) 326-0033,AshlandKY@anytimefitness.com,Ashland
5731,43.44824,-79.68878,579 Kerr St,,Oakville,Ontario,CA,L6K 3E1,3703,905 338 0123,OakvilleON2@anytimefitness.ca,Oakville
5732,35.59481,139.50802,麻生区上麻生4-15-1 山口台ビル 1F,,川崎市,神奈川県,JP,〒215-0021,JP-2937,044-328-5228,af_shinyuri1148_info@anytimefitness.jp,川崎市 (新百合ヶ丘店)
5733,34.78645,135.62341,松屋町19-26,,寝屋川市,大阪府,JP,〒572-0086,JP-1252,072-800-3147,af_kourien241_info@anytimefitness.jp,寝屋川市 (香里園店)
5734,45.46128,-98.48795,321 S Main Street,,Aberdeen,South Dakota,US,57401,2376,(605) 262-5010,AberdeenSD@anytimefitness.com,Aberdeen
5735,32.48392,-97.37815,617 N Broadway St,,Joshua,Texas,US,76058,3554,(817) 426-8116,JoshuaTX@anytimefitness.com,Joshua
5736,46.283858,-96.62493,1651 Wheatland Rd,,Wahpeton,North Dakota,US,58075,4516,(701) 591-0192,WahpetonND@anytimefitness.com,Wahpeton
5737,1.38512,103.74565,309 Choa Chu Kang Avenue 4 #03-01,,Choa Chu Kang,North West,SG,680309,SG-0083,,ChoaChuKangCentre@anytimefitness.sg,Choa Chu Kang Centre
5738,45.818165,-92.970747,925 Main St S,,Pine City,Minnesota,US,55063,2829,(320) 629-8987,PineCityMN@anytimefitness.com,Pine City
5739,37.81647,-92.21909,1104 Historic Rte 66,,Waynesville,Missouri,US,65583,2571,(573) 774-4195,WaynesvilleMO@anytimefitness.com,Waynesville
5740,43.827422,-91.304084,136 Walnut St S,,La Crescent,Minnesota,US,55947,4657,507-895-4910,LaCrescentMN@anytimefitness.com,La Crescent
5741,-33.92713,151.12471,371 - 373 Homer Street,,Earlwood,New South Wales,AU,2207,AU-1224,0428 900 559,earlwood@anytimefitness.com.au,Earlwood
5742,42.26052,-84.42424,916-966 N West Ave,,Jackson,Michigan,US,49202,3105,(517) 743-4004,JacksonMI2@anytimefitness.com,Jackson
5743,52.26872,6.16466,Karel de Groteplein 24,,Deventer,Overijssel,NL,7415 DH,NL-1195,+31 57 020 01 00,deventer-keizerslanden@anytimefitness.nl,Deventer Keizerslanden
5744,53.16893,5.44319,Klipperstraat 2,,Harlingen,Friesland,NL,8862 ZX,NL-1129,+31 517 200 000,harlingen@anytimefitness.nl,Harlingen
5745,43.652594,-93.359975,410 Bridge Ave,,Albert Lea,Minnesota,US,56007,3,507-377-8451,AlbertLea@anytimefitness.com,Albert Lea
5746,34.72568,135.27722,東灘区田中町1-10-17 2F,,神戸市,兵庫県,JP,〒658-0081,JP-1278,078-940-1481,af_smotoyama281_info@anytimefitness.jp,神戸市 (摂津本山店)
5747,35.27304,-94.37061,11735 Old Hwy 71 S,,Fort Smith,Arkansas,US,72916,3655,(479) 668-0119,FortSmithAR@anytimefitness.com,Fort Smith
5748,34.94408,-82.25121,955 W. Wade Hampton Blvd.,,Greer,South Carolina,US,29650,1118,(864) 879-7972,GreerSC@anytimefitness.com,Greer
5749,-38.38271,142.5192,"Shop 1, Woolworths Shopping Centre",,Warrnambool,Victoria,AU,3280,AU-1204,0434623580,warrnambool@anytimefitness.com.au,Warrnambool
5750,45.787003,-108.619414,1736 Shiloh Rd,,Billings,Montana,US,59106,4750,(406) 371-7120,billingsmt4@anytimefitness.com,Billings
5751,52.4611,6.57097,Amaliaplein 10,,Vroomshoop,Overijssel,NL,7681 MG,NL-1164,+31 6 13 51 90 55,vroomshoop@anytimefitness.nl,Vroomshoop
5752,-27.66458,153.03843,"21-23 Grand Plaza Drive,",,Browns Plains,Queensland,AU,4118,AU-1345,0480 198 778,brownsplains@anytimefitness.com.au,Browns Plains
5753,34.6697,135.7995,柏木町421-1 柏木ビル 3F,,奈良市,奈良県,JP,〒630-8031,JP-1403,0742-93-6181,af_narak393_info@anytimefitness.jp,奈良市 (奈良柏木店)
5754,32.86024,-97.27621,5000 Western Center Blvd,,Haltom City,Texas,US,76137,3318,(817) 428-8400,HaltomCityTX@anytimefitness.com,Haltom City
5755,-27.44358,153.17312,89 Bay Terrace,,Wynnum,Queensland,AU,4178,AU-1609,0437006148,wynnum@anytimefitness.com.au,Wynnum
5756,43.58977,-116.26329,6573 Overland Rd,,Boise,Idaho,US,83709,436,(208) 273-5590,BoiseID@anytimefitness.com,Boise (Overland Rd)
5757,29.55634,-95.41501,12573 W Broadway St,,Pearland,Texas,US,77584,4404,832-736-3654,PearlandTX3@anytimefitness.com,Pearland
5758,,,,,Madrid,Madrid,ES,28001,SP-0110,+34685824296,direccion@ixcontract.com,Madrid
5759,40.583716,-105.076687,302 S College Ave,,Fort Collins,Colorado,US,80524,4660,(970) 295-4010,FortCollinsCO2@anytimefitness.com,Fort Collins (Old Town)
5760,1.32952,103.6822,"D’Arena, 511 Upper Jurong Road, Blk E #05",,d'Arena Jurong,South West,SG,638366,SG-0114,,d'Arena@anytimefitness.sg,d'Arena Jurong
5761,41.750818,-87.975656,7516 S. Cass Ave.,,Darien,Illinois,US,60561,5379,630-320-2333,DarienIL@anytimefitness.com,Darien
5762,34.39564,132.48854,東区曙1-8-9 KMビル 1F,,広島市,広島県,JP,〒732-0045,JP-1348,082-236-9023,af_hiroa338_info@anytimefitness.jp,広島市 (広島曙店)
5763,40.52934,-75.50542,1031 Chestnut St,,Emmaus,Pennsylvania,US,18049,3724,(610) 421-8805,EmmausPA@anytimefitness.com,Emmaus
5764,51.48962,0.06716,"Unit 1, Tesco Extra",,London,Greater London,GB,SE18 6QT,UK-0090,020 3745 5055,woolwich@anytimefitness.co.uk,London (Woolwich)
5765,47.714865,-104.15625,117 E Main St,,Sidney,Montana,US,59270,4789,(406) 433-2248,SidneyMT@anytimefitness.com,Sidney
5766,35.83273,139.38506,扇町屋1-5-34,,入間市,埼玉県,JP,〒358-0022,JP-3073,,af_iruma1308_info@anytimefitness.jp,入間市 (入間)
5767,35.122832,-118.468801,815 Tucker Rd,,Tehachapi,California,US,93561,4807,(661) 518-2220,TehachapiCA@anytimefitness.com,Tehachapi
5768,3.17879,101.68291,"H-01-02, First Floor, Block H, Rivercity, Jalan Sultan Azlan Shah, Jalan Ipoh, 51200 Kuala Lumpur, M",,Jalan Ipoh,Kuala Lumpur,MY,51200,MY-0077,,Rivercity@anytimefitness.my,Rivercity
5769,32.5423,-92.63188,1223 Goodwin Rd,,Ruston,Louisiana,US,71270,1237,(318) 255-1200,RustonLA@anytimefitness.com,Ruston
5770,48.00786,13.65191,Salzburgerstraße 10,,Vöcklabruck,Upper Austria,AT,4840,AT-0008,+43 7672 78 931,voecklabruck@anytimefitness.at,Vöcklabruck
5771,-34.86177,138.54785,"140 Hanson Road, Mansfield Park",,Mansfield Park,South Australia,AU,5012,AU-1187,08 8244 0908,kilkenny@anytimefitness.com.au,"Mansfield Park, SA"
5772,41.75131,-91.60843,650 Community Dr,,North Liberty,Iowa,US,52317,5154,319.459.1558,NorthLibertyIA@anytimefitness.com,North Liberty
5773,45.44276,-93.58621,12530 Fremont Ave,,Zimmerman,Minnesota,US,55398,267,(763) 856-0400,zimmermanmn@anytimefitness.com,Zimmerman
5774,30.11290373,-97.3376707,122 Hasler Shores Dr,,Bastrop,Texas,US,78602,1052,(512) 321-1005,BastropTX@anytimefitness.com,Bastrop
5775,41.56507,-74.19231,78 Oak St,,Walden,New York,US,12586,3452,(845) 713-5133,WaldenNY@anytimefitness.com,Walden
5776,30.29086,-91.23729,58010 Main St,,Plaquemine,Louisiana,US,70764,5252,(337) 371-1997,PlaquemineLA@anytimefitness.com,Plaquemine
5777,37.65307,126.9128,"25, Obuja-ro",,Goyang-si,경기,KR,10583,KR-0012,+82262132407,af_jichuk@medfit.ai,Goyang-si
5778,30.4817109,-97.9757195,20900 FM 1431,,Lago Vista,Texas,US,78645,4411,512-980-0510,LagoVistaTX@anytimefitness.com,Lago Vista
5779,34.98303,-78.93369,4230 Legion Rd,,Hope Mills,North Carolina,US,28348,4260,910-425-2590,HopeMillsNC@anytimefitness.com,Hope Mills
5780,51.64839,5.95142,Veerstraat 8a,,Boxmeer,Noord-Brabant,NL,5831 JN,NL-1207,+31 6 27 53 22 02,boxmeer@anytimefitness.nl,Boxmeer
5781,23.47915,120.43085,嘉義市西區興業西路121號,,"Chiayi City, West District",嘉義市,TW,,TW-0027,05 2842798,ChiayiJingguo@anytimefitness.tw,嘉義經國店(Chiayi Jingguo)
5782,14.19742,121.16249,2nd Floor D' Verde Commercial Center Brgy. Halang National Highway,,Calamba City,Laguna,PH,,PH-0065,0945-321-1806,Calamba@anytimefitness.ph,Calamba City
5783,49.2684221089,-123.1556746356,2211 West 4th Avenue,,Vancouver,British Columbia,CA,V6K 1N9,4867,604-336-5774,Kitsilano@anytimefitness.ca,Vancouver (Kitsilano)
5784,39.46928,-0.38652,"Doctor Sanchis Sivera, 16",,Abastos,Valencia,ES,46008,SP-0024,+34 675 932 949,abastos@anytimefitness.es,Abastos (Valencia)
5785,13.82386,100.41003,"Unit 5045PG617, 1st floor, Lotus's Bangyai, 90 #5 Thanon Kanchanaphisek, Bang Khu Wiang, Bang Kruai",,Bang Kruai,Nonthaburi,TH,11130,TH-0019,,LotusBangyai@anytimefitness.co.th,Lotus Bangyai
5786,35.44017,139.63455,中区長者町3-8-13　TK関内プラザ 1F,,横浜市,神奈川県,JP,〒231-0033,JP-1097,045-264-9782,afkannai98_info@anytimefitness.jp,横浜市 (関内店)
5787,39.72464,-91.39576,501 Huck Finn Shopping Center,,Hannibal,Missouri,US,63401,5045,(573) 719-3299,HannibalMO2@anytimefitness.com,Hannibal
5788,28.59808,77.34555,"Moolchand Tower, KH-587, 3rd Floor, Block - I, Sector 22",,Noida,Uttar Pradesh,IN,201301,IN-1146,"+919355194600, +919355194700",22.noida@anytimefitness.in,"Uttar Pradesh, Noida Sector 22"
5789,31.065874,-98.17152,1009 East 4th St,,Lampasas,Texas,US,76550,5440,737.299.7779,LampasasTX@anytimefitness.com,Lampasas
5790,1.39698,103.62811,"FF-04, Sunway Big Box, Sunway Iskandar, 5, Persiaran Medini, Nusajaya,",,Sunway Big Box,Johor,MY,79250,MY-0043,,SunwayBigBox@anytimefitness.my,Sunway Big Box (Medini24 Fitness Sdn Bhd 1355051-M)
5791,41.96789,-71.64348,1452 Broncos Hwy,,Burrillville,Rhode Island,US,02830,4168,(401) 371-2877,BurrillvilleRI@anytimefitness.com,Burrillville
5792,41.91101,12.52873,Via Lorenzo il Magnifico 156,,Roma,Roma,IT,00162,IT-0035,+393290850770,romamagnifico@anytimefitness.it,Roma (Magnifico)
5793,45.165873,-93.264637,10731 University Ave NE,,Blaine,Minnesota,US,55434,3547,(763) 401-6500,BlaineMN@anytimefitness.com,Blaine
5794,51.1146,-0.19237,Pegler Court,,Crawley,South East,GB,RH11 7GU,UK-0030,01293 220190,crawley@anytimefitness.co.uk,Crawley
5795,47.71646,-117.4382,1804 W Francis Ave,,Spokane,Washington,US,99205,505,(509) 624-4444,SpokaneWA@anytimefitness.com,Spokane
5796,10.70802,122.55242,"Units A305-A311 Greenfield Complex, No. 88 Benigno Aquino Avenue, Diversion Road Mandurriao",,Iloilo City,Iloilo,PH,,PH-0096,,Iloilo@anytimefitness.ph,Iloilo City
5797,41.9043,-88.4713,140 IL Route 38,,Elburn,Illinois,US,60119,5391,630-448-8688,ElburnIL@anytimefitness.com,Elburn
5798,-31.90091,115.90099,"Unit 2, 140 Russell Street",,Morley,Western Australia,AU,6062,AU-1412,08 9375 9092,Morley@anytimefitness.com.au,Morley
5799,51.54869,-0.00326,"Prospect East, 156-158 Leyton Road",,London (Stratford East),Greater London,GB,E15 1DR,UK-0393,0208 519 2296,stratfordeast@anytimefitness.co.uk,London (Stratford East)
5800,42.169753,-71.750181,64 Worcester-Providence Turnpike,,Sutton,Massachusetts,US,01509,5307,(508) 762-1241,SuttonMA@anytimefitness.com,Sutton
5801,26.89162,75.773,"7th Floor, The Elysian",,Jaipur,Rajasthan,IN,302019,IN-1208,+91 9057403335 +91 9057403336,Shyamnagar.jaipur@anytimefitness.in,"Rajasthan, Jaipur, Shyam Nagar"
5802,32.822506,-117.102617,10601 Tierrasanta Blvd,,San Diego,California,US,92124,4742,619-704-7999,SanDiegoCA@anytimefitness.com,San Diego
5803,42.46201,-92.33318,1150 Flammang Dr.,,Waterloo,Iowa,US,50702,419,(319) 232-4200,Waterloo@anytimefitness.com,Waterloo
5804,37.937417,-91.753994,1216 Highway 72,,Rolla,Missouri,US,65401,2396,573-426-5299,RollaMO@anytimefitness.com,Rolla
5805,30.40005,-90.10919,4624 SR-22,,Mandeville,Louisiana,US,70471,624,(985) 845-1511,MandevilleLA2@anytimefitness.com,Mandeville (4624 SR-22)
5806,40.16136,-111.59832,665 E 400 S,,Springville,Utah,US,84663,1203,(801) 491-9977,SpringvilleUT@anytimefitness.com,Springville
5807,44.28089,-85.39717,2101 Plett Rd,,Cadillac,Michigan,US,49601,798,(231) 846-2027,CadillacMI@anytimefitness.com,Cadillac
5808,36.20497,-121.13204,510 Canal St,,King City,California,US,93930,4931,(831) 387-7770,KingCityCA@anytimefitness.com,King City
5809,35.5053,-98.98526,2013 Jaycee Ln,,Clinton,Oklahoma,US,73601,4239,(580) 547-4038,ClintonOK@anytimefitness.com,Clinton
5810,42.78162,-96.1835,983 Hawkeye Ave SW,,Le Mars,Iowa,US,51031,2355,(712) 548-4445,LeMarsIA@anytimefitness.com,Le Mars
5811,44.004751,-97.114179,105 South Egan Ave,,Madison,South Dakota,US,57042,4886,605-427-0856 ,MadisonSD@anytimefitness.com,Madison
5812,29.68319,-91.26317,1201 Hwy 90 E,,Morgan City,Louisiana,US,70380,2170,(985) 221-6021,BayouVistaLA@anytimefitness.com,Morgan City
5813,32.76413,-96.58416,1200 E Davis St,,Mesquite,Texas,US,75149,1148,(972) 203-5858,mesquitetx@anytimefitness.com,Mesquite
5814,43.85289,-79.52096,2535 Major MacKenzie Dr,,Maple,Ontario,CA,L6A 1C6,1825,(905) 417-2442,MapleON@anytimefitness.ca,Maple
5815,41.55856,-84.13314,830 N Shoop Ave,,Wauseon,Ohio,US,43567,3750,(567) 806-0201,WauseonOH@anytimefitness.com,Wauseon
5816,51.46739,-0.06601,190 Rye Lane,,Peckham,Greater London,GB,SE15 4NF,UK-0392,020 3089 0389,peckham@anytimefitness.co.uk,Peckham
5817,30.72557,-90.50968,114 W Chestnut St,,Amite,Louisiana,US,70422,338,(985) 747-2202,AmiteLA@anytimefitness.com,Amite
5818,28.55239,-81.51968,9679 W. Colonial Dr,,Ocoee,Florida,US,34761,4248,407-664-1121,OcoeeFL@anytimefitness.com,Ocoee
5819,45.52507,10.22339,Via Cremona 139/B,,Brescia,Brescia,IT,25124,IT-0061,3757428879,brescia@anytimefitness.it,Brescia
5820,27.53488,-81.81021,1030 S 6th Ave,,Wauchula,Florida,US,33873,4531,(863) 767-1555,WauchulaFL@anytimefitness.com,Wauchula
5821,35.77977,139.72441,赤羽2丁目11-３,,北区,東京都,JP,〒115-0045,JP-3063,03-5939-6233,af_akabanehigashiguchi1273_info@anytimefitness.jp,北区 (赤羽駅東口)
5822,42.89952,-97.39979,2509 Fox Run Pkwy,,Yankton,South Dakota,US,57078,305,(605) 260-0360,Yankton@anytimefitness.com,Yankton
5823,39.16211,-86.49652,2894 E 3rd St,,Bloomington,Indiana,US,47401,2822,(812) 334-7979,BloomingtonIN@anytimefitness.com,Bloomington
5824,38.85967,-94.66834,14820 Metcalf Ave,,Overland Park,Kansas,US,66223,4279,(913) 222-8082,OverlandParkKS@anytimefitness.com,Overland Park
5825,49.78041,-112.149967,4926 46 Ave,,Taber,Alberta,CA,T1G 2A4,4946,403-416-8060,TaberAB@anytimefitness.ca,Taber
5826,49.47248,-2.54175,Rock House,,St Sampson,South West,GB,GY2 4BB,UK-0443,01481 722 247,stsampson@anytimefitness.co.uk,St Sampson
5827,33.49988,-101.94074,10208 Frankford Ave,,Lubbock,Texas,US,79424,3444,806-784-2205,LubbockTX@anytimefitness.com,Lubbock
5828,-38.3077,145.19047,77 High Street,,Hastings,Victoria,AU,3915,AU-1429,03 5979 8237,hastings@anytimefitness.com.au,Hastings
5829,-33.95453,151.20395,1356 Botany Road,,Botany,New South Wales,AU,2019,AU-1394,0448 622 808,botany@anytimefitness.com.au,Botany
5830,44.77234,-91.4644,2532 Golf Rd,,Eau Claire,Wisconsin,US,54701,2850,(715) 831-8600,EauClaireWI3@anytimefitness.com,Eau Claire (Golf Rd)
5831,1.34757,103.71289,"221 Boon Lay Place, #03-106,  Boon Lay",,Singapore,South West,SG,640221,SG-0063,+65 8399 7850,Boon.Lay@anytimefitness.sg,Boon Lay
5832,42.01255,-70.72993,187 Summer St,,Kingston,Massachusetts,US,02364,1773,(781) 585-0444,KingstonMA@anytimefitness.com,Kingston
5833,32.696003,-100.919781,4511 College Ave,,Snyder ,Texas,US,79549,4593,325-515-0440,SnyderTX@anytimefitness.com,Snyder 
5834,51.32011,-0.55571,51-57 Chertsey Road,,Woking,South East,GB,GU21 5AJ,UK-0261,01483 912247,woking@anytimefitness.co.uk,Woking
5835,39.25599,-94.45094,888 Haines Dr,,Liberty,Missouri,US,64068,206,(816) 781-0017,Liberty@anytimefitness.com,Liberty
5836,14.5655,121.02755,"Century City Mall, Kalayaan Ave., Cor. Salamanca St. Brgy Poblacion",,Makati,Metro Manila,PH,1210,PH-0151,,CenturyCityMall@anytimefitness.ph,"Century City Mall, Makati"
5837,38.456329,-85.672137,1107 Market St,,Charlestown,Indiana,US,47111,1842,(812) 256-8463,CharlestownIN@anytimefitness.com,Charlestown
5838,39.15003,-123.19765,175 S. Orchard Ave.,,Ukiah,California,US,95482,1779,(707) 468-9999,UkiahCA@anytimefitness.com,Ukiah
5839,51.76001,-1.21105,116-120 London Road,,Headington (Oxford),South East,GB,OX3 9AX,UK-0248,01865 760 148,headington@anytimefitness.co.uk,Headington (Oxford)
5840,42.82869,-86.13536,977 Butternut Dr,,Holland,Michigan,US,49424,1246,(616) 796-8700,HollandMI1@anytimefitness.com,Holland
